age;job;marital;education;default;housing;loan;contact;month;day_of_week;duration;campaign;pdays;previous;poutcome;emp.var.rate;cons.price.idx;cons.conf.idx;euribor3m;nr.employed;y
28;blue-collar;single;basic.6y;no;yes;no;cellular;may;wed;495;1;999;0;nonexistent;-0.1;94.19753324815376;-38.77142944982298;2.554449031869913;5099;no
47;technician;married;basic.6y;no;no;no;cellular;may;thu;82;3;999;0;success;-1.7;93.41527979102025;-46.54885902468879;3.3266879617582146;5099;yes
43;management;single;basic.6y;no;yes;no;cellular;may;mon;112;2;20;1;nonexistent;-1.7;93.26881845843289;-37.764130055356475;2.927156799500856;5228;no
31;blue-collar;single;university.degree;no;yes;no;telephone;aug;fri;268;2;999;0;nonexistent;1.4;92.56968545919219;-39.644722862061606;4.8140111217605694;5099;no
56;management;married;university.degree;no;yes;no;cellular;jul;wed;74;1;999;0;nonexistent;1.1;93.52331759571135;-34.78954296221389;2.097649800072543;5176;no
53;admin.;married;university.degree;no;yes;no;cellular;jul;thu;180;2;999;0;failure;-1.8;93.85516130057368;-49.05018154598851;2.470553708949259;5099;no
28;admin.;single;basic.9y;unknown;yes;yes;cellular;may;wed;202;4;999;0;nonexistent;-1.8;92.60923959421444;-39.130845733048155;5.1;5017;no
26;admin.;married;high.school;no;yes;unknown;cellular;may;wed;168;4;999;0;nonexistent;-0.1;93.09742792183994;-43.626568665816635;2.6986492349997446;5176;no
43;blue-collar;married;basic.4y;no;yes;yes;cellular;jul;mon;29;2;999;0;failure;-0.1;93.03162920551166;-34.105448205219794;4.43188256390147;5017;no
62;blue-collar;married;basic.9y;no;yes;no;cellular;jun;fri;319;1;999;0;nonexistent;-1.7;93.63971564157937;-42.940289782364886;3.022069731531939;5099;no
31;management;single;illiterate;no;no;no;cellular;may;thu;79;1;999;0;nonexistent;1.4;93.74656191667465;-43.9312147623677;2.380859509514482;5228;no
47;unknown;divorced;basic.4y;no;yes;no;cellular;may;tue;799;5;13;1;nonexistent;-1.8;94.44670388550786;-39.99992725884675;3.5;5017;yes
35;retired;married;basic.9y;unknown;yes;yes;telephone;may;thu;330;3;999;0;nonexistent;1.1;93.52247376880483;-42.76320717374595;0.6;5191;no
46;retired;married;basic.4y;unknown;yes;no;cellular;oct;thu;9;4;999;0;nonexistent;1.4;93.92346498361013;-39.366731500437204;5.1;5176;no
19;unknown;married;university.degree;no;yes;no;cellular;nov;wed;30;2;16;2;nonexistent;1.4;93.43977035049646;-35.772339949714734;5.1;5195;no
31;blue-collar;single;basic.4y;unknown;no;no;telephone;may;fri;487;3;999;0;nonexistent;-1.7;93.2980023440391;-43.19892532957104;3.6813753793182378;5176;no
42;student;married;professional.course;no;no;no;cellular;may;mon;60;5;18;1;nonexistent;1.1;93.30139230784842;-36.03529428950138;1.6526957429052542;5099;no
43;technician;married;high.school;no;no;no;cellular;may;wed;436;5;999;0;nonexistent;-1.8;93.73909582850551;-39.16601665564548;1.407691406670268;5099;no
19;services;married;professional.course;no;yes;no;telephone;jul;wed;145;7;999;0;nonexistent;-0.1;93.31465446947995;-37.289469226900785;2.466748800777152;5191;no
31;admin.;married;basic.9y;no;no;yes;cellular;may;fri;11;1;999;0;nonexistent;-1.7;92.77221120372467;-41.54877767421317;4.466311383490993;5191;no
33;blue-collar;divorced;university.degree;no;yes;no;cellular;may;wed;225;2;999;0;nonexistent;1.4;93.52104359642722;-38.27189619111681;5.055315891210591;5076;no
46;student;single;unknown;no;yes;no;telephone;jul;mon;788;3;16;1;nonexistent;-1.7;93.63472559245642;-40.277305718689796;1.4224986182485329;5195;no
38;housemaid;single;university.degree;unknown;yes;no;telephone;jul;thu;44;3;999;0;failure;1.1;93.43364992860447;-37.971944755104516;2.8181924072488735;5176;no
44;blue-collar;single;basic.9y;no;yes;no;telephone;may;mon;67;3;999;0;nonexistent;1.1;93.45512553056592;-37.210048802608846;2.0862919814554224;5195;no
53;technician;single;basic.4y;no;yes;no;cellular;apr;mon;153;3;999;0;nonexistent;1.4;93.66214957810324;-38.9226889352863;2.4779147501204597;5228;no
38;entrepreneur;married;university.degree;no;no;no;telephone;may;thu;125;5;999;0;nonexistent;1.1;93.2828111123859;-34.46406295247463;2.7967462282664934;5099;no
46;blue-collar;single;university.degree;no;yes;no;cellular;apr;tue;121;1;999;0;nonexistent;-0.1;93.69233741550137;-45.84028848926179;4.479834213223703;5228;no
49;admin.;divorced;basic.9y;no;yes;no;telephone;may;tue;109;2;999;0;nonexistent;-1.7;93.59187007184322;-46.774463762586755;3.5;5176;no
36;admin.;married;high.school;no;yes;no;cellular;may;tue;535;1;999;0;nonexistent;-0.1;93.62284440126984;-39.234430426787995;4.692844542904941;5099;no
35;admin.;single;professional.course;no;yes;no;cellular;apr;wed;253;4;999;0;failure;1.1;93.98986751956402;-51.12546294170632;0.8323675580538367;5017;no
47;self-employed;divorced;high.school;no;no;yes;cellular;aug;fri;108;5;999;0;nonexistent;1.1;93.72993026476956;-44.33196964380477;4.583141792935287;5228;no
44;technician;married;unknown;unknown;yes;no;telephone;may;wed;572;3;27;1;nonexistent;1.1;92.55003206727234;-34.249789468228855;4.253844243727482;5191;no
51;technician;single;university.degree;no;no;no;telephone;aug;wed;209;4;999;0;nonexistent;-1.8;93.85417084171516;-44.528260597027916;0.6;5191;no
44;admin.;married;basic.9y;no;no;yes;cellular;mar;mon;206;2;4;1;success;1.1;94.11680978102717;-34.97226338219294;1.2471496226900405;5017;yes
37;blue-collar;single;university.degree;no;no;yes;telephone;nov;tue;36;4;0;2;success;1.1;94.12007591911772;-32.5283733217335;1.704526923277819;4963;yes
42;unknown;married;high.school;no;no;no;telephone;may;mon;196;4;999;0;nonexistent;1.4;94.19276365091508;-36.60847169765715;0.9830014096741159;5195;no
34;technician;married;university.degree;no;yes;no;telephone;may;wed;369;5;999;0;nonexistent;1.1;93.69253988085283;-36.36513412821747;4.000045126990745;5176;no
19;admin.;single;high.school;unknown;no;yes;telephone;nov;wed;316;2;999;0;nonexistent;-0.1;93.57679333195001;-48.94043724892839;3.6655100802935756;5191;no
48;blue-collar;single;basic.9y;no;yes;no;telephone;may;thu;80;1;4;1;nonexistent;-0.1;93.25337278055336;-40.070878940676565;3.749426891577933;5195;no
28;admin.;divorced;professional.course;no;yes;no;cellular;aug;mon;164;3;999;0;nonexistent;-1.7;92.78785326265334;-41.428663475328385;4.8526194827082865;5176;no
43;services;single;university.degree;no;no;no;cellular;aug;mon;30;2;999;0;nonexistent;-1.7;93.69573273157637;-42.23347718848391;4.772705967708855;5195;no
40;blue-collar;single;basic.4y;no;no;no;telephone;may;wed;138;2;28;3;nonexistent;1.1;93.4683847789744;-36.430748079385;4.195309197342953;5076;no
42;admin.;divorced;high.school;no;no;no;cellular;aug;mon;47;4;999;0;nonexistent;-1.7;93.06637085388216;-36.51270294804951;1.9156079104866421;5099;no
27;entrepreneur;married;university.degree;no;unknown;no;telephone;aug;fri;245;1;999;0;nonexistent;1.1;93.91264780639122;-42.998669194220206;1.427567008201299;5017;yes
25;technician;single;basic.6y;no;no;yes;cellular;jun;tue;1033;2;999;0;nonexistent;-1.8;93.12753731436274;-43.912366945972984;4.070132651179029;5191;no
39;technician;married;university.degree;unknown;no;yes;telephone;apr;wed;95;2;999;0;nonexistent;1.4;93.78199996123112;-46.321347310764374;2.972908206564635;5191;no
41;retired;single;illiterate;no;no;no;cellular;may;fri;56;4;0;2;nonexistent;-1.7;93.49413262241528;-37.29513635582815;0.9391283988991084;5195;no
43;technician;single;basic.9y;no;yes;no;telephone;aug;fri;1195;4;999;0;nonexistent;-0.1;94.14061336976712;-42.80539735322841;4.33573169680158;5228;no
33;admin.;married;basic.4y;no;yes;yes;telephone;aug;thu;13;3;999;0;nonexistent;-0.1;94.34302289356204;-39.17947801516922;4.217778770960474;5195;no
28;blue-collar;single;university.degree;no;no;yes;cellular;aug;tue;8;5;999;0;nonexistent;-0.1;93.85558765481674;-43.19369323547809;3.8271615839922277;5099;no
47;technician;married;basic.9y;no;yes;no;cellular;jul;fri;38;2;9;1;success;-0.1;93.03865102088203;-41.40329066640484;3.2146927861939343;5176;yes
58;admin.;single;university.degree;unknown;no;no;cellular;mar;fri;637;2;25;2;nonexistent;1.4;93.37310839980842;-38.50150101998281;4.478797001942801;5076;no
45;blue-collar;married;high.school;no;yes;no;cellular;jun;thu;697;1;999;0;failure;-1.7;93.78194910194316;-33.53486124178529;0.6;5076;yes
49;technician;married;university.degree;unknown;no;unknown;telephone;jun;thu;590;4;999;0;failure;-1.8;93.3520408026537;-43.768184732447;2.931271186346449;5099;yes
21;housemaid;single;high.school;no;yes;no;telephone;jun;fri;381;3;999;0;nonexistent;-0.1;94.06636274884438;-43.825884726668264;5.054343281504061;5008;no
48;management;married;professional.course;no;no;no;telephone;may;tue;104;6;999;0;nonexistent;-1.7;93.44230683707268;-42.438620317396804;2.046450169119236;5008;yes
34;technician;married;basic.4y;unknown;yes;yes;telephone;may;wed;643;3;27;1;nonexistent;-1.7;93.75861711593076;-38.89027839170635;0.7170639663824245;5195;no
37;admin.;married;basic.9y;unknown;yes;no;cellular;may;mon;920;4;999;0;nonexistent;-1.8;93.82952471988101;-37.77521885014001;2.074580803908802;5195;no
53;admin.;single;professional.course;no;no;no;cellular;jul;mon;19;1;999;0;nonexistent;1.1;93.78980056889613;-40.44140057043915;1.2001729649494144;5099;no
35;management;married;university.degree;no;yes;no;cellular;jul;fri;21;1;8;1;nonexistent;-1.7;93.08561395930442;-40.1414797891948;4.00703703721947;5195;no
46;housemaid;single;university.degree;no;no;no;cellular;may;wed;153;1;999;0;nonexistent;-1.8;94.24494139926175;-48.839605821275256;3.705203451956528;5191;no
36;admin.;married;basic.6y;no;yes;no;cellular;jul;thu;273;3;999;0;nonexistent;1.1;93.58760858523972;-42.192324205266885;4.803388222851428;5099;no
23;services;married;university.degree;no;no;no;cellular;jun;mon;82;3;999;0;nonexistent;1.1;93.36791265009947;-41.26102866438038;4.771888027333822;5099;no
47;management;married;illiterate;no;no;no;cellular;may;fri;686;4;999;0;failure;-0.1;92.7602925966369;-39.986894201790264;4.54945977375391;5076;no
40;technician;married;basic.4y;no;yes;no;telephone;may;tue;616;2;999;0;nonexistent;1.1;92.76548258112247;-49.67883118805349;1.3177909690301037;5017;no
41;blue-collar;married;professional.course;no;yes;no;telephone;oct;wed;29;3;999;0;nonexistent;-0.1;93.1973840285771;-36.278993902273896;3.382161188772926;5176;no
43;services;married;professional.course;no;no;no;telephone;may;thu;112;2;999;0;nonexistent;1.1;93.1838234483048;-44.610079078925054;2.0204740959709944;5228;no
54;blue-collar;married;high.school;no;yes;no;cellular;oct;mon;204;3;11;2;nonexistent;-1.8;92.86457809261631;-36.39927850397919;4.259833810548645;5191;no
40;blue-collar;single;professional.course;unknown;no;no;cellular;jun;wed;321;2;999;0;nonexistent;1.1;93.23713438290082;-38.200025044573785;3.702398384617668;5176;no
18;admin.;married;high.school;no;yes;no;telephone;aug;wed;206;1;999;0;nonexistent;1.4;93.99870334596595;-44.10901953038281;4.781735377362834;5176;yes
54;technician;married;high.school;no;no;no;cellular;nov;tue;162;2;999;0;nonexistent;-0.1;93.69041408181145;-45.744053478206745;3.782239321494644;5195;no
42;admin.;married;professional.course;no;yes;no;cellular;may;wed;355;3;999;0;nonexistent;-0.1;92.91105235370236;-35.199204787737585;2.3906080516817116;5191;no
30;blue-collar;divorced;high.school;no;yes;no;telephone;may;tue;186;4;999;0;nonexistent;-0.1;94.01664174112501;-38.67674927214351;1.5967247320688438;5099;no
48;admin.;married;professional.course;no;yes;no;telephone;may;mon;157;5;999;0;nonexistent;1.1;94.00582575299053;-43.029355065357855;5.1;5195;no
26;unemployed;divorced;university.degree;no;yes;no;cellular;jun;fri;30;2;999;0;nonexistent;-0.1;92.72502593136436;-45.43881119862414;5.1;5228;no
18;admin.;single;university.degree;no;no;no;cellular;may;tue;391;6;21;3;nonexistent;-1.7;94.19432262249414;-40.78363679957622;0.6;4963;no
50;blue-collar;single;basic.6y;no;yes;no;telephone;may;fri;251;4;9;1;nonexistent;-0.1;93.82677221236924;-34.01383497067499;5.1;5099;no
51;technician;married;basic.9y;no;no;no;cellular;may;fri;52;3;999;0;nonexistent;-1.7;94.01034694950411;-42.194777363222585;3.8796575515931147;5176;no
51;blue-collar;married;high.school;no;no;no;cellular;may;wed;557;1;999;0;nonexistent;-1.8;93.01422570635556;-38.67164627661783;5.010629198585076;5191;no
35;services;single;basic.9y;no;no;no;telephone;may;thu;118;2;999;0;nonexistent;-0.1;93.3354779321798;-43.887697337488895;4.0592173348345835;5076;no
36;admin.;single;high.school;no;yes;no;telephone;jul;tue;72;1;999;0;nonexistent;1.1;93.25844812106915;-40.2521874719631;1.6478663106872742;5176;no
35;housemaid;single;university.degree;no;yes;no;cellular;nov;tue;36;3;999;0;nonexistent;-0.1;93.14390531151636;-41.5426401708518;2.4524311874982296;5191;no
25;blue-collar;single;basic.4y;no;no;no;cellular;jun;thu;50;3;999;0;nonexistent;1.4;93.16582412783531;-43.07359481454166;3.985029243143512;5191;no
36;blue-collar;married;professional.course;unknown;yes;no;telephone;jun;tue;321;1;999;0;nonexistent;1.4;93.04131085337566;-44.752238808853406;4.423250006948234;4963;no
36;technician;married;professional.course;no;yes;no;cellular;may;fri;115;1;22;1;nonexistent;1.1;93.80593474068762;-45.9634154855848;5.1;5076;no
28;services;married;basic.4y;no;no;no;telephone;aug;thu;440;4;999;0;nonexistent;-1.8;93.59493401710198;-34.89931780815986;2.491755624051394;5191;no
54;admin.;single;professional.course;no;yes;no;cellular;jul;mon;47;2;999;0;failure;1.1;94.05234230952115;-36.6820554337281;1.489322828184015;5191;no
32;blue-collar;married;high.school;unknown;no;no;cellular;mar;thu;23;3;999;0;nonexistent;1.4;92.29850512268214;-43.90739518054305;3.8368467622227787;5099;no
55;technician;married;university.degree;unknown;yes;no;telephone;may;mon;1;5;999;0;nonexistent;1.4;93.70132466157654;-31.282961655631823;3.930176824374844;5176;no
49;technician;divorced;university.degree;unknown;yes;no;telephone;may;fri;127;1;19;1;nonexistent;1.4;93.19558339266904;-37.12519799935209;5.043228546022869;5017;no
42;admin.;single;university.degree;no;yes;no;cellular;may;wed;1148;3;999;0;nonexistent;1.1;93.26256202419421;-45.63749222641736;2.2282604122645826;4963;no
26;management;single;high.school;no;no;no;cellular;aug;fri;213;2;999;0;nonexistent;1.1;93.3580034820497;-42.71263326296573;4.210387063122333;5228;no
47;blue-collar;divorced;university.degree;no;yes;no;cellular;aug;thu;66;3;999;0;nonexistent;1.1;94.68054511662928;-42.79994128658606;3.880030920355308;5195;no
60;admin.;single;university.degree;unknown;no;no;cellular;may;thu;483;3;999;0;nonexistent;-0.1;93.1334983480065;-38.83815540950681;0.6;5099;no
33;retired;married;basic.4y;no;yes;yes;telephone;aug;wed;273;3;999;0;nonexistent;-0.1;93.79125388153142;-43.102422406779276;3.777402964016144;5099;no
44;admin.;married;basic.9y;no;yes;yes;cellular;jul;tue;282;1;999;0;nonexistent;1.4;94.38908278213579;-38.879679711979676;4.6132679756560755;5176;no
36;admin.;married;unknown;no;yes;no;cellular;aug;tue;305;3;0;2;nonexistent;1.1;92.89981815413839;-36.72056004786073;4.937213575467755;5191;no
22;management;single;basic.6y;unknown;no;no;cellular;may;wed;64;1;999;0;nonexistent;-0.1;93.47414769115413;-41.90228864395287;3.005923204695672;5008;no
40;technician;married;high.school;no;yes;no;telephone;aug;tue;1414;1;999;0;nonexistent;-0.1;92.84342086890781;-47.27819716246138;4.088503753380879;5195;no
37;technician;married;basic.9y;no;no;no;cellular;apr;thu;46;1;999;0;nonexistent;-0.1;93.1168181005487;-31.55975207739459;3.85469085273125;5099;no
27;technician;married;basic.6y;no;no;no;cellular;may;mon;113;2;999;0;nonexistent;-1.7;93.73012537740262;-36.99521742350988;4.957034597463676;5099;no
49;unemployed;single;professional.course;unknown;no;no;cellular;may;tue;99;1;999;0;nonexistent;1.4;93.47518215099342;-42.56295205381175;0.6;5195;no
32;admin.;married;basic.9y;unknown;no;no;cellular;nov;tue;861;3;999;0;nonexistent;1.1;92.66871023010293;-37.807624986519734;0.630494154724516;5176;no
33;blue-collar;married;basic.9y;no;yes;no;cellular;nov;tue;34;1;999;0;nonexistent;-0.1;93.78004015926635;-30.875519142932983;3.362073559667159;5008;no
46;student;married;basic.9y;unknown;yes;no;cellular;may;mon;99;4;999;0;success;-1.7;94.39725639185278;-43.45894668553838;0.6;5191;yes
28;blue-collar;married;university.degree;unknown;no;yes;cellular;nov;wed;830;1;999;0;nonexistent;-0.1;93.78306898680731;-44.394606943547174;4.145877778720975;5176;no
47;admin.;married;university.degree;no;yes;yes;cellular;jun;fri;270;2;999;0;nonexistent;-1.8;93.24801560864766;-37.18816032125098;1.3386575779911114;5008;no
41;technician;married;university.degree;no;yes;no;cellular;nov;fri;63;3;999;0;nonexistent;-1.7;92.99964617198202;-45.19825628356601;2.9740956808240613;5228;no
42;management;married;basic.9y;no;yes;no;cellular;apr;wed;50;2;999;0;nonexistent;1.1;93.52691431112626;-44.5787381962593;4.550106744058382;5195;no
52;admin.;married;basic.6y;no;yes;yes;cellular;jul;tue;44;1;999;0;nonexistent;-0.1;92.97081229870696;-38.44720045484176;3.1793550457875854;5099;no
35;admin.;divorced;high.school;no;no;no;cellular;nov;wed;315;1;999;0;nonexistent;1.1;94.11886312783069;-39.53298624026011;1.7850292386482411;5195;no
30;admin.;married;basic.4y;no;no;no;cellular;jun;mon;520;3;11;1;nonexistent;-0.1;93.38972295717215;-45.25720614193293;3.450343772512536;4963;no
18;blue-collar;single;university.degree;no;yes;no;cellular;aug;fri;167;2;999;0;success;-1.7;92.69657316745118;-34.91229532170876;1.7338020876610154;5191;yes
32;self-employed;single;professional.course;no;yes;no;cellular;oct;wed;220;1;999;0;nonexistent;-1.8;93.26340362243558;-47.14215464970179;4.327289572928245;5099;no
38;admin.;married;university.degree;unknown;yes;no;telephone;jun;fri;205;7;999;0;nonexistent;1.4;93.19955292364881;-43.41282291188217;3.6164978086105237;5228;no
34;blue-collar;married;basic.4y;no;yes;yes;cellular;aug;fri;62;2;999;0;failure;-1.7;93.90211482137225;-40.6619622344592;2.408138375537625;5195;no
43;self-employed;married;high.school;no;no;no;cellular;aug;wed;72;5;999;0;failure;-1.8;93.72310231705455;-38.30282152597247;0.6;5099;no
27;housemaid;married;high.school;no;no;no;telephone;aug;tue;205;1;999;0;nonexistent;1.1;93.56892901539481;-39.364327898357764;3.597408007918194;5191;no
35;admin.;married;basic.6y;no;yes;no;cellular;apr;mon;165;2;999;0;success;-1.7;93.17466239738829;-43.471354245887;4.293230742093154;5099;yes
46;technician;married;high.school;no;no;no;cellular;may;fri;378;1;999;0;nonexistent;1.1;92.64659586535824;-42.68974000390574;2.3045853224485904;5176;no
49;blue-collar;married;basic.4y;no;no;no;cellular;jun;fri;30;3;999;0;nonexistent;1.1;94.18684408452451;-42.01926738919277;1.4330962521288622;5176;no
55;admin.;single;professional.course;no;yes;no;telephone;may;thu;86;3;20;1;nonexistent;-1.8;93.49913640640563;-37.019104652502435;1.3687796461918897;4963;yes
34;technician;single;university.degree;no;yes;no;cellular;may;tue;16;4;999;0;nonexistent;-1.7;94.25068847412622;-45.17565253816531;3.763053589818302;5191;no
27;management;single;university.degree;no;no;no;cellular;jun;mon;319;3;999;0;nonexistent;1.1;93.67844179500968;-42.274403823736996;3.824924276526003;5176;no
48;admin.;married;basic.4y;unknown;no;no;cellular;aug;fri;345;3;999;0;nonexistent;1.1;93.00593744530202;-43.28546970851988;2.8673621577968884;5195;no
40;blue-collar;married;high.school;no;yes;no;telephone;apr;tue;44;3;999;0;nonexistent;-0.1;93.75323510633486;-31.537673955722653;4.043852839120564;5228;no
34;technician;married;university.degree;no;yes;yes;cellular;jun;mon;12;5;26;1;nonexistent;-1.8;92.83195533685428;-45.47817414392867;4.527895991419973;5195;no
29;self-employed;married;basic.4y;no;no;yes;cellular;jul;tue;241;3;999;0;nonexistent;-1.7;92.59099228788102;-42.97895529424129;3.8132040979431787;5176;no
29;self-employed;married;basic.9y;unknown;no;yes;cellular;may;mon;296;5;999;0;nonexistent;1.4;93.87251450086383;-43.508038327427094;4.533144400324393;5191;no
36;services;married;professional.course;no;yes;yes;cellular;may;thu;89;3;999;0;nonexistent;1.1;93.1821835857277;-45.13456951886757;4.057993179608648;5176;no
66;management;married;basic.6y;no;no;no;cellular;jul;thu;11;1;22;2;failure;-1.8;94.15654641968959;-36.20417634022898;2.614291751801102;5076;no
40;admin.;married;university.degree;no;yes;no;telephone;aug;thu;46;2;999;0;nonexistent;-0.1;92.96215195805938;-42.51736088659377;4.449588056946483;5228;no
48;services;married;basic.9y;no;yes;no;telephone;jul;mon;84;4;999;0;nonexistent;1.4;94.32060854180052;-27.83961280114705;0.6;5195;no
30;blue-collar;married;university.degree;no;no;no;telephone;jul;wed;293;1;999;0;nonexistent;-1.8;94.0184736609241;-43.273724398155025;1.6178441711747562;5008;no
18;services;married;university.degree;no;no;no;cellular;aug;thu;252;1;999;0;nonexistent;-1.7;93.84614221282166;-40.088840469204705;1.6164207025655795;5008;yes
46;admin.;single;basic.9y;no;no;no;cellular;jul;mon;73;4;999;0;nonexistent;-0.1;93.40327809138276;-41.70590895632509;1.48864154418827;5195;no
29;technician;married;university.degree;no;yes;no;cellular;may;wed;434;3;999;0;nonexistent;1.4;93.58913088161572;-43.51493396933767;4.325928646042373;5099;no
30;blue-collar;married;high.school;unknown;no;no;telephone;may;fri;245;4;999;0;nonexistent;-1.7;93.99223264577782;-44.95344224741002;4.015520070366293;5228;no
39;blue-collar;married;university.degree;no;yes;no;telephone;may;thu;873;4;999;0;failure;1.1;93.65811570666374;-32.18631021739957;5.1;5195;no
54;admin.;married;basic.9y;unknown;no;no;cellular;jul;fri;128;2;999;0;failure;-1.8;93.93822553028811;-41.020638791068194;0.7437199413542108;5076;yes
49;services;divorced;professional.course;no;yes;no;telephone;may;wed;140;1;28;3;success;-1.7;93.64837168452829;-39.29657477700806;1.6274175777336062;5017;yes
33;management;single;university.degree;no;yes;no;cellular;may;mon;261;5;23;1;nonexistent;-1.7;93.24995835924895;-42.854469587781644;1.303240172363516;4963;no
43;admin.;married;university.degree;no;no;no;cellular;may;wed;361;1;999;0;failure;-1.8;94.37392232477603;-36.47820046806059;2.5791812412187927;5099;no
44;technician;married;university.degree;no;yes;no;telephone;aug;tue;295;3;6;2;nonexistent;-1.8;94.4313686180685;-42.149148193392584;3.553924057905857;5191;no
45;management;married;basic.9y;no;no;no;telephone;apr;thu;3;1;999;0;nonexistent;-0.1;94.1214910972924;-39.535560383805894;3.6821652379325456;5191;no
36;admin.;divorced;illiterate;unknown;no;no;cellular;jun;wed;37;1;999;0;nonexistent;1.1;93.61558907636534;-35.77470181166435;3.980012490968069;5176;no
45;admin.;married;professional.course;no;yes;no;cellular;may;fri;191;6;999;0;nonexistent;-1.7;93.47057095839858;-37.107741221918324;1.6285564869255347;5191;no
45;housemaid;married;university.degree;no;no;no;cellular;may;wed;84;1;3;1;nonexistent;1.1;94.03244792031546;-30.569644106731495;4.724859972388397;5099;no
44;management;married;basic.6y;no;no;no;cellular;nov;wed;728;3;999;0;nonexistent;1.4;93.44756639520338;-39.76954332691763;4.418516448856052;4963;no
28;blue-collar;married;basic.4y;no;no;no;cellular;may;thu;197;1;999;0;nonexistent;-1.7;92.89494371485627;-32.6699411679544;5.1;5191;no
40;management;single;high.school;no;no;no;telephone;apr;tue;451;3;999;0;nonexistent;-1.7;93.40426078428263;-40.210924444943316;3.9504784211846005;5017;yes
49;admin.;married;basic.4y;no;yes;no;cellular;may;mon;40;4;999;0;nonexistent;-0.1;93.92921225635786;-41.49600119907536;0.6;5176;no
18;retired;married;university.degree;no;yes;no;cellular;jul;tue;359;2;999;0;nonexistent;1.1;93.62346320580988;-41.48719076285877;2.87513725897841;5195;no
52;blue-collar;married;university.degree;no;no;yes;cellular;jul;thu;46;4;999;0;nonexistent;1.4;93.49613424463139;-35.67809405838846;0.655528005910104;5191;no
48;blue-collar;married;university.degree;unknown;yes;no;cellular;nov;tue;821;1;25;1;nonexistent;-1.7;93.11776902322347;-43.57004675178011;2.20372879789515;5017;yes
44;admin.;married;university.degree;no;no;yes;telephone;jul;wed;30;2;999;0;nonexistent;1.1;92.8193571433569;-44.06492863261398;4.843019458197754;5099;no
45;blue-collar;married;university.degree;unknown;no;no;telephone;may;mon;130;3;999;0;nonexistent;-1.7;93.26466942081655;-40.99834999905458;0.7782669107961916;5176;no
40;services;married;high.school;unknown;yes;yes;cellular;aug;wed;608;2;999;0;nonexistent;1.4;93.67462028243506;-43.386677386806866;4.108535120752528;5099;no
30;retired;married;professional.course;no;no;no;telephone;jul;mon;102;2;26;1;nonexistent;-1.8;93.2010021807669;-40.391760033113;4.188821054216164;5176;no
37;admin.;married;university.degree;no;yes;no;cellular;nov;mon;113;4;999;0;failure;-1.7;93.55261642752475;-36.673611036346465;5.1;5008;no
40;unemployed;divorced;university.degree;no;no;no;cellular;nov;tue;772;1;13;1;nonexistent;-1.8;93.79276215002427;-44.78488572197129;3.936167055003624;5228;no
37;retired;single;university.degree;no;no;yes;telephone;aug;thu;1571;4;999;0;nonexistent;-0.1;93.88512546666267;-34.07114293168292;3.4140128773310545;5191;no
43;unemployed;single;high.school;no;yes;yes;cellular;mar;fri;166;1;23;2;nonexistent;1.4;93.61322080939622;-41.78660437174845;4.550660343581315;5017;no
43;blue-collar;single;professional.course;unknown;yes;yes;telephone;nov;tue;10;5;999;0;nonexistent;-1.7;92.80726359465896;-41.027356304050464;4.597588575699024;5228;no
40;admin.;married;high.school;no;yes;no;cellular;may;fri;332;2;999;0;nonexistent;1.1;93.67096029183827;-50.01659073309195;4.140981709016247;5228;no
45;entrepreneur;married;professional.course;no;yes;no;cellular;may;thu;386;1;999;0;nonexistent;-1.7;93.41390444949474;-43.51384591436058;4.0237911976232885;5191;no
46;admin.;married;basic.9y;no;yes;yes;telephone;aug;wed;93;2;999;0;nonexistent;1.1;92.38061090353787;-47.65081022351669;4.959123164849668;5099;no
29;blue-collar;married;high.school;unknown;no;yes;cellular;may;thu;2;1;999;0;nonexistent;-1.7;93.34628628777192;-34.36115880777275;0.6;5191;no
51;blue-collar;married;basic.9y;unknown;yes;no;cellular;jun;thu;161;5;21;1;nonexistent;-0.1;94.42050275048241;-34.24405710723464;3.927237325705171;5176;no
33;admin.;divorced;basic.4y;no;no;no;cellular;may;tue;2;3;999;0;nonexistent;-0.1;93.5627400451229;-41.044678853039194;1.9610011136176926;5017;no
43;admin.;married;university.degree;unknown;yes;no;cellular;nov;thu;0;3;999;0;nonexistent;-1.8;93.78965455111218;-40.984912663503735;5.075115678096471;5176;no
37;services;single;basic.9y;no;no;yes;cellular;may;thu;172;1;999;0;nonexistent;-1.7;94.25581063200086;-43.983049056390136;4.428395362629075;5099;no
40;blue-collar;single;basic.9y;unknown;no;no;cellular;may;tue;297;5;999;0;nonexistent;-1.7;93.61383060896124;-38.77062106744918;3.348004722142984;5008;no
52;admin.;single;basic.4y;no;no;no;telephone;jul;wed;38;2;999;0;nonexistent;-1.8;93.51943333754436;-38.834684645161175;3.428394885389785;5099;no
38;blue-collar;single;basic.9y;no;no;no;cellular;jun;fri;215;2;999;0;nonexistent;1.4;92.77205300678848;-40.438079304048934;5.1;5195;no
43;technician;single;university.degree;no;no;no;cellular;aug;tue;300;6;29;1;nonexistent;1.1;93.4800840780534;-44.59487805636069;0.6;4963;no
50;admin.;married;basic.9y;no;yes;no;telephone;may;thu;67;1;999;0;nonexistent;-1.8;93.33539391597212;-40.1798587854594;2.6948569300463037;5191;no
48;unknown;single;university.degree;no;no;no;cellular;may;tue;29;4;999;0;nonexistent;1.1;93.69348365965463;-38.866017387096065;4.209797552778674;5176;no
45;services;single;high.school;no;no;no;cellular;nov;fri;746;2;999;0;success;-1.8;93.2752921886841;-41.021265398965056;0.6;4963;yes
61;admin.;single;basic.9y;no;no;no;cellular;aug;mon;195;1;999;0;nonexistent;-0.1;93.20387095614508;-37.30534433190157;3.3172761712173933;5195;no
40;admin.;single;basic.9y;no;no;no;cellular;may;fri;229;1;999;0;failure;-1.7;92.36580377593884;-44.688887012551525;1.7755827526776196;5191;no
50;unknown;married;university.degree;no;yes;no;cellular;jul;wed;81;1;999;0;nonexistent;-0.1;93.94298006193873;-34.47031599972346;2.4780353223463916;5176;no
66;technician;married;basic.4y;no;yes;yes;cellular;jul;thu;16;2;999;0;nonexistent;1.1;92.97181880071183;-45.57669096524795;4.000885344275816;5099;yes
34;technician;divorced;basic.6y;no;yes;no;telephone;may;fri;146;3;999;0;nonexistent;1.1;93.80733304465669;-37.96258100944176;4.78063141186591;4963;no
56;admin.;married;professional.course;no;yes;no;cellular;may;tue;99;3;999;0;success;-1.7;94.09670560233855;-39.3200306241792;4.085153993054794;5099;no
45;entrepreneur;single;basic.9y;no;yes;no;telephone;may;mon;30;1;999;0;failure;1.1;93.1035613331077;-30.61501695166112;1.9783588911941905;5176;no
57;admin.;single;basic.9y;unknown;no;no;telephone;oct;mon;44;4;999;0;nonexistent;-1.8;94.30298308353603;-43.54085633619968;3.8038738815296598;5099;no
41;management;single;professional.course;no;yes;no;cellular;may;fri;53;4;10;1;nonexistent;1.1;93.55010703413453;-48.01818249779461;2.6109234035911006;5228;no
48;admin.;married;basic.4y;no;no;no;cellular;may;mon;62;5;16;1;nonexistent;-1.8;93.6985936347064;-50.68348892827796;4.810562895420525;5195;no
26;retired;married;university.degree;no;yes;no;telephone;apr;wed;2129;4;999;0;nonexistent;-0.1;93.29911374100183;-40.09098185576829;3.3946959417609657;5228;no
28;admin.;married;university.degree;no;yes;no;cellular;apr;fri;205;3;999;0;nonexistent;1.4;93.22723207804589;-34.989228277213115;5.1;5228;no
46;student;married;university.degree;no;no;no;cellular;jun;fri;69;3;999;0;success;-1.7;92.61407713422321;-35.454797721675675;3.0418133821935003;5099;yes
46;admin.;married;university.degree;no;yes;no;cellular;may;thu;110;3;0;1;failure;-0.1;94.46843016747977;-37.29846588051333;1.1371279316625476;5099;yes
32;technician;single;high.school;unknown;no;no;cellular;jul;tue;119;2;999;0;nonexistent;-0.1;92.41455521547945;-37.46984191082249;2.7527751738538555;5195;no
47;entrepreneur;married;high.school;no;yes;no;telephone;aug;thu;25;4;999;0;nonexistent;-0.1;92.72604804121202;-38.78633565006903;4.785186416958879;5195;no
44;blue-collar;married;university.degree;no;no;no;cellular;aug;tue;61;2;999;0;nonexistent;-1.7;93.41921031436901;-30.3939425838008;4.99084458600945;5099;no
45;technician;divorced;university.degree;no;no;no;cellular;jun;tue;195;1;999;0;nonexistent;1.1;93.43833412063192;-39.10230761612183;5.1;5176;no
50;unemployed;married;university.degree;unknown;no;no;cellular;aug;thu;141;4;10;1;nonexistent;-1.7;92.67689598945203;-35.94211198472918;0.870282723576077;5176;yes
26;admin.;married;professional.course;no;yes;no;telephone;jun;tue;136;4;999;0;nonexistent;-1.8;93.26391705934974;-41.04578346151595;3.6378250903304568;5195;no
48;technician;married;basic.9y;no;no;no;cellular;sep;wed;206;1;999;0;nonexistent;-1.8;93.17282853611822;-42.810441938781466;4.661207962204864;5099;no
45;blue-collar;married;professional.course;no;yes;no;telephone;may;thu;182;1;999;0;nonexistent;1.1;93.34107746089435;-42.70685585079766;4.318753583075288;4963;no
32;technician;married;high.school;unknown;yes;no;cellular;may;tue;383;2;999;0;nonexistent;-0.1;93.966029919237;-33.5112577322315;4.434687714051068;5195;no
28;blue-collar;married;university.degree;unknown;no;no;cellular;may;mon;157;1;999;0;nonexistent;1.1;94.21402849296935;-40.615806720623034;3.9117707153525343;5195;no
35;admin.;single;basic.6y;unknown;yes;no;telephone;may;thu;115;4;999;0;nonexistent;-0.1;94.32974631667224;-34.3539156742379;1.5694788152443175;5017;yes
36;blue-collar;divorced;basic.4y;no;yes;no;cellular;may;fri;51;6;999;0;nonexistent;-1.7;93.78239806539735;-46.27199567663884;5.1;5017;no
35;admin.;single;basic.6y;unknown;no;no;cellular;may;fri;204;1;999;0;nonexistent;-0.1;92.75774442867954;-44.775838213111896;4.283183939207271;5195;no
41;admin.;divorced;university.degree;no;no;no;telephone;nov;mon;99;3;999;0;nonexistent;1.4;93.74889329009716;-40.88247722945129;4.562736996404202;5195;no
51;admin.;single;professional.course;unknown;yes;no;telephone;may;fri;87;1;999;0;nonexistent;-0.1;93.72226770117318;-47.90201452198222;4.244994996498254;5176;no
43;blue-collar;single;basic.9y;no;yes;no;cellular;oct;mon;416;3;999;0;nonexistent;-1.7;93.70176536823521;-37.12245577696276;5.1;5228;no
29;blue-collar;married;university.degree;no;no;yes;cellular;nov;mon;978;5;999;0;nonexistent;1.4;93.91525154297516;-39.327849104766635;4.863293027405449;5195;no
43;self-employed;single;basic.4y;unknown;yes;no;cellular;may;tue;62;4;999;0;nonexistent;-1.8;93.14519225461189;-43.42077039583598;2.631376538152262;5195;no
36;technician;divorced;university.degree;no;no;no;telephone;jun;wed;156;2;10;1;nonexistent;1.1;92.85452149676344;-37.25230054670636;0.6;5099;no
36;self-employed;married;university.degree;no;yes;no;telephone;may;mon;25;3;999;0;nonexistent;-1.7;92.90652146097977;-47.472678995574796;3.3925625655952905;5228;no
34;admin.;single;university.degree;no;yes;no;cellular;jul;mon;615;2;999;0;nonexistent;1.1;93.15781125089067;-41.782471684452936;5.1;5195;no
42;blue-collar;married;basic.9y;no;no;no;telephone;jul;thu;300;3;999;0;nonexistent;-0.1;93.33710955536625;-37.02251498946862;4.708249426865655;5191;no
40;blue-collar;single;high.school;no;yes;no;cellular;may;tue;20;1;999;0;nonexistent;-1.7;93.6557639233889;-44.83856110134157;1.5507573829322696;5195;no
33;admin.;single;basic.6y;no;no;yes;telephone;apr;mon;23;2;999;0;nonexistent;-1.7;93.18019535318541;-44.21676566302306;3.659558367500128;5099;no
43;housemaid;single;basic.4y;no;no;no;cellular;sep;wed;76;4;999;0;failure;-1.8;94.18950067146132;-41.00502414869838;0.8909381212310971;5191;no
38;blue-collar;single;high.school;no;no;no;telephone;may;wed;76;3;999;0;nonexistent;-0.1;93.51460192268115;-28.201696635631286;0.6;4963;no
36;management;married;high.school;no;yes;yes;telephone;may;thu;6;2;3;1;nonexistent;-0.1;93.18258713348531;-37.42817729024118;1.3125924342391104;5195;no
41;blue-collar;married;high.school;no;yes;no;cellular;may;tue;140;1;2;2;nonexistent;-0.1;94.07523987394154;-37.95486325734143;3.8595541130802244;5191;no
38;blue-collar;divorced;university.degree;no;no;no;cellular;may;thu;88;1;999;0;nonexistent;1.4;93.29618510673961;-43.47561770265199;1.0914146543868692;5228;no
35;entrepreneur;married;basic.9y;no;yes;no;telephone;jun;fri;19;5;999;0;nonexistent;-1.8;93.16327416248103;-38.92133097617983;4.288732078106707;5176;no
50;blue-collar;married;basic.4y;no;no;no;telephone;aug;tue;1158;1;19;1;nonexistent;1.4;94.19617728029627;-43.544816419741736;3.450991702049259;5195;no
50;admin.;divorced;university.degree;no;yes;yes;cellular;aug;thu;443;4;2;3;nonexistent;-1.8;93.60700099675597;-35.53564058919491;0.6;5191;no
34;technician;married;university.degree;no;yes;no;cellular;may;tue;813;5;999;0;nonexistent;-1.8;94.57153658863638;-37.90211339646083;4.529572035634509;5076;no
43;admin.;divorced;university.degree;no;yes;no;cellular;jul;mon;311;2;999;0;nonexistent;-1.8;92.88301679745499;-38.67914053750051;0.793970352682274;5099;yes
36;blue-collar;married;professional.course;no;unknown;no;cellular;nov;fri;43;1;999;0;nonexistent;-1.7;92.77429215851897;-36.99832287072881;4.642681368673769;5228;no
37;blue-collar;divorced;high.school;no;no;no;telephone;may;tue;287;2;999;0;success;1.1;93.63633566913182;-33.917200256726574;2.7425049628314846;5076;yes
34;self-employed;single;professional.course;no;no;no;cellular;aug;tue;367;4;999;0;nonexistent;1.4;94.46128668488433;-35.85840716577024;5.1;4963;no
29;entrepreneur;married;university.degree;no;no;no;telephone;may;fri;260;4;999;0;nonexistent;-1.8;93.14243687010487;-30.697058040446517;3.5792764911071626;5195;no
40;housemaid;married;university.degree;no;yes;no;cellular;jul;mon;531;1;999;0;nonexistent;1.4;93.56231626324626;-37.81826242482598;4.704188958980306;5099;no
38;technician;single;basic.9y;unknown;yes;no;telephone;nov;wed;227;6;0;1;nonexistent;-1.8;93.22245188955526;-38.879746859803056;4.799359053222949;5099;no
36;technician;single;university.degree;no;yes;no;cellular;jul;fri;383;2;999;0;nonexistent;1.4;93.29566229801337;-37.660055309277205;3.9502956699796448;5099;no
52;technician;married;basic.9y;yes;yes;no;cellular;jun;fri;183;3;999;0;nonexistent;-1.7;93.75600037425804;-35.70353980671894;4.297490546855415;5176;no
43;management;married;high.school;no;no;no;cellular;may;thu;88;2;999;0;success;1.4;93.02574363960653;-43.97284599775809;3.970753154643141;5195;no
43;housemaid;married;basic.4y;no;no;no;telephone;jul;mon;99;4;999;0;nonexistent;-1.8;92.68337592464692;-40.40061066932007;5.1;5176;no
56;admin.;married;university.degree;unknown;no;yes;cellular;may;mon;14;1;999;0;failure;1.4;93.67581306642512;-43.495276372084156;1.7305323095569334;5191;no
44;blue-collar;married;high.school;unknown;no;unknown;telephone;mar;mon;5;3;999;0;nonexistent;-1.7;93.3617629179415;-46.48313670273481;4.561204086969115;5195;no
60;admin.;married;basic.4y;no;no;no;telephone;nov;thu;214;7;999;0;nonexistent;-0.1;93.9505942531697;-44.185906056847784;3.988812562466231;5195;no
36;blue-collar;married;professional.course;no;yes;no;telephone;may;fri;103;3;999;0;nonexistent;-0.1;93.99671990470688;-44.42159465459454;3.816292346999368;4963;yes
40;entrepreneur;divorced;basic.4y;no;yes;no;cellular;may;mon;144;4;999;0;failure;-1.8;92.971334138501;-38.35226756108786;0.9902305401127881;5076;yes
50;technician;single;illiterate;no;no;no;cellular;aug;mon;146;3;16;1;success;-1.8;93.3960087339755;-42.324797572335086;5.079894899780267;4963;yes
19;self-employed;married;basic.9y;no;yes;no;cellular;may;mon;58;3;999;0;nonexistent;-0.1;93.76971258211503;-32.77735969490863;0.6;5195;no
42;entrepreneur;divorced;high.school;no;yes;no;cellular;may;wed;116;3;999;0;nonexistent;1.1;93.91439971874829;-41.40350126079319;3.959122844448172;5228;no
65;admin.;married;university.degree;no;yes;no;cellular;may;mon;1345;3;999;0;nonexistent;-1.8;94.22763735748234;-45.4462143074993;3.479704077548846;4963;yes
30;blue-collar;married;basic.9y;no;no;no;telephone;jul;tue;88;3;26;1;failure;-1.8;93.81345950289618;-35.07247330265282;4.343926821136114;5195;no
54;technician;married;professional.course;unknown;no;no;cellular;may;wed;725;2;8;1;nonexistent;-1.8;93.90838753704156;-42.41844643657831;3.8018425549624246;5017;yes
38;blue-collar;married;high.school;no;no;no;cellular;may;wed;47;2;999;0;success;1.4;93.92911193182057;-36.01812616486103;2.012122753885713;5008;yes
68;technician;married;university.degree;no;no;no;cellular;nov;mon;166;1;999;0;nonexistent;1.4;94.38268965849589;-38.10454954686158;3.1891520443176926;5017;no
32;technician;divorced;basic.4y;no;yes;yes;cellular;may;thu;131;2;999;0;nonexistent;-0.1;92.32293307753744;-46.12779822611481;4.373655664518425;5195;no
32;admin.;married;basic.4y;no;yes;no;cellular;apr;fri;99;5;14;1;nonexistent;-0.1;94.47058834333586;-42.240596311450574;4.3896025615909995;5176;no
30;blue-collar;married;high.school;no;yes;no;telephone;jun;thu;398;6;999;0;success;-1.7;93.57962665707144;-42.34188728862092;2.3823285613610485;5099;no
41;blue-collar;married;basic.9y;no;yes;no;cellular;jul;thu;56;5;999;0;nonexistent;-0.1;92.16686099544296;-44.52139877095889;4.079406745093915;5076;no
36;self-employed;married;professional.course;no;yes;no;cellular;jun;fri;6;4;999;0;nonexistent;-1.8;93.61633055376117;-43.679249705705324;3.933150018236931;5017;no
34;services;married;university.degree;no;no;no;telephone;jul;wed;1394;2;999;0;nonexistent;-0.1;93.24740829207896;-41.5827744353781;2.95459130710622;5099;no
43;admin.;single;basic.4y;no;no;no;telephone;nov;wed;58;1;999;0;failure;-1.7;93.70132984737221;-43.044175290447996;2.3644969671633342;5017;yes
46;technician;married;professional.course;no;yes;yes;telephone;may;thu;432;2;999;0;nonexistent;-1.8;94.5612747225765;-39.274796904509095;4.914258493245567;5176;no
19;blue-collar;married;high.school;no;yes;no;telephone;jul;fri;188;2;999;0;nonexistent;1.4;92.83624621955443;-49.89338839601464;4.222990753125441;5176;no
49;self-employed;married;basic.6y;unknown;yes;no;telephone;aug;wed;15;2;999;0;failure;-1.8;93.82295034677303;-39.98449534393422;3.1366151563757025;5228;no
27;admin.;married;professional.course;no;yes;no;cellular;apr;mon;26;2;999;0;nonexistent;1.4;93.67471665017129;-42.19553138983834;3.2283783751294868;5195;no
36;unknown;married;high.school;no;no;no;telephone;jun;tue;189;1;5;1;success;-1.7;93.3531487035532;-37.526365587657615;3.7623152569885683;5008;yes
36;admin.;married;basic.4y;no;no;no;cellular;jun;tue;179;1;4;1;nonexistent;-1.7;92.91946332790214;-44.00897083797293;4.972180567093331;5099;no
43;services;married;basic.4y;yes;yes;no;cellular;may;fri;239;3;999;0;nonexistent;1.1;93.63395832457041;-39.36942362673183;1.499951003497957;5099;no
32;blue-collar;married;basic.9y;no;yes;no;telephone;jul;wed;353;1;999;0;failure;1.1;92.74322941331424;-43.84061831476084;3.00531424889458;5195;no
47;technician;married;basic.4y;no;yes;yes;telephone;jun;thu;508;3;999;0;nonexistent;-1.8;93.17694655651624;-35.24073963709265;1.7890256849603159;5176;no
31;blue-collar;married;professional.course;unknown;yes;no;cellular;mar;mon;40;1;999;0;nonexistent;1.1;93.13313160389629;-34.1133017923277;3.5286827366633142;5228;no
50;blue-collar;married;university.degree;no;yes;no;cellular;jul;thu;66;2;999;0;nonexistent;-0.1;93.58684253991757;-40.43421494624125;3.782230218790284;5099;no
38;admin.;married;basic.4y;no;yes;no;telephone;oct;thu;30;5;12;2;nonexistent;1.1;92.99404049612079;-43.56161771139093;1.6977976531034435;5228;no
41;admin.;single;professional.course;no;no;no;cellular;aug;tue;79;2;999;0;nonexistent;1.1;93.34500285140386;-40.460359557512604;4.812403267024665;5176;no
50;technician;married;high.school;no;no;no;cellular;jun;fri;443;3;999;0;nonexistent;-0.1;93.62449955455548;-43.84991391052394;5.074479906260339;5195;no
38;entrepreneur;married;university.degree;no;yes;no;telephone;may;tue;169;1;999;0;nonexistent;1.4;94.83355954688813;-44.25312565064389;4.181493184732631;5191;no
61;technician;married;university.degree;no;yes;no;cellular;may;fri;241;1;999;0;nonexistent;1.1;92.65430245354055;-36.331566005409876;4.9064196462929495;5195;no
38;blue-collar;divorced;basic.6y;no;yes;no;cellular;oct;tue;121;5;22;1;nonexistent;1.1;93.89152030492617;-37.22516993642077;3.7310909889895543;5076;yes
42;admin.;married;basic.9y;no;yes;no;telephone;may;thu;5;1;7;1;nonexistent;1.4;93.90848799449408;-48.09757699805846;3.993947252315765;5195;no
56;technician;married;university.degree;no;no;no;cellular;nov;fri;11;4;999;0;nonexistent;1.4;93.58068668316453;-38.40534253652923;3.9389654204761677;5176;no
45;management;single;university.degree;no;no;no;telephone;may;thu;192;4;15;1;nonexistent;-1.7;93.0245933724107;-33.052311948216456;4.219092014579595;5176;no
48;admin.;married;university.degree;no;yes;no;cellular;aug;fri;228;2;999;0;nonexistent;-1.7;94.15079699139542;-45.14585851153376;3.1708071309503376;5099;no
36;management;single;professional.course;no;no;no;cellular;aug;tue;43;1;999;0;nonexistent;1.4;93.50533252143317;-44.50605041385573;3.2646261557985294;5195;no
19;technician;married;university.degree;no;no;no;cellular;may;tue;230;2;999;0;nonexistent;-1.8;93.68217646102008;-38.14199941586162;5.1;5176;no
34;management;married;high.school;no;no;no;cellular;may;tue;305;4;999;0;nonexistent;-1.8;93.04185227462186;-28.673811785167576;3.325977470550853;5176;yes
39;admin.;married;basic.4y;no;no;no;cellular;aug;fri;95;2;999;0;nonexistent;-0.1;93.56260405068134;-39.902403633456956;3.1365429744679743;5017;no
32;admin.;married;professional.course;unknown;no;no;telephone;apr;wed;246;3;999;0;nonexistent;-1.8;93.97257581566438;-40.86570799298878;3.201049337870218;5176;no
40;blue-collar;married;high.school;no;no;no;cellular;may;mon;93;2;999;0;nonexistent;1.4;93.76273845675773;-33.429481823664936;2.2384118553864143;5228;no
25;technician;single;basic.4y;no;no;no;cellular;aug;fri;85;5;999;0;nonexistent;1.1;93.3290765286192;-39.25862409727054;4.571881584696302;5191;no
40;unknown;single;high.school;unknown;yes;no;cellular;dec;fri;259;2;12;1;nonexistent;-1.8;93.91204800518514;-38.04526081672804;3.983787692526894;5228;no
32;unknown;single;university.degree;no;no;no;telephone;jul;wed;385;5;999;0;nonexistent;-1.8;93.70836842178846;-37.50361707975466;4.254656330406509;5176;no
23;blue-collar;married;professional.course;unknown;no;no;telephone;may;tue;76;3;999;0;nonexistent;-1.8;93.13519931828222;-33.582724669446534;4.382111519397454;5195;no
41;admin.;married;high.school;no;yes;no;cellular;apr;thu;95;3;999;0;nonexistent;-1.7;92.79176953030596;-41.63150878053503;1.0118762886379613;5228;no
40;services;married;basic.6y;unknown;no;yes;telephone;apr;mon;760;1;999;0;failure;1.1;94.21896752574361;-35.98634605431709;1.2746955872218024;5099;no
36;admin.;married;university.degree;unknown;no;no;telephone;may;wed;41;3;999;0;nonexistent;1.1;93.79108342225099;-47.74588067656126;2.833769280681404;5191;no
30;blue-collar;married;high.school;no;yes;no;telephone;jul;thu;504;1;999;0;nonexistent;-1.8;94.58431458083282;-45.1539373128503;3.256009623302199;5008;no
29;technician;married;university.degree;no;no;no;telephone;sep;thu;448;1;5;1;nonexistent;-1.7;94.44127951239346;-33.24655592008991;3.882452314383049;5008;no
54;unemployed;single;university.degree;no;yes;yes;telephone;jul;fri;90;2;13;1;nonexistent;-1.7;93.40251513581131;-49.179701407905;4.482473261864277;5191;no
46;admin.;single;university.degree;no;yes;no;telephone;aug;mon;35;2;999;0;nonexistent;-1.7;93.64985214927688;-42.17329969811392;1.220073735620631;5228;no
34;services;divorced;university.degree;no;yes;no;cellular;may;mon;60;4;17;2;nonexistent;-0.1;93.46817196163467;-40.44139413832857;5.1;5099;no
34;entrepreneur;married;university.degree;no;yes;no;cellular;jun;mon;109;3;999;0;nonexistent;-0.1;92.88258050443284;-43.996455425597176;4.80252528870896;5176;no
29;management;married;university.degree;no;unknown;yes;cellular;aug;wed;61;5;999;0;nonexistent;1.1;94.32410335567364;-30.139526868243067;3.1839322091898787;5099;no
38;technician;married;university.degree;no;yes;no;cellular;aug;wed;47;1;999;0;nonexistent;1.1;93.76239614752224;-35.027165842922805;2.410381290084667;5176;no
52;entrepreneur;married;high.school;unknown;no;no;telephone;aug;fri;239;4;999;0;failure;-1.8;93.96951491076096;-42.4978420430417;3.649997371889777;5191;no
44;management;married;university.degree;unknown;no;no;telephone;may;mon;1;2;999;0;nonexistent;-1.8;92.91025278041992;-43.99479747438389;4.747488519685798;5228;no
48;management;single;high.school;no;yes;no;cellular;may;thu;139;2;999;0;nonexistent;1.1;93.48600170953274;-35.46210854216558;4.592375915560084;5228;no
28;admin.;married;university.degree;yes;yes;no;cellular;nov;tue;284;1;14;1;nonexistent;1.4;92.685340839633;-43.17828671105734;4.11132119172111;5099;no
34;services;married;basic.6y;unknown;yes;no;cellular;aug;fri;55;1;12;1;nonexistent;1.1;93.4401531758583;-35.80225989623158;3.7188460310855316;5195;no
42;admin.;single;basic.4y;no;no;no;telephone;nov;tue;166;1;999;0;nonexistent;-1.7;93.34624161366663;-37.54337406223354;3.4766949008064563;5191;no
18;self-employed;married;high.school;no;no;yes;telephone;aug;tue;538;3;22;3;nonexistent;-0.1;93.03242259253732;-42.27759821924834;0.6;4963;yes
33;services;divorced;basic.6y;no;no;yes;telephone;may;fri;253;6;999;0;success;-1.8;93.24231928477197;-39.588626962398436;1.377639416507033;5191;no
31;entrepreneur;single;high.school;no;yes;no;cellular;aug;mon;106;3;999;0;nonexistent;-1.7;94.18499175334784;-39.10806710616024;3.8808977950332406;5099;no
53;admin.;married;university.degree;no;no;no;telephone;may;wed;76;3;999;0;nonexistent;1.1;93.8581825624485;-37.29832953103463;5.1;5228;no
48;technician;single;unknown;no;yes;yes;cellular;aug;fri;325;3;29;2;nonexistent;-0.1;93.52920193802231;-50.82068011844724;1.0602332782746315;5008;no
44;admin.;single;high.school;no;yes;no;telephone;aug;thu;255;3;999;0;nonexistent;-0.1;93.00435734648917;-37.84662108938138;4.688705026441591;5176;no
39;admin.;married;university.degree;no;no;no;telephone;aug;thu;69;5;999;0;nonexistent;-0.1;93.70280190355048;-40.62590036285038;4.810739050387363;5099;no
45;blue-collar;married;basic.9y;unknown;yes;no;telephone;may;fri;19;2;999;0;nonexistent;-0.1;92.69155630920388;-38.63629489834799;3.3363189451712674;5176;no
37;blue-collar;married;university.degree;no;no;no;cellular;may;fri;47;2;8;1;nonexistent;1.4;92.81947633458698;-39.447530751419684;0.6;5191;yes
49;retired;married;basic.9y;no;yes;no;cellular;aug;tue;17;3;15;2;failure;-1.7;94.24682317829657;-38.85555558062548;1.8806723014751734;5191;no
30;technician;married;university.degree;no;no;no;telephone;may;wed;266;1;999;0;nonexistent;-0.1;94.29029691441826;-37.506072843580206;0.6;5099;no
29;self-employed;single;university.degree;no;yes;no;telephone;may;mon;9;3;999;0;nonexistent;1.1;92.41006106629722;-41.17246535868249;4.154011400631357;5228;no
39;unemployed;divorced;high.school;no;unknown;no;cellular;may;thu;73;2;999;0;success;1.1;93.62478482829174;-46.15334921358848;1.664949362947604;5228;no
42;entrepreneur;married;basic.9y;no;no;no;telephone;jun;wed;251;1;999;0;nonexistent;1.1;94.518433568002;-41.43516939914301;1.70428562505347;5099;no
51;blue-collar;divorced;basic.9y;no;yes;no;cellular;jul;tue;450;5;11;1;nonexistent;1.4;93.26096092521131;-31.966686253917747;4.268184361388453;5099;no
31;technician;single;basic.9y;no;yes;no;telephone;may;wed;739;3;999;0;nonexistent;1.1;93.63832061686496;-48.23179969917151;4.872584459625004;5099;no
39;management;married;high.school;no;no;no;cellular;jul;mon;880;2;5;1;failure;-0.1;93.19507605866653;-46.15120841029953;4.155262331748785;5176;no
41;technician;married;high.school;no;yes;no;cellular;jun;fri;93;4;29;3;nonexistent;-1.7;93.78444135805789;-41.660889385221296;5.01458546656278;5228;no
33;blue-collar;single;basic.4y;no;yes;no;telephone;oct;fri;234;1;999;0;nonexistent;-0.1;92.9865406504217;-44.66007525405395;1.525307212943132;5176;no
45;admin.;single;high.school;no;yes;no;cellular;nov;fri;533;2;999;0;success;-1.8;93.67213232419452;-33.764370674291506;1.6562883174071064;5099;yes
29;student;single;professional.course;no;no;no;cellular;may;tue;91;2;999;0;nonexistent;1.1;94.51166643599211;-39.723258532023976;2.5309280747257423;5195;no
38;admin.;single;high.school;no;yes;no;cellular;jul;mon;42;1;999;0;nonexistent;1.4;93.59219987765036;-42.23788663788006;4.329084150585463;4963;no
43;retired;married;basic.4y;unknown;no;no;cellular;jun;wed;132;2;999;0;nonexistent;1.1;93.28637989575972;-45.83278461003065;4.011057681381841;5008;no
43;admin.;single;university.degree;no;no;no;cellular;jun;thu;457;5;999;0;nonexistent;1.1;92.90295972989757;-45.506340818425656;1.661060774097291;5228;no
42;unknown;married;university.degree;no;yes;yes;telephone;may;tue;183;1;999;0;nonexistent;-1.8;93.59579336745523;-37.300903905077256;4.769461894878134;5017;no
28;blue-collar;married;professional.course;no;yes;yes;cellular;may;mon;34;2;999;0;nonexistent;-1.8;93.03563565688282;-41.96369352288127;3.779129849967947;5176;no
50;management;married;professional.course;no;no;yes;cellular;may;thu;206;1;999;0;nonexistent;-1.7;92.87031559829529;-49.418915660998834;3.8750269947353084;5099;no
39;admin.;married;basic.4y;no;yes;no;cellular;nov;fri;100;1;999;0;success;-1.8;92.8308535687576;-38.06152249511092;2.4659568351703505;5099;no
24;services;single;basic.9y;no;yes;no;telephone;aug;mon;245;1;999;0;nonexistent;-1.8;92.67888320754848;-36.5644411067944;3.741951525957382;5228;no
28;services;married;basic.6y;no;yes;no;telephone;nov;wed;238;4;999;0;nonexistent;-0.1;93.36681447503507;-50.09918123401616;0.8460048470281666;5099;no
26;blue-collar;married;basic.6y;no;no;no;cellular;apr;tue;130;4;999;0;nonexistent;1.1;94.27494033709432;-43.43534521559837;5.1;5176;no
28;admin.;married;basic.6y;no;no;no;cellular;nov;mon;302;4;999;0;failure;1.1;94.02752562367579;-36.31538762035968;3.536695853175697;5191;no
37;blue-collar;married;basic.9y;no;no;no;cellular;may;fri;230;4;999;0;nonexistent;1.1;93.90810368268917;-39.439333853879944;3.8418605072348835;5076;no
18;technician;single;basic.4y;no;yes;no;cellular;aug;tue;171;4;999;0;nonexistent;-0.1;93.12446941196463;-39.67400657546507;3.954054123640547;5195;no
48;admin.;married;high.school;no;yes;no;cellular;jul;thu;94;3;21;1;nonexistent;-0.1;93.56684917716659;-35.010716069145126;5.1;5008;no
52;blue-collar;single;unknown;unknown;yes;no;telephone;may;fri;325;1;20;3;failure;1.4;93.34440219302277;-38.151383620820816;4.686594130005734;5176;no
50;student;married;university.degree;unknown;no;no;cellular;aug;thu;31;4;999;0;nonexistent;-1.7;94.49958963744089;-35.935118567788805;5.1;5099;no
27;housemaid;single;university.degree;yes;yes;no;cellular;may;fri;26;1;999;0;nonexistent;1.4;92.96416149863728;-41.33160253588888;0.6;4963;no
46;retired;married;high.school;no;no;no;telephone;jul;wed;120;3;999;0;nonexistent;-1.8;92.67862089177196;-34.891749925596855;4.868315092788239;5017;no
50;admin.;married;basic.6y;no;yes;yes;telephone;may;tue;1081;1;999;0;nonexistent;-1.7;92.8146092671905;-38.52845619603074;4.578858829865831;5099;no
60;blue-collar;single;basic.9y;no;yes;no;telephone;oct;mon;252;1;999;0;nonexistent;-1.7;93.72136688883076;-40.00901373169975;4.492215360047274;5008;no
26;admin.;married;university.degree;no;no;no;telephone;may;thu;311;2;999;0;nonexistent;-0.1;93.12941859537348;-38.8535336288386;1.7202644489054488;4963;no
47;admin.;single;basic.9y;no;no;no;telephone;nov;thu;317;2;999;0;nonexistent;-0.1;93.19485623023998;-43.64246467341654;0.8901999733413574;5099;no
36;self-employed;married;basic.6y;unknown;no;no;telephone;nov;thu;377;1;999;0;nonexistent;1.1;92.62455783138151;-39.909037107858445;4.113325126085634;4963;no
44;blue-collar;married;high.school;no;yes;no;cellular;may;wed;719;1;999;0;nonexistent;-0.1;93.10984247478387;-47.68270166156941;4.636365522279596;5017;no
34;entrepreneur;single;high.school;no;no;no;cellular;may;wed;287;1;999;0;nonexistent;-1.8;93.87305742451484;-40.08471086047635;0.8694100278635338;5176;no
43;blue-collar;single;basic.9y;no;no;yes;cellular;jul;wed;555;5;999;0;failure;1.4;92.54414585377123;-36.04564895211443;1.9256991930799663;5191;no
60;admin.;married;professional.course;no;no;no;telephone;may;fri;939;2;999;0;nonexistent;-1.8;93.23969599727104;-39.38013450601145;4.951946056919344;5076;no
31;admin.;single;high.school;unknown;yes;no;cellular;sep;wed;31;2;4;1;nonexistent;1.4;93.49788435180916;-43.181497467077065;1.1239213813250228;5099;no
27;admin.;divorced;university.degree;no;yes;no;telephone;may;tue;33;3;29;2;nonexistent;1.4;93.82266076901539;-40.51520464386342;3.8528857454672334;5099;no
33;blue-collar;single;high.school;no;no;no;cellular;oct;tue;1188;4;999;0;nonexistent;1.1;93.2202226716441;-39.54209346765645;2.714090475289499;5176;no
45;technician;single;high.school;no;no;yes;telephone;jul;fri;143;4;999;0;failure;1.4;93.3369819673684;-39.12361018375482;4.391155643713596;5191;no
45;admin.;divorced;high.school;no;yes;no;cellular;jul;thu;23;2;0;2;nonexistent;-1.7;94.06053660354445;-37.715616655207086;3.9594332977168;5176;no
21;technician;married;professional.course;no;unknown;no;telephone;aug;wed;377;4;999;0;nonexistent;-1.7;93.32463156641995;-41.745550531380026;5.1;5228;yes
37;blue-collar;single;university.degree;no;yes;no;cellular;aug;wed;213;1;999;0;nonexistent;-1.7;94.04963419693337;-42.665519164854736;4.365795729440702;5017;no
45;technician;married;basic.4y;no;no;no;cellular;jul;wed;245;1;999;0;nonexistent;1.4;94.94282408291014;-39.90671085447715;3.8115760188290295;5099;no
42;blue-collar;divorced;basic.9y;no;no;no;cellular;jul;thu;223;3;999;0;nonexistent;-0.1;93.62397555887007;-39.70067859208587;4.950857231876467;5176;no
42;technician;married;high.school;no;no;no;cellular;may;tue;270;4;999;0;nonexistent;1.1;92.93831356603842;-37.52867541558423;3.945438033738046;5017;no
53;services;single;university.degree;no;yes;no;cellular;may;thu;147;1;29;1;nonexistent;-0.1;93.77569183601317;-40.09759480183981;3.8016019552850655;5195;no
37;entrepreneur;married;university.degree;no;no;no;cellular;may;tue;987;3;999;0;success;-0.1;94.06671646067204;-40.349482026005994;1.2651232364693863;5076;yes
43;retired;divorced;basic.9y;unknown;no;no;cellular;jul;thu;421;3;999;0;nonexistent;1.1;93.13083942757758;-41.40855223942767;5.1;5228;no
29;technician;married;professional.course;no;unknown;yes;cellular;jul;fri;300;1;999;0;nonexistent;-1.8;93.82679519286295;-37.63843861549162;1.6862739605893113;5076;yes
54;blue-collar;married;professional.course;unknown;no;no;telephone;may;thu;262;3;999;0;success;1.1;92.49382420629243;-35.11258471255158;1.501466400475585;5076;yes
27;admin.;married;basic.9y;no;no;no;cellular;may;mon;469;2;21;1;nonexistent;1.1;93.98641780184875;-39.57334795906335;2.3028038899331325;5017;no
34;technician;single;high.school;no;no;no;telephone;may;thu;300;3;999;0;nonexistent;1.1;93.08362604723573;-44.3050193043721;3.614071970912406;5176;no
40;technician;divorced;university.degree;unknown;no;no;telephone;jul;wed;317;2;999;0;nonexistent;1.1;92.58502724708082;-35.09397243296388;3.5962257304463146;5099;no
35;admin.;divorced;basic.9y;no;yes;no;cellular;jul;tue;151;3;999;0;nonexistent;-0.1;93.23028451216804;-38.88427078964825;4.316455584351794;5195;no
44;admin.;married;high.school;no;no;no;telephone;jun;thu;65;6;999;0;nonexistent;1.4;94.1266306107555;-36.31931669736754;5.1;5228;no
25;admin.;married;professional.course;no;yes;no;cellular;jun;tue;44;4;999;0;nonexistent;-0.1;93.46998154519162;-38.198754811110646;3.446651218964318;5191;no
21;services;married;high.school;no;unknown;yes;cellular;may;mon;71;1;18;1;nonexistent;1.1;93.39258144495057;-44.222204973201684;1.7096159809917297;4963;no
30;entrepreneur;married;university.degree;no;no;no;cellular;may;mon;56;1;999;0;nonexistent;1.4;93.93596311989323;-39.065396642211745;3.0487020084732896;5228;no
51;admin.;single;basic.4y;no;no;no;cellular;jun;mon;34;3;999;0;nonexistent;-0.1;93.70471452971834;-37.11564024191356;4.103025559423058;5191;no
20;retired;single;basic.6y;no;yes;no;cellular;nov;thu;53;2;999;0;nonexistent;1.4;93.20764742525542;-34.72039062791362;4.33877253253492;5228;no
44;blue-collar;single;university.degree;no;yes;no;cellular;jul;wed;113;4;999;0;nonexistent;-0.1;93.47949351611234;-35.75048198270638;3.4938944669456786;5099;no
49;blue-collar;single;basic.9y;unknown;yes;no;telephone;may;mon;47;2;999;0;nonexistent;-1.7;94.47664397109476;-42.0189701725574;3.7030125080542398;5228;no
41;technician;married;basic.4y;no;no;no;cellular;may;wed;159;1;999;0;nonexistent;-0.1;93.51557852031455;-38.632376628302914;4.837304383468533;5228;no
30;housemaid;divorced;basic.4y;no;yes;no;cellular;may;wed;87;6;1;1;failure;-1.7;93.5818103571063;-37.75928419536094;5.1;5195;no
32;technician;married;basic.9y;unknown;no;no;telephone;jul;thu;248;3;999;0;nonexistent;1.1;94.57338968449395;-47.81266377323081;2.508311710003183;5195;no
50;admin.;married;basic.9y;no;yes;no;cellular;sep;mon;99;4;999;0;nonexistent;1.4;92.73462313244673;-40.655032966356096;4.344189108367452;5176;no
39;technician;single;university.degree;no;no;yes;telephone;aug;mon;157;3;26;1;nonexistent;1.1;93.85259726766067;-37.557164535224445;0.8988959012907534;5076;no
41;student;married;professional.course;no;no;no;telephone;aug;tue;120;3;999;0;nonexistent;1.1;93.65461220373548;-42.00562363099734;4.28591708449916;5099;no
38;admin.;married;university.degree;no;yes;no;cellular;jul;thu;30;2;999;0;nonexistent;-1.7;93.38491342448003;-34.863425891314854;1.6969665822032154;5099;no
41;blue-collar;married;basic.4y;no;yes;yes;cellular;may;wed;405;4;999;0;nonexistent;-1.8;94.00317029470429;-34.49672328591257;3.167610424354938;5228;no
41;services;single;professional.course;no;yes;no;cellular;may;mon;51;3;999;0;nonexistent;1.1;92.94704655578461;-38.9720553864548;5.1;5195;no
49;blue-collar;single;illiterate;no;yes;no;cellular;aug;thu;17;4;999;0;nonexistent;1.1;93.35758690389731;-45.536012291119526;1.303477318299573;5176;no
34;management;married;basic.9y;no;yes;no;cellular;aug;tue;166;1;999;0;nonexistent;1.1;92.85636324655887;-40.121022939831334;2.6073120992371708;4963;yes
30;admin.;married;high.school;no;no;yes;cellular;aug;tue;580;6;19;1;nonexistent;1.4;93.28246344645075;-38.893453101541255;1.7409495664622137;5076;no
39;admin.;single;high.school;no;yes;yes;telephone;may;wed;560;1;999;0;nonexistent;-1.8;93.12063965624016;-35.838477473948366;3.7124474967952965;5228;no
38;blue-collar;divorced;university.degree;unknown;no;no;cellular;may;wed;5;1;999;0;nonexistent;1.1;93.94736080892557;-39.42795509804321;2.131477420148416;5099;no
40;entrepreneur;married;basic.9y;no;yes;yes;telephone;aug;mon;26;1;999;0;nonexistent;1.4;93.65303002405795;-38.89514989069273;4.483056059681929;5195;no
59;services;divorced;basic.6y;no;yes;no;cellular;may;mon;263;2;0;1;nonexistent;-1.8;92.99342120120336;-37.14868136934184;1.1053516936352732;5008;yes
33;unknown;single;high.school;no;yes;no;telephone;may;tue;170;2;999;0;success;1.1;93.54873577647967;-35.23519384897143;4.310321692887815;4963;no
48;blue-collar;divorced;university.degree;no;no;no;cellular;nov;mon;192;3;999;0;nonexistent;-0.1;91.65860843946895;-42.813196859880414;1.1075609236758628;5099;no
36;technician;married;basic.9y;no;yes;no;cellular;may;thu;326;1;999;0;nonexistent;-0.1;93.71134708066322;-28.179790145224572;4.3067068067892675;5191;no
46;blue-collar;single;professional.course;no;no;no;telephone;aug;wed;84;1;23;1;nonexistent;1.1;92.47119410025752;-42.872029818064384;3.517419215393939;5099;no
41;technician;married;professional.course;no;yes;no;cellular;aug;tue;466;2;999;0;nonexistent;-1.8;93.8352317121128;-35.399310923311326;3.800355818103735;5191;no
44;admin.;single;basic.6y;unknown;yes;no;cellular;oct;mon;463;3;999;0;nonexistent;-0.1;93.28910883688609;-37.93190482044231;4.066933577414273;5076;yes
46;admin.;divorced;university.degree;no;no;no;cellular;aug;thu;877;3;999;0;nonexistent;-1.8;94.51061757668046;-46.76550537596783;0.6;5191;no
33;technician;married;basic.4y;no;no;no;telephone;jul;mon;276;1;999;0;nonexistent;-0.1;92.62497545927039;-40.7955705624709;5.1;5195;no
18;student;married;university.degree;no;yes;no;cellular;jul;fri;174;2;26;1;nonexistent;1.1;93.81429669085036;-38.63201413843369;4.016681725621635;5076;no
49;unemployed;divorced;professional.course;no;yes;no;cellular;may;wed;153;3;17;1;nonexistent;-0.1;94.36875434810595;-39.67400470885191;1.1770455044274932;5099;yes
18;admin.;married;professional.course;no;no;no;cellular;may;tue;171;4;999;0;nonexistent;-1.7;93.25680244766878;-36.49557067130318;4.228517432610745;5099;no
33;technician;married;high.school;unknown;yes;no;telephone;sep;tue;258;3;999;0;nonexistent;1.4;93.56185997752658;-48.88808588075157;5.1;5008;no
29;technician;married;professional.course;no;no;unknown;cellular;sep;tue;290;1;999;0;nonexistent;1.4;93.41934097048447;-47.95771633459329;2.112504270537293;5008;yes
48;services;single;university.degree;unknown;no;no;telephone;may;tue;177;5;999;0;nonexistent;1.4;93.6926415164458;-39.5279797214666;4.90867259770625;5099;no
56;services;married;university.degree;no;no;no;telephone;may;thu;492;4;999;0;nonexistent;1.1;93.4688292571313;-41.21728449515361;5.1;5176;no
40;admin.;married;university.degree;no;no;no;cellular;may;fri;120;3;20;1;nonexistent;1.4;93.15715055797723;-41.66376432654364;3.9119881121396114;5017;yes
35;technician;single;university.degree;unknown;yes;no;cellular;jun;wed;80;3;999;0;nonexistent;-1.8;93.52417353763295;-35.329300912865;2.1031197098189085;5076;yes
32;admin.;married;basic.4y;no;no;no;cellular;jul;wed;266;2;999;0;nonexistent;-0.1;95.05522543172067;-41.3906733556791;4.659965346266603;5099;no
43;housemaid;married;university.degree;no;yes;no;cellular;may;mon;170;6;24;1;nonexistent;-0.1;94.09541802817934;-41.63641251667165;4.482573418243332;5228;no
25;admin.;married;professional.course;no;yes;no;cellular;jul;mon;35;5;999;0;nonexistent;-1.7;93.01809274997133;-31.13099281825719;4.7558193370567095;5191;no
22;management;single;basic.4y;unknown;yes;yes;cellular;may;tue;232;2;999;0;nonexistent;-0.1;93.73908122614002;-45.51709280217858;5.1;5195;no
31;admin.;married;basic.6y;unknown;yes;no;cellular;aug;mon;113;3;999;0;nonexistent;1.4;92.31382237621291;-38.945054898666776;4.3336372427012515;5228;no
35;technician;married;basic.4y;no;yes;yes;cellular;aug;mon;97;1;999;0;nonexistent;1.1;93.255052502069;-37.425416237217874;1.1073406536181132;5176;no
18;blue-collar;married;basic.4y;unknown;no;no;cellular;jul;tue;35;2;999;0;nonexistent;-1.8;93.3811668085749;-40.32849554615694;4.25331200173474;5195;no
56;technician;married;high.school;no;yes;no;cellular;jul;tue;84;3;999;0;nonexistent;-1.8;93.74328567112802;-38.36538550440869;4.393245435364305;5099;no
33;technician;single;university.degree;no;yes;no;cellular;may;mon;258;1;999;0;nonexistent;-1.7;93.49891574334399;-42.898938574223024;5.1;5017;no
30;unknown;divorced;high.school;no;no;no;cellular;aug;wed;118;4;999;0;nonexistent;-0.1;93.30752560887248;-42.704220773242085;4.042588483657838;5228;no
47;management;married;basic.9y;no;yes;yes;cellular;nov;wed;205;3;999;0;nonexistent;-1.8;93.55268115745038;-43.00496141352285;3.8727457330436925;5176;no
25;retired;married;high.school;no;no;yes;cellular;may;mon;30;1;999;0;nonexistent;-0.1;93.67116857833588;-43.649610336849086;3.103044803066728;5228;no
35;self-employed;married;university.degree;no;yes;yes;telephone;oct;thu;344;4;999;0;nonexistent;-1.8;94.07777516681051;-38.62909982698309;0.6255385986570073;5176;no
42;housemaid;single;basic.9y;unknown;no;no;telephone;aug;fri;51;1;999;0;nonexistent;-1.7;93.67528893931174;-46.15779975310783;5.1;5228;no
30;entrepreneur;married;university.degree;no;no;no;telephone;nov;wed;140;1;7;2;nonexistent;1.1;93.29015819341174;-45.77409359769674;1.4616043747205327;5191;no
38;management;married;professional.course;no;no;yes;cellular;may;mon;288;3;999;0;nonexistent;-1.8;93.0052878359008;-47.70543018266319;2.0191523329663768;5191;no
44;admin.;married;university.degree;unknown;yes;no;cellular;aug;tue;6;2;6;1;nonexistent;-0.1;93.24821336644322;-41.896974919569445;2.495831508879677;5008;no
34;technician;divorced;basic.6y;no;no;no;cellular;may;fri;744;2;999;0;nonexistent;-0.1;92.86561886521068;-36.45252240544033;1.2907622769172482;5228;no
59;admin.;single;basic.9y;unknown;no;no;telephone;nov;wed;832;4;999;0;nonexistent;-1.7;93.43764985476957;-42.851488894269;4.547388751360425;5195;no
37;admin.;married;basic.9y;no;no;no;telephone;apr;thu;80;2;999;0;nonexistent;-1.7;93.19114831596656;-39.08740861182404;4.2225506267497535;5099;no
39;admin.;single;high.school;no;no;no;cellular;apr;fri;73;1;999;0;nonexistent;1.4;93.6762389377098;-40.57042847882351;2.1631001186052248;5195;no
38;housemaid;married;basic.9y;no;yes;no;cellular;nov;mon;34;1;999;0;failure;-1.7;92.98608306000165;-32.40903990185084;5.1;5099;no
39;blue-collar;single;university.degree;no;no;no;cellular;oct;thu;282;4;999;0;nonexistent;-1.8;94.53520292870769;-42.047689518152254;4.532771501069693;5099;no
34;technician;single;basic.4y;no;no;yes;cellular;nov;thu;559;1;999;0;nonexistent;1.1;93.3785127551014;-34.13390531778392;4.259116440082884;5191;no
52;admin.;married;high.school;no;no;no;telephone;apr;fri;196;10;999;0;nonexistent;1.1;94.52657291493966;-38.718841204710806;3.8624185087261536;5191;no
53;management;married;basic.9y;no;yes;no;cellular;may;wed;77;1;999;0;nonexistent;1.4;93.02494365695136;-38.67569913817409;4.524235288394474;5076;no
45;retired;married;professional.course;no;no;no;cellular;jun;tue;312;1;999;0;nonexistent;-1.8;93.58589773770804;-39.07189625678176;4.561116761932828;5191;no
40;blue-collar;married;high.school;unknown;yes;no;cellular;may;mon;118;3;999;0;nonexistent;1.1;93.23461483724054;-32.15852876998942;3.087981505996172;5195;no
35;admin.;married;basic.9y;no;no;no;telephone;may;tue;77;1;14;1;nonexistent;1.4;94.00028743718947;-32.66225504372452;0.6;4963;yes
35;services;married;high.school;no;yes;no;cellular;aug;mon;102;3;999;0;nonexistent;1.1;93.6112266351776;-39.737858201756275;5.1;5191;no
62;entrepreneur;single;basic.9y;no;no;unknown;cellular;jul;thu;147;3;999;0;nonexistent;-0.1;92.7966610243326;-40.41661559928549;5.1;5017;no
36;admin.;married;professional.course;no;no;no;cellular;apr;thu;10;5;999;0;nonexistent;1.4;93.71151902317749;-45.85514780635446;3.530526254041023;5176;no
21;services;married;professional.course;no;no;no;cellular;may;mon;214;1;999;0;nonexistent;-0.1;93.85083881746574;-40.39035741397626;2.095873868163587;5017;yes
55;blue-collar;single;university.degree;unknown;yes;yes;cellular;aug;thu;205;4;27;3;nonexistent;-1.7;93.07300423060178;-32.435658600899835;4.488945733633311;5017;yes
25;blue-collar;married;professional.course;unknown;no;yes;cellular;jul;fri;305;1;999;0;nonexistent;1.1;93.47365577636208;-35.11014435712583;3.5767273130097723;5228;no
29;blue-collar;married;basic.4y;no;no;no;telephone;may;fri;313;2;999;0;nonexistent;-0.1;94.13335495542951;-38.782216542698464;0.9801597397882975;4963;no
39;self-employed;married;university.degree;yes;yes;no;cellular;may;tue;48;1;999;0;nonexistent;-1.7;93.28562771568338;-46.27476617766501;4.580183665205304;5099;no
39;blue-collar;married;university.degree;no;no;no;telephone;jun;wed;126;1;999;0;nonexistent;-0.1;93.69118105164631;-41.103774797213845;4.920673883983881;5228;no
39;unemployed;married;high.school;no;no;no;telephone;jul;wed;104;2;999;0;nonexistent;-1.7;92.59008496195737;-44.638950551862735;5.1;5176;no
41;admin.;married;university.degree;no;yes;no;cellular;nov;tue;279;1;999;0;nonexistent;1.1;94.81466096514022;-42.67370962687701;4.04590846899392;5195;no
33;housemaid;single;university.degree;no;no;no;cellular;nov;tue;536;3;25;1;nonexistent;1.4;93.60124528444737;-42.03597223901146;4.570522370830377;5017;yes
23;services;married;basic.4y;no;yes;yes;telephone;jul;fri;161;1;999;0;nonexistent;1.4;93.02634233672553;-37.64260767918257;4.394206188715017;5017;no
36;blue-collar;married;university.degree;no;yes;no;cellular;may;mon;63;4;999;0;nonexistent;-1.8;93.14993976943236;-35.63386367923139;4.214125956143989;5176;no
28;admin.;single;high.school;no;yes;yes;telephone;nov;fri;365;3;999;0;success;-0.1;92.22514850295087;-38.06387900841992;3.547192667833586;5176;no
47;admin.;divorced;professional.course;no;no;no;cellular;may;wed;465;5;999;0;nonexistent;-1.7;93.74384924137277;-38.27327005696025;3.445431128637983;5228;no
34;housemaid;married;university.degree;yes;no;no;cellular;jul;wed;1646;2;999;0;nonexistent;-1.8;93.97687836668455;-34.38552273706359;0.9655648737211907;5191;no
37;technician;married;university.degree;no;no;no;telephone;nov;tue;282;4;999;0;nonexistent;-0.1;94.93122589279909;-42.41585143512864;3.5337444960926385;5228;no
53;technician;single;basic.9y;unknown;no;no;telephone;may;fri;318;5;999;0;nonexistent;1.1;93.6860703793963;-43.5825363557402;2.7784649401383787;5099;no
42;retired;married;high.school;no;yes;no;telephone;aug;tue;425;1;999;0;nonexistent;1.4;93.601965135143;-36.69164190365374;1.3812965932017847;5176;no
31;technician;single;university.degree;no;yes;no;telephone;nov;fri;129;1;999;0;nonexistent;1.4;93.60721769658466;-38.11939631260446;5.1;5195;no
36;admin.;married;high.school;no;yes;unknown;telephone;may;thu;28;2;16;1;nonexistent;1.4;93.10715948391024;-39.16915175528966;1.1516207615694631;5195;no
40;technician;married;high.school;unknown;no;no;telephone;jun;fri;195;3;20;1;nonexistent;-0.1;93.33971789342678;-44.48616877380308;3.9693357814771906;5099;yes
46;services;divorced;professional.course;unknown;no;no;cellular;may;thu;135;3;999;0;nonexistent;1.1;93.26695763958425;-35.1719596478406;4.740171892260986;5176;no
39;admin.;divorced;basic.9y;no;yes;unknown;cellular;jun;fri;170;3;999;0;failure;-1.7;93.04936798230925;-37.27713422693281;1.3470651771462114;5176;no
31;housemaid;married;high.school;no;yes;no;cellular;jul;mon;487;3;999;0;nonexistent;-0.1;93.57143592874168;-33.23187812968148;4.029333667039134;5195;no
51;admin.;married;professional.course;unknown;no;no;cellular;may;wed;681;6;999;0;nonexistent;1.1;93.94991716027576;-42.48894373460002;3.2884342043579666;5176;no
28;services;married;university.degree;no;yes;yes;cellular;aug;tue;260;2;8;1;nonexistent;-1.7;92.67020483289059;-36.6661584440851;2.3305395813553877;5008;yes
45;self-employed;married;basic.9y;no;yes;no;cellular;aug;mon;4;2;999;0;nonexistent;-0.1;93.49306487112696;-40.95687743644188;3.8780654338383838;5076;no
42;blue-collar;married;university.degree;unknown;no;no;telephone;may;wed;642;2;22;1;nonexistent;-1.7;93.87652993829606;-44.78918962627871;3.261772115745738;5099;yes
39;entrepreneur;single;high.school;unknown;no;no;cellular;aug;thu;819;2;999;0;nonexistent;1.1;93.67653030874044;-43.132365809733685;2.1417534261464874;5191;no
30;technician;married;professional.course;no;yes;no;cellular;jun;tue;170;1;22;1;nonexistent;1.1;93.73785421301672;-39.01878988308499;0.8832367924217074;5099;yes
18;blue-collar;married;professional.course;no;no;no;telephone;may;wed;34;2;999;0;nonexistent;-0.1;93.81092971235582;-42.929876045546585;5.1;5195;no
24;management;married;high.school;no;no;no;telephone;nov;tue;84;2;999;0;success;-1.8;93.72529082646763;-42.08340167414423;4.806194653958285;5008;yes
43;blue-collar;married;university.degree;no;no;no;telephone;jul;mon;97;1;16;1;nonexistent;-1.8;92.74068282126146;-36.98977886552708;5.008426213630685;5228;no
44;admin.;single;university.degree;no;unknown;no;telephone;sep;wed;64;5;999;0;nonexistent;1.4;93.83054595941299;-36.021179458853;4.8378099507350765;5191;no
55;housemaid;single;high.school;unknown;yes;no;cellular;nov;tue;372;1;999;0;nonexistent;-1.8;93.20073632741092;-42.61764208852654;0.6;5195;yes
40;technician;single;basic.9y;no;no;no;cellular;jun;thu;452;4;999;0;nonexistent;-1.7;93.39044995560042;-31.112005227336777;1.579074806711605;5176;no
40;retired;married;university.degree;no;no;no;cellular;may;thu;1074;2;999;0;nonexistent;1.1;93.71396548717563;-36.27001317973705;2.183256200569563;5076;no
32;unemployed;divorced;professional.course;no;yes;no;cellular;aug;fri;342;1;29;2;nonexistent;-0.1;93.4695840622887;-51.26755862071988;1.7235324276829058;5195;no
36;management;single;basic.4y;no;yes;no;cellular;jul;fri;56;2;23;1;nonexistent;-0.1;92.98136552000877;-38.524154021231915;4.3556408058947085;5195;no
40;blue-collar;single;high.school;no;no;no;telephone;nov;tue;346;2;5;2;nonexistent;-0.1;93.97038680568785;-35.11254588142;4.616037195355116;5195;no
56;entrepreneur;married;high.school;no;yes;no;cellular;jul;thu;152;3;15;1;success;1.4;93.03471958061785;-43.41521789856152;5.1;5228;no
43;technician;married;university.degree;no;no;no;cellular;jun;wed;245;2;999;0;nonexistent;1.1;93.31496414458985;-36.475285120524504;3.5;5076;yes
35;admin.;single;university.degree;no;yes;yes;cellular;jul;wed;29;2;21;1;nonexistent;-0.1;93.9520883696156;-30.90617518882191;3.9478725142418813;5099;no
33;technician;married;university.degree;no;yes;no;cellular;jun;mon;107;4;999;0;nonexistent;-0.1;93.05067902618592;-41.55051786308337;4.140770394988323;5176;no
18;admin.;married;high.school;unknown;no;no;cellular;may;fri;258;1;999;0;success;1.1;94.31481346868105;-39.16675265757028;1.011149828347946;5017;yes
26;student;married;unknown;unknown;yes;no;telephone;may;thu;120;4;999;0;success;-1.7;93.100975925664;-47.91428281238919;2.7954511837045457;5228;yes
36;technician;single;basic.9y;no;yes;no;telephone;may;mon;387;4;999;0;nonexistent;1.1;93.22226010814559;-38.34174295450108;5.1;5195;no
40;admin.;single;high.school;no;yes;no;cellular;aug;tue;167;3;999;0;nonexistent;-1.8;93.60477837519808;-35.03273793536162;4.266570429017691;5099;no
31;blue-collar;married;university.degree;no;no;yes;cellular;jul;fri;130;2;999;0;nonexistent;-0.1;92.71991439505287;-34.37095779915533;5.1;4963;no
51;services;single;professional.course;no;yes;no;telephone;nov;thu;45;1;999;0;nonexistent;-1.7;92.7656039575393;-48.15481388138602;0.6;5195;no
47;blue-collar;married;basic.9y;no;unknown;no;cellular;may;thu;145;6;999;0;nonexistent;1.1;94.50050296450168;-34.651499525160496;3.855322865907346;5195;no
44;blue-collar;single;high.school;no;no;no;telephone;aug;tue;376;6;999;0;nonexistent;1.1;93.56725496884575;-37.98162201921339;4.925162032415838;5008;no
51;blue-collar;divorced;basic.9y;unknown;no;no;cellular;aug;thu;134;3;999;0;nonexistent;-0.1;93.95823480618849;-37.46681783842418;4.518914777437321;5099;no
52;technician;single;basic.9y;no;no;no;cellular;jun;mon;73;1;999;0;nonexistent;-1.8;93.89038590265832;-36.81129456830768;4.870285422621119;5099;no
34;blue-collar;single;basic.9y;no;no;no;telephone;jun;fri;41;1;4;1;nonexistent;-1.7;93.57604156233809;-39.84313234589844;3.4017794340086143;4963;yes
35;retired;married;university.degree;no;yes;no;cellular;apr;mon;41;5;11;1;nonexistent;1.1;93.45370982634266;-41.326447200060215;1.7548388895535525;5017;yes
38;management;single;basic.4y;no;no;no;cellular;aug;wed;47;4;999;0;failure;-1.8;93.04968457241581;-32.51333624988892;5.1;5195;no
35;blue-collar;single;basic.4y;no;yes;no;cellular;jun;thu;113;3;999;0;nonexistent;-1.7;94.18070059447443;-46.73117444561805;5.1;4963;no
23;technician;married;university.degree;no;yes;no;cellular;sep;thu;457;7;13;2;success;1.1;93.26390307689365;-33.62423468019126;5.1;5017;no
44;technician;married;basic.9y;unknown;yes;no;telephone;jun;thu;73;2;11;1;nonexistent;-1.7;93.23322552585536;-34.20870784287727;5.1;5099;no
40;admin.;married;high.school;no;yes;no;cellular;mar;tue;578;3;999;0;nonexistent;-0.1;92.18029603022323;-42.853591325427864;4.66189463857109;5195;no
51;blue-collar;single;professional.course;no;yes;no;cellular;aug;wed;132;2;999;0;nonexistent;-0.1;94.22750188895617;-48.07048937285125;4.605666690264345;5099;no
26;admin.;single;high.school;no;no;no;cellular;mar;wed;363;1;16;1;success;-1.8;93.42872183421699;-40.10239304832533;0.6;5008;yes
48;admin.;married;unknown;unknown;no;no;telephone;may;mon;132;1;999;0;nonexistent;1.4;93.11341394006108;-39.49556534622565;1.1147434537858134;5228;no
60;admin.;married;basic.6y;no;no;yes;telephone;aug;thu;271;2;999;0;nonexistent;-1.7;94.41176583855861;-44.71116229420171;2.609391262152359;5008;yes
31;blue-collar;single;university.degree;no;yes;no;cellular;jul;tue;54;3;999;0;failure;-1.8;92.50708818676517;-49.35688511967106;3.942811190105835;5176;no
34;housemaid;married;high.school;no;yes;no;telephone;aug;mon;65;2;999;0;nonexistent;-1.8;92.87278860155173;-42.181896427075216;0.6592996402787829;5228;no
41;management;single;university.degree;no;no;no;cellular;may;thu;53;4;999;0;failure;-0.1;92.82910056211449;-46.98871975957541;5.0647729366909555;5099;no
44;entrepreneur;single;high.school;unknown;no;no;telephone;may;wed;470;7;3;1;nonexistent;-0.1;93.72893373322577;-41.423787696124606;4.510719094840362;5076;yes
18;management;single;high.school;no;no;no;cellular;may;thu;224;1;7;2;nonexistent;-1.8;93.53065295326198;-40.929240992541516;2.579064602883128;5099;no
48;student;married;university.degree;no;yes;no;cellular;jul;thu;144;4;999;0;nonexistent;1.1;93.5898818904983;-38.52016504925839;4.048109046269214;5195;no
21;management;married;professional.course;no;yes;no;cellular;aug;wed;83;1;999;0;nonexistent;-0.1;94.00165087167682;-40.63230057981396;5.1;5228;no
48;retired;married;basic.9y;unknown;yes;no;telephone;jul;thu;14;2;9;1;nonexistent;1.1;93.57275267419398;-35.716272553218886;4.099467079331405;5076;no
21;retired;married;university.degree;no;no;yes;cellular;apr;wed;964;2;999;0;failure;-0.1;93.55946047272967;-45.24134805632548;0.6;5099;no
32;services;married;basic.9y;no;yes;no;telephone;jul;mon;131;3;28;1;success;-1.8;92.4669630486261;-38.45649989685882;2.3289954840011187;5099;yes
49;admin.;married;basic.9y;no;yes;yes;cellular;may;fri;175;2;12;1;nonexistent;-1.8;93.65244314138597;-40.6333100233292;2.7954827100448894;5191;no
33;student;divorced;basic.4y;no;no;no;cellular;nov;wed;197;3;999;0;nonexistent;1.4;92.98481425686634;-35.125528875220404;4.628463974284801;5191;no
50;technician;married;university.degree;no;yes;no;telephone;oct;mon;142;3;999;0;nonexistent;1.1;93.63411020169544;-41.30435504880025;0.6;5176;no
40;retired;married;basic.9y;unknown;yes;no;telephone;may;tue;30;2;999;0;nonexistent;-0.1;93.71641782619952;-36.31522764149383;0.9041117766918306;5099;yes
41;retired;married;basic.4y;no;yes;no;cellular;may;mon;556;4;999;0;nonexistent;-1.8;93.87136024679715;-39.31849507440047;3.1148525699063416;5195;no
35;blue-collar;married;university.degree;no;no;no;telephone;may;wed;293;1;999;0;nonexistent;-1.7;94.8221847962859;-41.24141001879325;4.087808040428206;5099;no
30;retired;single;university.degree;unknown;yes;yes;cellular;nov;thu;144;1;9;2;nonexistent;-0.1;94.32783951729016;-45.06964764042179;3.2182696010375618;5195;no
57;admin.;single;university.degree;no;no;no;cellular;apr;wed;120;4;999;0;nonexistent;1.1;94.15481283462358;-44.038617146735696;4.4528839949515024;5099;no
41;blue-collar;single;professional.course;no;no;no;cellular;nov;mon;21;4;999;0;nonexistent;1.4;93.16047021473419;-40.777461455566815;3.0618350049946446;5017;no
24;admin.;married;professional.course;no;yes;no;telephone;jul;mon;15;3;999;0;nonexistent;-1.7;94.65520114637263;-40.627590115893355;0.6;5176;no
45;admin.;married;university.degree;unknown;yes;no;telephone;may;tue;74;3;0;1;nonexistent;-0.1;93.69133343868192;-37.964914184092414;5.0086621581321;5228;no
25;admin.;single;high.school;no;no;no;cellular;oct;fri;67;2;999;0;nonexistent;-1.8;94.65293222929232;-35.07563347797516;4.500963999780152;5099;no
38;services;single;university.degree;no;yes;no;cellular;may;mon;93;2;29;1;nonexistent;-1.7;93.86563312534743;-33.41685776489535;1.5779430369564091;4963;yes
26;management;single;university.degree;unknown;no;no;cellular;apr;mon;146;1;999;0;success;-0.1;92.20030729479988;-38.35057029397803;0.978081664792334;5228;yes
30;blue-collar;married;basic.4y;no;no;no;cellular;jun;wed;194;2;29;1;nonexistent;-1.8;93.97170499987304;-46.00504681184492;4.152276791756402;5228;no
41;management;single;basic.6y;no;yes;no;cellular;apr;tue;131;2;4;1;nonexistent;-1.7;93.68075769896271;-43.47363253491345;4.217168208019983;5228;no
42;admin.;married;high.school;unknown;yes;no;telephone;jun;tue;265;5;999;0;success;-1.7;93.2642787783654;-43.952566884866776;1.3115150053088942;5191;yes
27;management;married;unknown;no;yes;yes;cellular;may;thu;690;3;999;0;nonexistent;1.1;93.75936254005683;-47.38558268814387;3.8452686820862825;5099;no
41;retired;married;high.school;no;no;no;cellular;jul;mon;67;2;999;0;nonexistent;1.4;93.4727133318078;-31.361244993684224;1.9054615291022539;5017;no
22;unknown;married;professional.course;no;yes;no;cellular;may;mon;1818;6;999;0;nonexistent;-0.1;93.72489907838496;-47.50804752160439;4.267251848956682;5176;no
51;self-employed;married;high.school;no;yes;yes;telephone;may;fri;122;1;999;0;nonexistent;1.1;93.30723113320818;-45.399981317559984;4.4840388852769255;5195;no
40;services;single;high.school;unknown;yes;yes;cellular;jul;wed;741;1;999;0;nonexistent;-0.1;93.47313747611493;-43.28984936237763;2.235212530015805;5191;yes
39;blue-collar;married;basic.9y;unknown;no;no;cellular;may;mon;206;1;999;0;nonexistent;1.4;93.24567843040414;-36.17570310338061;4.251491061493662;5228;no
31;blue-collar;divorced;basic.4y;no;unknown;no;telephone;may;fri;1;1;999;0;nonexistent;1.1;93.23808691925302;-37.04200739104853;4.940936643855986;5017;no
32;admin.;married;basic.9y;yes;no;no;cellular;may;tue;391;4;999;0;nonexistent;-1.8;93.56158856707845;-46.98569827419347;4.22354935259391;5191;no
48;blue-collar;married;basic.9y;no;yes;no;telephone;may;wed;184;3;999;0;nonexistent;-1.8;93.8273030909692;-44.06778172992395;3.872558489412831;5228;no
43;blue-collar;single;high.school;no;yes;no;cellular;may;mon;537;1;10;1;nonexistent;-0.1;92.89793724051233;-40.918909838609345;3.458409454420386;5191;no
49;services;married;basic.6y;no;yes;no;telephone;may;mon;338;3;999;0;nonexistent;1.1;93.34254255370467;-45.20570260370742;2.960819830737657;5076;no
32;management;married;basic.4y;no;yes;yes;cellular;may;wed;319;7;999;0;nonexistent;-0.1;93.40562519790949;-37.05347857746441;5.1;5176;no
37;technician;married;high.school;no;no;no;cellular;aug;fri;163;1;999;0;nonexistent;-0.1;94.03453910191773;-50.157703697226914;3.6407562996101355;5099;no
43;management;married;basic.4y;no;yes;no;cellular;may;tue;153;1;999;0;failure;1.1;93.63699602583306;-36.69360016744098;3.4594662853701657;5008;no
37;blue-collar;married;university.degree;unknown;yes;no;cellular;apr;fri;301;1;0;1;nonexistent;1.1;92.9004326829425;-37.65152756682561;3.865969417338422;5228;no
44;technician;married;high.school;no;yes;no;cellular;may;thu;277;2;6;2;nonexistent;-1.8;93.64533128468297;-38.053706040297676;3.977288970772963;5228;no
33;admin.;single;university.degree;unknown;yes;no;cellular;nov;mon;397;2;999;0;nonexistent;1.1;93.72796533644475;-41.39276595177188;5.1;5099;no
27;technician;divorced;illiterate;no;yes;no;telephone;nov;thu;144;2;999;0;nonexistent;-1.7;93.88773620816727;-33.34006582412865;3.9374823175270635;5176;no
43;blue-collar;married;university.degree;no;yes;no;cellular;jul;wed;617;4;999;0;nonexistent;-1.7;93.19744226710418;-46.81769634384545;5.1;5176;no
25;admin.;married;basic.4y;no;no;no;cellular;aug;mon;1000;4;999;0;nonexistent;1.1;93.66308255435543;-46.613795899504204;4.250957763722546;5008;no
60;admin.;single;basic.6y;no;no;no;telephone;aug;mon;22;1;999;0;nonexistent;-0.1;93.57920285780608;-30.41463414015434;2.3890849473384748;5191;no
36;services;married;university.degree;unknown;yes;no;cellular;apr;wed;340;3;27;1;nonexistent;-0.1;93.5887208539475;-39.86836884909063;2.312517386399772;5195;no
35;management;single;basic.6y;no;yes;yes;cellular;sep;thu;124;1;999;0;nonexistent;-0.1;93.52234165152007;-35.31158397809372;4.48882993587581;5195;no
42;admin.;divorced;high.school;no;no;no;telephone;may;fri;88;4;999;0;nonexistent;1.1;94.58087220764023;-43.55350091706296;5.1;5076;no
44;management;single;basic.6y;no;yes;no;cellular;aug;thu;67;2;999;0;failure;-0.1;94.69311521380872;-42.39703133023013;5.09778383515224;5228;no
35;entrepreneur;single;high.school;no;no;no;telephone;may;tue;323;5;13;1;nonexistent;-1.7;94.02787943735822;-31.59860661764857;4.707743267348871;5176;no
41;technician;married;high.school;no;yes;no;cellular;jun;thu;127;2;999;0;nonexistent;-0.1;93.40103498315483;-37.87374754772751;5.1;5176;no
34;technician;married;professional.course;no;yes;no;telephone;oct;fri;368;6;999;0;nonexistent;1.1;93.83809486327202;-37.201933018919746;3.8012858304371018;4963;no
52;blue-collar;married;university.degree;unknown;yes;no;telephone;may;tue;43;6;999;0;nonexistent;-1.8;93.40963222468332;-40.628248896052106;3.4040690592306144;5176;no
48;blue-collar;married;basic.4y;yes;yes;no;cellular;jun;wed;100;5;999;0;failure;1.1;93.46064029354983;-43.12808451213762;3.659015406550437;5195;no
34;self-employed;married;basic.4y;unknown;yes;no;cellular;aug;mon;580;1;6;1;nonexistent;1.1;93.29139955703913;-35.86516286668107;5.1;5099;no
35;entrepreneur;single;university.degree;no;no;no;cellular;sep;tue;100;1;999;0;nonexistent;-0.1;92.69634114255469;-41.7713142088618;5.1;5176;no
34;technician;divorced;university.degree;no;yes;no;cellular;may;tue;79;3;9;3;success;-1.8;92.26510081437794;-41.61381767800683;0.6;5076;yes
39;admin.;married;professional.course;no;no;yes;cellular;apr;tue;104;6;999;0;nonexistent;-0.1;93.25902708167517;-41.093786762231865;2.316278969924907;5195;no
44;housemaid;married;high.school;no;yes;no;telephone;aug;mon;131;1;999;0;failure;-1.8;93.1425599675766;-39.53638023609187;4.035323970897022;5195;no
46;management;divorced;university.degree;no;unknown;no;cellular;aug;fri;179;1;999;0;nonexistent;-1.7;93.12950693783502;-43.15678038413944;3.3893885531269827;5195;no
41;retired;married;basic.4y;no;yes;no;cellular;may;tue;290;1;999;0;nonexistent;1.1;94.12572850725662;-43.78455882385336;3.804851222808437;5099;no
42;retired;married;illiterate;no;yes;no;cellular;may;wed;257;3;3;1;nonexistent;1.1;93.0853693393182;-42.36410645374167;3.3564727618032655;5099;no
39;admin.;divorced;high.school;no;yes;no;cellular;may;fri;306;4;999;0;nonexistent;-0.1;92.88679729485094;-42.767707090926535;2.9123695384167814;5191;no
49;admin.;divorced;university.degree;no;no;no;cellular;may;wed;137;5;999;0;success;1.1;94.05611807500676;-51.29039330808486;5.1;5099;yes
36;technician;married;basic.4y;no;yes;no;cellular;may;mon;531;3;999;0;nonexistent;-1.8;93.40349761961201;-33.670846579835604;3.6530654368452655;5191;no
59;blue-collar;married;high.school;no;yes;unknown;cellular;may;wed;193;1;999;0;nonexistent;-1.7;93.16597316955011;-39.05320352637638;2.2523196551569047;5099;yes
53;blue-collar;married;unknown;no;no;no;telephone;aug;thu;227;1;999;0;nonexistent;1.1;93.39472394221683;-42.61228428241061;0.7069234018459691;5099;no
37;management;single;basic.9y;no;no;no;cellular;jul;thu;220;1;999;0;nonexistent;1.4;93.94880647432863;-35.42589364569952;3.295356636358045;5191;no
39;technician;married;basic.9y;no;yes;no;telephone;jul;mon;10;4;999;0;nonexistent;-1.7;93.44855621587452;-46.64818532024679;4.607254711943202;5228;no
18;blue-collar;married;basic.6y;no;yes;no;telephone;jul;fri;209;3;24;1;nonexistent;-1.8;93.48533504026662;-37.68149731120673;3.887154514453657;5176;yes
27;technician;married;professional.course;no;yes;no;cellular;jul;mon;60;3;27;1;nonexistent;1.4;93.47485693506611;-40.72931959151924;4.034319115469402;5008;no
35;technician;single;high.school;no;no;no;telephone;may;fri;2467;1;999;0;nonexistent;-1.7;93.6156522099476;-41.224048168277854;4.315924747471815;5017;no
35;unemployed;married;university.degree;no;yes;no;cellular;aug;thu;68;1;8;1;nonexistent;-0.1;93.1824299840064;-42.011282110377834;3.550229731401049;5176;no
45;technician;divorced;professional.course;no;yes;no;cellular;jun;thu;3;5;999;0;nonexistent;-1.8;92.65549847681723;-35.90909558842625;2.9030909167037127;5099;no
47;services;married;basic.4y;unknown;yes;no;cellular;jun;thu;253;2;999;0;nonexistent;1.1;93.59467342408301;-41.16648098836326;4.1589843082125295;5099;no
23;housemaid;married;university.degree;no;yes;no;cellular;jun;tue;179;6;999;0;nonexistent;-0.1;93.09508788312229;-39.882735897970775;2.1307768320105525;5017;no
28;services;married;basic.4y;no;yes;no;telephone;jun;thu;66;1;999;0;nonexistent;1.4;93.64326735118803;-32.898455395997466;3.478726992870596;5228;no
26;technician;married;basic.4y;no;no;yes;cellular;jul;wed;135;1;4;1;nonexistent;-1.8;92.878954189525;-39.30185815167319;4.323169813012508;5176;no
25;blue-collar;married;university.degree;no;yes;no;telephone;may;mon;43;5;999;0;nonexistent;1.1;93.90052606760942;-41.410525593926856;5.1;5099;no
39;admin.;single;professional.course;no;yes;no;cellular;aug;fri;388;4;999;0;nonexistent;-1.7;93.12367717032541;-39.75800124450513;4.128188090180922;5017;no
49;management;married;high.school;no;yes;no;cellular;dec;thu;16;3;8;2;failure;1.1;93.34300380107078;-37.31075542844004;0.6;5195;no
52;management;married;university.degree;no;yes;no;telephone;may;mon;105;1;999;0;nonexistent;-1.8;93.02961142424529;-44.197160242017006;4.244169882880309;5099;no
51;student;married;high.school;no;no;no;cellular;aug;tue;637;3;12;1;success;1.1;94.00698254525273;-36.49161198221534;1.302581494823282;5228;yes
21;technician;married;basic.9y;no;yes;yes;cellular;may;thu;172;3;999;0;nonexistent;-1.8;93.70691325226709;-41.74358445509432;1.631340658237979;5228;no
35;services;married;high.school;no;no;no;telephone;jul;mon;62;3;26;1;nonexistent;-1.7;92.94854885180078;-38.09597005260218;3.4085901045431406;5017;no
41;student;married;professional.course;no;no;no;cellular;jul;fri;98;2;999;0;nonexistent;-1.7;94.63077140221074;-38.25360090423704;1.494871026102527;5099;no
47;technician;divorced;high.school;unknown;yes;no;cellular;jun;thu;220;3;999;0;nonexistent;1.1;93.05270060309488;-40.64296206642011;1.5298140876714792;5195;no
18;retired;single;university.degree;no;no;no;cellular;nov;wed;438;5;21;1;nonexistent;-0.1;93.05608378014065;-37.778821283913125;0.8050166137666168;5008;no
32;blue-collar;married;basic.9y;no;yes;no;cellular;may;thu;1264;1;999;0;nonexistent;1.1;93.70219154292211;-37.15733701859619;3.89716571699563;5228;no
54;admin.;married;high.school;unknown;yes;no;cellular;jun;mon;75;3;999;0;failure;1.1;94.13088444325977;-43.383695619360694;5.074646832744517;5076;no
39;entrepreneur;single;university.degree;no;no;no;cellular;jun;tue;1137;1;999;0;nonexistent;-1.7;93.54976202304509;-43.44979762222854;1.0376945303977152;5099;no
53;blue-collar;married;high.school;unknown;no;no;cellular;jun;thu;0;1;999;0;nonexistent;-0.1;93.64902515975993;-36.06583939167637;4.2565937774328155;5195;no
46;management;married;professional.course;no;no;no;cellular;aug;wed;5;2;999;0;nonexistent;-1.8;93.5891094444136;-38.26697860214575;3.5;5195;no
33;technician;married;university.degree;no;no;no;telephone;may;tue;312;3;999;0;failure;1.1;93.24136355254714;-43.749188283929094;3.5460723107148935;5195;no
45;blue-collar;married;university.degree;no;yes;no;telephone;jul;wed;30;8;999;0;nonexistent;-1.8;93.58121511816309;-39.14925451929861;0.9530461283125669;5017;no
50;admin.;single;unknown;no;yes;yes;telephone;jun;tue;11;2;999;0;nonexistent;-1.7;94.05987468395763;-44.44030023550239;4.701658805651288;5228;no
36;management;divorced;high.school;no;yes;no;cellular;may;thu;48;5;999;0;nonexistent;-0.1;94.29028685273398;-39.82413257949316;4.276026665544026;5017;no
32;blue-collar;single;basic.4y;no;yes;no;telephone;may;mon;99;3;999;0;nonexistent;-0.1;93.82071822270953;-45.38480019791457;3.3424108908919132;5195;no
29;blue-collar;single;high.school;no;yes;no;telephone;jun;tue;236;2;999;0;nonexistent;1.1;94.04187202425194;-47.62732830930102;1.886442857321156;5176;no
48;blue-collar;single;university.degree;no;no;no;cellular;aug;tue;30;3;999;0;nonexistent;1.1;93.82082799167496;-40.05125822986724;3.061206107034922;5017;no
48;services;married;university.degree;no;no;no;telephone;may;fri;48;2;999;0;failure;-1.8;93.31381927910762;-32.002185639698155;3.3649895213859327;5228;no
31;services;married;professional.course;no;no;no;telephone;may;thu;125;5;999;0;failure;-1.8;93.95611240305598;-41.10523134126355;3.631822935308048;5099;no
27;retired;married;high.school;no;yes;no;cellular;aug;thu;30;2;999;0;nonexistent;-1.8;92.86741829658274;-41.4796405262312;4.632109057475892;5099;no
34;services;married;unknown;unknown;no;no;cellular;oct;wed;585;1;3;1;nonexistent;-0.1;93.40707573178301;-37.74123381057098;1.5874776144176903;5176;yes
37;self-employed;married;basic.4y;no;yes;no;cellular;jun;mon;70;3;999;0;nonexistent;-1.7;94.43599693001784;-34.978998163442434;2.222630496878555;5099;no
47;admin.;married;university.degree;no;yes;no;cellular;aug;mon;725;4;999;0;nonexistent;1.1;93.35059832098932;-38.765074498681;5.1;5191;no
55;technician;married;basic.9y;no;no;no;telephone;nov;thu;221;2;999;0;nonexistent;-1.7;93.54329654785471;-36.484083863125576;4.237922840489168;5195;no
33;student;married;university.degree;no;no;no;cellular;may;fri;11;5;999;0;nonexistent;1.4;93.13460779754122;-38.69140841678336;4.388910528740179;5191;no
56;admin.;divorced;high.school;no;no;no;cellular;aug;mon;6;3;999;0;nonexistent;-0.1;92.96995705417228;-36.24840303695303;1.8900858940488976;5228;no
29;management;divorced;high.school;no;yes;no;cellular;oct;wed;486;4;999;0;nonexistent;-0.1;93.63477847596425;-40.66609516171948;0.7504113011932128;4963;no
46;blue-collar;married;high.school;no;yes;no;cellular;may;thu;234;3;999;0;nonexistent;1.1;93.58070972646696;-35.26736568682318;4.551440029391141;5228;no
52;blue-collar;married;basic.4y;no;yes;yes;cellular;may;fri;849;2;999;0;nonexistent;1.1;94.18245455247185;-37.830358583005975;4.792256948945636;5176;no
29;technician;single;basic.4y;unknown;no;no;telephone;jun;mon;128;4;7;1;nonexistent;1.1;92.7412991902183;-46.83716402705917;3.4923109570913176;5176;no
28;retired;single;professional.course;no;yes;no;cellular;jun;fri;17;3;999;0;nonexistent;1.4;93.77054249077314;-37.350803870523094;2.5347414999703597;4963;no
41;technician;married;basic.9y;no;yes;no;cellular;jul;tue;456;3;999;0;nonexistent;-0.1;93.71698435418348;-33.33299973741373;0.7206741265775675;5017;no
50;admin.;single;basic.6y;no;yes;no;cellular;may;fri;75;5;999;0;nonexistent;1.4;93.23977307743444;-38.09043441429996;4.341750923454819;5228;no
38;blue-collar;married;university.degree;no;yes;no;telephone;aug;tue;270;3;999;0;nonexistent;-0.1;93.89430908310887;-41.64504609885253;4.429355083543319;5228;no
48;blue-collar;single;high.school;unknown;yes;no;cellular;may;wed;521;1;999;0;nonexistent;1.4;92.74678326411782;-31.896238686674195;5.1;5176;no
46;technician;divorced;university.degree;unknown;yes;yes;cellular;may;mon;1;1;13;1;nonexistent;1.4;92.82435448178046;-39.77389973795755;3.7990044005722705;5176;no
25;self-employed;married;university.degree;no;yes;no;cellular;may;tue;215;2;999;0;success;-0.1;92.57853161069168;-41.36583357315269;0.6;5176;yes
40;housemaid;married;basic.9y;no;yes;no;cellular;may;tue;4;1;999;0;nonexistent;1.1;93.2747584971859;-38.68092637537838;4.853475917278864;5195;no
49;blue-collar;married;university.degree;unknown;yes;no;cellular;may;thu;430;1;26;2;failure;-1.8;93.64046339664635;-36.01654182845952;1.1444909719155505;5191;no
30;management;single;basic.6y;no;yes;no;telephone;jun;mon;131;5;11;1;nonexistent;-1.7;93.6299596031471;-41.73306131360279;2.307885365195669;5099;no
32;blue-collar;single;high.school;no;yes;no;cellular;oct;mon;14;5;999;0;nonexistent;-0.1;93.20637354507701;-39.96588174905054;3.6106649672837015;5195;no
51;blue-collar;married;high.school;unknown;yes;no;cellular;aug;tue;21;2;999;0;nonexistent;-1.8;94.33971961033046;-36.21491988313724;3.4013077549205804;5228;no
38;blue-collar;married;high.school;no;no;no;telephone;nov;tue;87;1;29;1;nonexistent;-0.1;93.57073926878823;-41.601908976120484;0.9743650421816713;5008;no
44;entrepreneur;married;university.degree;no;yes;no;cellular;jul;thu;507;2;23;1;nonexistent;1.1;92.5480895431253;-38.44140171852576;3.4618617787252255;5099;no
22;technician;single;basic.6y;no;yes;no;cellular;jul;tue;212;4;999;0;nonexistent;-0.1;94.49302331037812;-41.73259616518201;4.731284399607927;5228;no
45;technician;single;basic.9y;no;no;yes;cellular;jun;wed;233;6;999;0;failure;1.1;94.36299565807575;-38.58843128109599;4.337928272839121;5099;no
32;admin.;married;university.degree;no;yes;no;telephone;jun;thu;120;1;999;0;nonexistent;-1.8;93.94436913845205;-46.83548457491476;4.911352135483332;5008;no
24;management;married;professional.course;no;yes;no;cellular;may;thu;7;2;18;1;nonexistent;-1.7;93.6789663602977;-44.11327627906364;4.962406365898855;5191;no
37;blue-collar;married;university.degree;no;yes;no;cellular;apr;tue;292;5;999;0;nonexistent;1.1;93.57837076056971;-43.77648914491049;4.743268814732679;5176;no
48;management;married;professional.course;no;yes;no;cellular;mar;fri;30;4;999;0;nonexistent;-0.1;92.96326666726225;-38.46083281485452;3.9313675591119805;5099;no
49;student;single;basic.9y;no;yes;no;telephone;may;tue;192;2;999;0;nonexistent;-1.7;93.56192225962072;-37.00132972471076;4.283422031005299;4963;yes
39;admin.;married;high.school;no;yes;no;cellular;may;tue;831;1;999;0;nonexistent;-0.1;93.52528140124132;-40.46534587251406;3.8313008757441587;5191;no
35;entrepreneur;married;basic.9y;no;yes;no;telephone;oct;tue;1;3;999;0;nonexistent;-1.8;93.6355626673736;-45.970305405569874;3.1082117488241674;5176;no
24;admin.;single;basic.4y;unknown;no;yes;cellular;aug;wed;210;2;999;0;nonexistent;-1.7;93.25879493585651;-32.95874630748423;4.963030277670173;5191;no
45;entrepreneur;married;high.school;no;yes;no;telephone;jun;fri;709;3;999;0;nonexistent;1.4;92.60158058759842;-39.61403537738923;4.132748298184563;4963;no
38;management;married;professional.course;no;no;no;cellular;jul;fri;186;1;999;0;nonexistent;1.1;93.96986354523956;-35.3798171790321;2.99791042870031;5191;no
37;blue-collar;single;high.school;unknown;yes;no;cellular;jul;thu;31;2;999;0;nonexistent;1.1;93.42940099876564;-35.211302065168304;0.6090467879293827;5191;no
36;blue-collar;married;high.school;no;no;no;cellular;jun;wed;35;2;999;0;failure;-1.8;93.3141393300041;-45.32815934115311;4.020840865901802;5076;no
48;blue-collar;married;basic.4y;unknown;yes;no;telephone;jun;mon;150;4;1;1;nonexistent;-0.1;93.725237715247;-42.366701503763665;1.4423174721837215;5191;no
46;services;single;basic.9y;no;yes;no;telephone;may;mon;182;1;7;1;nonexistent;1.1;94.04543328429135;-33.4360083064354;1.1554598972039714;5176;no
49;self-employed;married;high.school;no;no;no;cellular;mar;wed;340;3;999;0;nonexistent;1.4;93.12250674564262;-39.93107026000357;3.639511073071123;5099;no
47;technician;married;university.degree;unknown;no;no;telephone;jun;tue;35;2;999;0;nonexistent;1.1;93.79847760019993;-38.85295302671132;4.368409646755109;5191;no
36;blue-collar;married;professional.course;unknown;no;no;cellular;may;mon;75;1;999;0;failure;1.1;93.78576098234784;-38.04544836271371;4.830415988040449;5228;no
34;services;divorced;basic.9y;no;yes;no;telephone;may;tue;183;2;999;0;nonexistent;-0.1;93.74258724436035;-38.030188913969184;4.803015144558046;5176;no
38;blue-collar;married;professional.course;no;yes;no;telephone;oct;wed;337;1;999;0;nonexistent;1.1;93.69176914678074;-40.451733853359066;0.8749209587433888;5176;no
39;blue-collar;married;high.school;no;yes;unknown;cellular;may;tue;139;1;4;1;nonexistent;-1.8;93.79664455433334;-42.980450866952886;4.172510102646417;5076;no
47;services;married;high.school;no;yes;no;telephone;may;wed;1435;4;0;2;nonexistent;1.4;93.49970095988257;-42.03930694787156;5.1;5076;yes
39;admin.;single;professional.course;no;yes;no;cellular;jul;thu;680;2;999;0;nonexistent;1.4;93.89522878684194;-37.57826133770593;1.0778115433057194;5099;no
38;blue-collar;married;university.degree;no;no;no;cellular;may;mon;157;3;999;0;nonexistent;1.4;93.51316274927888;-44.676098692089525;4.377684295393832;5195;no
43;blue-collar;married;basic.9y;no;yes;no;cellular;may;tue;362;7;999;0;nonexistent;1.1;94.30587888247544;-44.51804104527208;1.9601972256912301;5191;no
44;admin.;married;unknown;no;no;unknown;telephone;may;thu;551;1;999;0;failure;-1.7;94.18486176278284;-41.32228804790345;3.8807719974755175;5099;no
32;housemaid;single;basic.4y;unknown;no;no;cellular;may;mon;202;1;999;0;nonexistent;-1.7;94.15571642129304;-42.41614821707894;1.8827409606675651;5176;no
35;housemaid;divorced;professional.course;no;yes;no;cellular;aug;wed;143;2;999;0;failure;1.4;92.46451145245449;-38.338209252123754;2.5344367683587508;5176;no
30;blue-collar;married;high.school;no;no;no;telephone;may;wed;0;4;15;1;nonexistent;1.1;93.16335549871093;-31.45999029434145;3.8906018700179184;5176;no
33;blue-collar;divorced;university.degree;no;no;no;cellular;sep;wed;7;1;999;0;nonexistent;-0.1;94.48482062395296;-37.415941389769394;5.1;5176;no
51;admin.;married;unknown;no;yes;yes;cellular;nov;mon;40;1;999;0;nonexistent;1.1;92.72118874332142;-40.813375836667156;4.318700221829677;5191;no
47;technician;married;basic.6y;no;no;no;cellular;nov;thu;37;1;999;0;success;-1.8;94.59442643093105;-50.6115944677107;2.489810068130582;4963;yes
46;blue-collar;married;high.school;unknown;no;yes;telephone;jun;wed;52;1;999;0;failure;1.1;93.70925176958174;-40.07540313935909;4.998883276119425;5099;no
47;entrepreneur;married;professional.course;unknown;yes;no;telephone;apr;fri;750;3;999;0;nonexistent;-0.1;93.47320394201178;-42.852298694827674;4.486260332497902;5228;no
18;management;married;basic.9y;no;no;no;telephone;jul;thu;80;1;999;0;nonexistent;1.1;93.19588039793564;-36.196781466076374;3.5708129565947244;5099;no
37;admin.;married;professional.course;no;no;no;telephone;may;wed;121;2;999;0;nonexistent;-1.7;93.51428909560164;-43.25317181687781;4.218926009752259;5176;yes
41;admin.;married;university.degree;no;yes;yes;cellular;aug;thu;18;3;4;1;nonexistent;-1.7;93.47595946185733;-43.683972236475086;3.2918247002571883;5195;no
31;admin.;single;illiterate;unknown;yes;no;cellular;nov;wed;7;2;16;1;failure;-0.1;93.07706112191094;-37.35933880822155;4.346889736496228;5099;no
24;admin.;married;professional.course;no;no;no;telephone;apr;mon;360;2;999;0;nonexistent;-0.1;92.86312230685121;-41.4910789559738;3.5298000380768473;5099;yes
37;admin.;married;university.degree;no;yes;no;cellular;may;fri;138;3;999;0;nonexistent;1.4;92.85652253184628;-40.79577162969804;4.942635689626995;5008;no
46;blue-collar;single;basic.9y;no;yes;no;cellular;may;tue;105;4;999;0;success;-0.1;94.14686014366009;-42.84097763098985;3.7918075025829374;5017;no
49;technician;married;high.school;no;no;no;telephone;jul;wed;181;1;999;0;nonexistent;-0.1;93.8313415798348;-36.87368523216003;3.5402368726923643;5176;no
26;student;married;high.school;no;yes;no;cellular;jul;mon;316;1;999;0;nonexistent;1.1;93.71033915603095;-43.40754096488182;1.968606848129779;5076;no
43;blue-collar;single;high.school;no;no;yes;telephone;may;thu;30;2;999;0;success;-0.1;92.99009279919248;-38.70047504431985;4.492313455303771;5195;no
26;unemployed;married;basic.9y;no;yes;no;cellular;jul;wed;477;2;999;0;nonexistent;-1.8;93.70304427886944;-46.976652541444764;2.5556470412481707;5099;yes
43;admin.;married;high.school;unknown;no;no;cellular;jul;tue;552;1;999;0;nonexistent;1.4;94.34205193516088;-42.8624280493994;3.782986722141131;5099;no
32;admin.;divorced;basic.4y;no;yes;no;cellular;jun;fri;329;1;999;0;nonexistent;1.1;93.31739495650157;-37.355969339519554;4.284129844554722;5099;no
45;blue-collar;single;university.degree;unknown;yes;no;cellular;may;tue;99;2;999;0;failure;1.1;93.41774600383052;-37.47091363553664;5.1;5099;no
42;blue-collar;married;university.degree;no;yes;no;telephone;jul;fri;186;3;999;0;failure;-1.8;93.72572557682194;-41.7770780373965;1.4326597397271015;5195;no
56;admin.;married;high.school;no;yes;no;cellular;dec;tue;35;4;999;0;nonexistent;1.1;92.75189626181886;-37.593078011081246;4.69213056294659;5191;no
39;admin.;married;high.school;no;no;no;cellular;may;thu;147;1;21;1;nonexistent;1.1;94.26323429659556;-38.71035028957398;3.893147548475114;5195;no
44;blue-collar;married;basic.9y;no;yes;no;cellular;may;fri;716;7;999;0;nonexistent;-0.1;93.93433048843123;-38.71516158836724;3.8043117224834657;5099;no
46;blue-collar;married;university.degree;no;no;yes;cellular;may;wed;131;1;999;0;nonexistent;-1.7;93.83501566087712;-42.890439262759365;1.1119854615789777;5191;no
35;blue-collar;married;university.degree;no;yes;no;telephone;may;thu;129;3;999;0;nonexistent;1.4;93.5390561182231;-43.150633150786234;3.9088835330925953;5228;no
50;technician;single;professional.course;no;yes;no;telephone;aug;thu;94;2;999;0;nonexistent;-0.1;92.86603362664597;-41.4551034218118;4.696653760729596;5228;no
63;admin.;divorced;high.school;unknown;yes;no;telephone;jul;mon;550;1;999;0;nonexistent;1.1;93.7979788534095;-41.53039008681585;3.77057082307578;5017;no
37;technician;married;university.degree;unknown;yes;no;telephone;nov;thu;470;2;999;0;nonexistent;-1.8;93.39219083498443;-40.49518372822339;0.6;5099;no
31;admin.;married;basic.6y;no;yes;yes;cellular;may;wed;515;3;999;0;success;-0.1;94.00676509313362;-38.04548594529101;4.699093427433924;5017;no
18;technician;single;basic.6y;no;no;no;cellular;nov;fri;46;2;999;0;nonexistent;1.4;93.39047183227605;-40.378566058466866;4.358377700122297;5228;no
62;management;married;university.degree;no;yes;no;cellular;nov;tue;57;5;999;0;nonexistent;-0.1;94.6422232320151;-41.02086311575479;4.067155105746702;5176;no
50;housemaid;married;professional.course;no;yes;no;cellular;may;tue;5;3;22;1;nonexistent;1.1;93.14181828726986;-39.37278374788908;5.1;5176;no
41;self-employed;married;basic.9y;unknown;no;no;cellular;nov;mon;309;1;999;0;nonexistent;-1.7;93.18859353279697;-31.61196821382333;5.1;5191;no
48;services;single;university.degree;no;yes;no;cellular;may;tue;58;2;999;0;nonexistent;-0.1;93.09849682313585;-41.30624846642594;3.2708942821966045;5191;no
28;unknown;married;high.school;no;no;no;cellular;aug;mon;286;1;999;0;nonexistent;1.4;94.68953821400612;-42.166231337679584;1.856262529740462;5099;no
52;blue-collar;married;basic.6y;no;yes;no;cellular;aug;mon;61;3;6;1;nonexistent;1.1;92.98956425814363;-38.82719897407426;4.707704165113622;5228;no
42;services;married;high.school;unknown;no;yes;cellular;aug;thu;1324;2;7;1;nonexistent;-1.7;94.23829733281738;-39.20996557049314;0.6985574662455489;5195;yes
37;unknown;married;university.degree;no;yes;no;cellular;aug;thu;656;1;999;0;nonexistent;1.4;92.1640787639251;-37.883930322242534;3.9597275613525853;5195;no
41;services;married;high.school;no;yes;yes;cellular;aug;thu;80;1;999;0;nonexistent;1.4;93.47582309354198;-35.97892574422947;3.6060441122299975;5008;no
31;blue-collar;married;basic.9y;no;yes;no;cellular;jul;mon;760;2;999;0;nonexistent;1.4;93.08583435806858;-47.54988147001339;4.262890100773236;5017;no
32;retired;divorced;university.degree;no;yes;no;cellular;dec;fri;1335;3;999;0;nonexistent;-1.8;93.62932242519113;-30.852515559296506;1.3792799442220056;5099;no
27;blue-collar;divorced;professional.course;no;no;yes;cellular;aug;tue;147;1;999;0;nonexistent;1.4;94.23894953249236;-37.74700278095482;4.232827408041714;5176;no
41;blue-collar;divorced;basic.9y;no;yes;no;cellular;may;tue;443;3;999;0;nonexistent;-1.7;93.10953238465302;-37.60707695556961;3.188847384139895;5017;no
41;retired;married;basic.6y;no;unknown;no;cellular;jul;fri;160;4;999;0;nonexistent;-1.8;93.47972962287503;-39.93713844103727;4.287666582061937;5099;no
21;blue-collar;single;high.school;no;yes;no;cellular;apr;thu;868;2;999;0;nonexistent;1.1;93.51621129918045;-41.50542642784777;4.826198456983883;5099;no
24;services;divorced;basic.9y;no;no;no;telephone;may;tue;30;5;999;0;nonexistent;-0.1;93.68909933226942;-38.24398256120092;4.118898150920193;5228;no
49;entrepreneur;divorced;basic.4y;unknown;yes;no;cellular;aug;tue;415;2;12;1;success;1.1;93.11208411850596;-42.292578500432235;5.1;5076;yes
46;admin.;married;university.degree;no;yes;no;cellular;nov;wed;141;6;23;1;nonexistent;-0.1;93.4539855147074;-39.78471776717209;2.1431585135780398;5099;no
35;technician;single;high.school;no;yes;no;cellular;jun;thu;194;2;999;0;nonexistent;-1.8;93.05018315637543;-45.403915707424304;0.6;4963;yes
48;admin.;married;basic.9y;no;yes;no;telephone;may;tue;517;2;999;0;failure;-0.1;93.97441211785616;-44.04047646844801;4.23451521571237;5176;no
23;technician;single;high.school;no;no;no;cellular;aug;fri;305;3;999;0;nonexistent;-1.7;93.60745406725417;-33.61510481002272;2.7265922358534214;5195;no
49;technician;single;university.degree;no;yes;no;cellular;jun;mon;190;4;999;0;success;-0.1;93.29503360459698;-37.55255994715021;1.7879204461426013;5099;yes
18;entrepreneur;married;university.degree;no;no;no;telephone;may;fri;329;1;999;0;failure;-0.1;93.15594771750358;-38.98783437609989;0.6;5195;no
38;self-employed;married;basic.4y;no;yes;no;cellular;aug;mon;153;2;999;0;nonexistent;-1.7;93.48504253627719;-43.797234333617766;3.8800346085789212;5099;no
49;management;married;high.school;no;no;no;cellular;jun;thu;57;3;12;2;nonexistent;-0.1;93.41244312797734;-35.29377746495607;3.7601171147780663;5228;no
43;technician;married;university.degree;no;yes;no;telephone;aug;fri;33;3;7;1;nonexistent;-0.1;94.08195656910348;-45.37599410998583;4.565358049992077;5176;no
51;blue-collar;married;high.school;no;no;no;telephone;jul;wed;119;1;999;0;failure;1.1;93.29523645085744;-44.80586615604513;3.2970455993898726;5191;no
37;technician;married;university.degree;no;no;no;cellular;aug;tue;217;1;6;2;nonexistent;-1.8;93.04811123662861;-43.55520046027614;3.412661774629965;5017;no
39;admin.;married;high.school;no;no;no;telephone;may;wed;46;2;999;0;nonexistent;-0.1;93.42684620404192;-40.171883325618204;4.1579799186405175;5191;no
52;admin.;married;basic.4y;no;yes;no;telephone;jul;fri;448;1;999;0;nonexistent;-0.1;92.69649916258844;-38.984315877096776;2.2496111494555864;5099;no
50;technician;married;high.school;unknown;yes;no;telephone;may;mon;75;1;999;0;nonexistent;-0.1;93.9327830585414;-39.12592996232404;0.626495542611949;5191;no
35;blue-collar;single;university.degree;no;no;no;cellular;jun;wed;624;2;999;0;nonexistent;1.4;94.19548383204211;-42.947609030116645;2.9108154662541597;5195;no
43;blue-collar;married;basic.4y;no;yes;no;cellular;nov;wed;213;3;999;0;success;-1.7;94.35668181026783;-37.68304850565466;5.1;5176;no
33;admin.;married;university.degree;no;yes;yes;telephone;jun;mon;92;3;999;0;nonexistent;1.1;92.42191551880133;-27.817770696312344;4.754766005427523;5076;no
52;admin.;married;high.school;no;no;yes;cellular;jul;tue;38;2;20;1;nonexistent;1.1;93.30344814822509;-50.1637638736792;4.744708969903159;5195;no
39;admin.;married;university.degree;unknown;no;no;cellular;may;thu;79;2;8;1;nonexistent;-1.8;93.90710184269636;-42.00331261088766;3.7160305969429537;5099;no
43;admin.;single;basic.6y;no;yes;no;cellular;jul;fri;41;7;999;0;nonexistent;-1.7;93.63634181141538;-44.62994563225118;5.1;5195;no
37;blue-collar;married;high.school;unknown;no;no;cellular;apr;thu;20;2;0;1;failure;-1.8;93.08391677738153;-44.088837508720474;3.8487911885805377;5228;no
18;admin.;married;university.degree;unknown;yes;yes;cellular;may;wed;404;2;999;0;nonexistent;1.1;93.6236466996152;-43.40350829497831;0.7440349833762001;5099;no
30;blue-collar;married;high.school;no;yes;yes;telephone;nov;tue;1089;1;20;1;nonexistent;-0.1;93.77864563176607;-46.72099755548965;4.765394077564278;5099;no
24;admin.;single;university.degree;no;yes;no;cellular;may;wed;32;1;999;0;nonexistent;1.1;93.41126715709922;-43.466685878301234;4.3561825063522654;5099;no
42;admin.;single;basic.4y;no;no;no;telephone;apr;fri;516;3;999;0;nonexistent;-0.1;93.18214994262051;-39.22915932707983;1.67339207029198;5191;no
18;entrepreneur;single;university.degree;unknown;no;no;cellular;jun;fri;72;4;999;0;nonexistent;-1.8;93.02271555952633;-37.45600090992599;5.1;5191;no
42;admin.;married;basic.9y;unknown;yes;no;telephone;jul;tue;111;3;999;0;nonexistent;1.4;93.90444133811975;-46.89252344934862;1.9554062841793605;5228;no
29;admin.;single;basic.4y;unknown;no;no;telephone;may;fri;41;1;999;0;failure;1.4;94.03366343163529;-33.19606381546538;4.203204241014351;5228;no
43;technician;single;university.degree;unknown;yes;yes;telephone;may;mon;507;3;999;0;nonexistent;-1.7;94.40478184859602;-48.364436400737084;0.6;5099;no
40;blue-collar;single;university.degree;no;no;yes;cellular;jun;fri;403;5;999;0;nonexistent;1.1;93.62971157480622;-47.66341122619838;2.325298490297312;5008;yes
38;management;single;high.school;no;unknown;no;telephone;apr;wed;267;2;999;0;nonexistent;1.1;93.27931687323544;-38.45469746180989;4.190479224165686;5176;no
50;blue-collar;married;basic.9y;no;yes;no;cellular;apr;tue;224;4;999;0;nonexistent;-1.7;92.90068574745673;-32.94233121051615;2.092019402224078;5099;no
50;technician;married;university.degree;no;yes;no;cellular;apr;fri;235;2;999;0;failure;-1.7;93.38956342381069;-36.37677038316394;1.1970570457998955;5008;yes
53;admin.;married;high.school;no;no;no;cellular;aug;tue;1428;4;999;0;failure;-0.1;93.56160038737498;-42.845294550958414;1.6431651290291538;5228;no
32;services;single;basic.9y;no;no;no;telephone;may;wed;431;2;999;0;nonexistent;-1.7;93.60716113471061;-35.39160282549276;1.5507030950922596;5099;no
28;unemployed;single;unknown;no;no;no;cellular;may;thu;442;3;16;1;failure;1.4;93.29645531524861;-40.90694307156325;1.3814636761966157;5176;yes
50;student;single;high.school;no;yes;no;cellular;may;fri;34;3;999;0;nonexistent;-1.8;94.3579941768551;-45.88373820316332;3.871445603308628;5008;no
32;services;married;high.school;no;no;no;cellular;may;tue;113;3;999;0;nonexistent;1.1;94.16720513105787;-47.77631765548781;5.1;5176;no
25;admin.;single;basic.4y;no;no;no;telephone;apr;fri;134;3;999;0;nonexistent;1.1;94.18195040113324;-33.80194106922489;2.359960510963141;5191;no
27;entrepreneur;married;high.school;no;no;yes;telephone;nov;thu;17;1;999;0;failure;1.1;93.35537671738733;-45.02095221119106;0.6;5176;no
41;unknown;married;high.school;no;no;yes;cellular;jul;wed;103;4;999;0;failure;-1.7;93.62653907548892;-44.46836953711508;3.4981259770416453;5195;no
37;admin.;married;high.school;no;yes;no;cellular;jul;thu;156;1;8;1;nonexistent;1.1;93.25443436728536;-40.80507649890732;4.15366303746919;5191;no
50;retired;married;university.degree;no;no;no;cellular;may;fri;90;2;999;0;nonexistent;-1.8;93.39904481138943;-45.666130553161935;3.9638268897406164;5191;yes
26;admin.;married;basic.6y;no;yes;no;cellular;oct;tue;72;4;999;0;nonexistent;-0.1;94.13711386591375;-34.892258794598874;3.783878010803835;5099;no
25;blue-collar;married;university.degree;unknown;yes;yes;telephone;may;wed;57;4;999;0;nonexistent;-0.1;93.07082481003971;-41.8323970446729;4.751827318508394;5195;no
37;housemaid;married;basic.4y;no;yes;no;telephone;may;mon;574;2;999;0;nonexistent;1.4;93.5011510755539;-39.469151742648535;0.820026706660559;5099;no
20;housemaid;single;basic.6y;unknown;no;no;cellular;may;thu;41;5;999;0;nonexistent;-1.8;93.41575147703763;-41.26012719887653;1.1944349699773376;5008;no
35;technician;married;basic.4y;no;yes;yes;cellular;may;wed;191;1;20;1;nonexistent;-1.8;93.30000998027612;-35.94064963250493;4.323196424142235;5228;no
48;housemaid;married;university.degree;no;no;no;cellular;sep;tue;645;3;999;0;nonexistent;1.1;93.88911827716089;-43.72040010997983;3.6431306186667927;4963;no
61;admin.;married;basic.9y;no;yes;no;cellular;may;tue;12;2;999;0;nonexistent;-1.8;93.4524241600397;-37.63054093850621;2.2803996474098462;5191;no
35;services;single;high.school;unknown;no;no;telephone;apr;fri;144;1;999;0;nonexistent;-1.8;93.5239481791112;-36.34332070724459;3.0021895287689557;4963;no
35;blue-collar;divorced;university.degree;no;no;no;telephone;jun;mon;208;1;999;0;nonexistent;-1.8;94.01488173991825;-40.729008287534036;3.8397528052121896;5176;no
41;technician;married;basic.9y;no;no;yes;cellular;jul;fri;4;1;999;0;nonexistent;-1.8;93.57812877281822;-36.96976937727456;4.595363621115627;4963;no
46;admin.;married;university.degree;no;yes;no;cellular;jul;thu;33;2;999;0;nonexistent;1.1;94.36924805916075;-40.29846595105754;1.42741417416711;5228;no
50;admin.;single;high.school;no;no;yes;cellular;jul;tue;344;3;999;0;nonexistent;-1.8;92.84797763590052;-35.42215371961258;5.1;5195;no
33;management;married;high.school;no;unknown;no;telephone;jul;wed;218;5;999;0;nonexistent;1.4;94.18374589066765;-46.89474455078764;5.1;4963;no
50;management;single;unknown;no;no;no;telephone;jun;thu;40;3;999;0;nonexistent;1.1;93.89546185760035;-44.23668027869421;3.8286252829434217;4963;no
34;services;married;high.school;no;yes;no;cellular;jul;tue;198;4;999;0;nonexistent;-0.1;93.8737227057304;-40.664251673147604;3.5333457938365695;5176;no
55;blue-collar;married;high.school;no;no;no;cellular;nov;mon;43;2;999;0;nonexistent;-0.1;93.09059144471992;-48.89422043233694;5.1;5176;no
49;services;single;basic.9y;no;yes;no;cellular;nov;thu;171;3;999;0;nonexistent;1.1;93.76609589001609;-41.307359807394334;4.468166593626036;5191;no
31;technician;married;university.degree;unknown;yes;unknown;telephone;oct;tue;95;4;29;1;nonexistent;-0.1;92.78679957919373;-41.33672591736694;5.1;5176;no
41;services;married;basic.4y;no;yes;no;cellular;may;wed;190;2;999;0;nonexistent;-1.7;93.74805397021976;-45.31201821129803;0.7299013779139375;5099;no
35;admin.;married;basic.4y;no;no;no;telephone;jun;thu;955;1;999;0;nonexistent;1.4;93.1431337885357;-43.91339761036307;4.044513722659381;5176;no
45;technician;married;university.degree;no;yes;unknown;cellular;jul;fri;499;2;10;1;nonexistent;-0.1;93.9675617873983;-43.496200568891034;4.049051961424977;5176;no
37;admin.;married;university.degree;no;no;no;cellular;jul;thu;30;1;18;2;nonexistent;-1.8;92.84323082876683;-38.40502837322447;4.546221422692841;5017;no
32;student;single;university.degree;no;no;no;cellular;aug;thu;389;3;999;0;nonexistent;1.1;93.27294945703825;-37.85512160317684;4.031108883428113;5195;no
45;unknown;single;basic.4y;unknown;no;no;telephone;sep;thu;12;5;999;0;nonexistent;1.1;93.20967930315778;-44.37190293222706;5.1;5228;no
43;blue-collar;married;university.degree;unknown;yes;no;telephone;aug;fri;550;2;7;2;nonexistent;-0.1;93.59211830973045;-34.287002342559965;1.3087354355029572;5176;no
27;blue-collar;single;university.degree;no;yes;no;telephone;may;tue;59;3;999;0;nonexistent;1.4;93.36472305380367;-37.483916769904475;5.1;5228;no
53;blue-collar;married;basic.9y;unknown;yes;no;telephone;may;tue;182;2;29;2;nonexistent;-1.8;93.70774591864759;-45.15218496735033;1.6803140656090165;4963;yes
49;admin.;married;university.degree;no;no;no;cellular;aug;tue;17;7;999;0;nonexistent;1.1;93.08715262820216;-36.19033276735548;4.3160818290889775;5191;no
47;admin.;married;basic.6y;no;yes;yes;telephone;aug;tue;21;2;20;1;nonexistent;-0.1;94.26802885413043;-43.37170177932309;0.6;4963;no
38;student;divorced;basic.4y;no;yes;yes;telephone;jul;thu;233;2;999;0;nonexistent;1.4;93.83195598178737;-36.455586751295044;2.9869154370790554;5228;no
28;blue-collar;single;university.degree;unknown;no;no;cellular;jul;wed;519;1;5;1;nonexistent;-0.1;93.00959612785111;-40.15601247750399;0.6938324177838501;5099;yes
51;entrepreneur;single;high.school;no;no;no;telephone;may;thu;2902;2;999;0;nonexistent;1.1;94.21173372659334;-40.530556138097594;1.0639593564669718;5099;no
33;admin.;married;basic.4y;unknown;yes;no;telephone;jul;tue;226;1;0;1;nonexistent;-0.1;93.50631188021744;-36.28505255150429;0.6663457411751152;5099;no
31;technician;married;university.degree;no;yes;no;cellular;jul;tue;258;2;999;0;nonexistent;1.1;93.83727105883173;-39.48670198674135;3.7182526969762253;5099;no
41;admin.;married;high.school;no;no;no;cellular;may;fri;54;2;999;0;nonexistent;-1.8;93.45977314778555;-38.54961243609827;2.733468595872619;5099;no
21;technician;single;high.school;no;yes;no;cellular;may;thu;8;4;999;0;nonexistent;-1.8;93.65954185527299;-43.233967978139056;5.1;5099;no
42;services;single;basic.6y;unknown;yes;no;cellular;aug;tue;0;1;999;0;nonexistent;1.4;94.75223623506339;-39.164350373742245;3.214252257657151;5191;no
32;retired;married;high.school;no;yes;no;cellular;nov;thu;302;2;10;1;nonexistent;-1.8;93.90555913872093;-43.05761106502408;1.2112653015925943;5008;yes
38;admin.;married;university.degree;no;no;no;cellular;oct;mon;49;1;999;0;nonexistent;-0.1;94.4577373203341;-42.13784630974386;3.4888023932942365;5195;no
47;services;single;high.school;unknown;yes;no;telephone;apr;mon;56;4;999;0;failure;1.1;93.87459540921036;-41.12544674401358;3.301755253473151;5191;no
52;admin.;divorced;university.degree;no;yes;no;cellular;jul;wed;935;4;2;4;nonexistent;-0.1;93.34173688608766;-40.44884164281649;3.716929098461687;4963;yes
51;unknown;single;basic.4y;unknown;no;no;telephone;may;wed;23;1;9;2;nonexistent;-1.7;93.42227242008593;-41.35624574494972;4.695932837763289;5176;no
54;blue-collar;single;professional.course;no;no;no;telephone;may;wed;443;4;1;3;nonexistent;-1.7;93.63655302571588;-41.92970046150576;3.102827394721536;5228;no
39;admin.;single;high.school;no;no;no;cellular;nov;mon;78;2;999;0;nonexistent;1.4;92.81629383966586;-38.35167933461398;4.429964208405361;5099;no
18;services;single;basic.4y;no;no;no;cellular;may;fri;190;2;7;2;nonexistent;1.1;93.45985952012076;-40.18993254759187;2.4199526644872686;5228;no
38;technician;single;basic.9y;unknown;yes;no;cellular;apr;thu;161;3;999;0;nonexistent;-0.1;94.07526091106101;-38.342677590650254;3.5753865038031587;5176;no
46;admin.;married;university.degree;no;no;no;cellular;jun;wed;141;2;999;0;nonexistent;1.4;94.07949658161499;-32.10039536876113;0.6;5195;no
33;blue-collar;married;basic.9y;no;no;no;telephone;jul;thu;304;3;999;0;nonexistent;-0.1;93.05180660412756;-35.121945961641316;5.1;5099;yes
36;retired;single;university.degree;unknown;no;no;cellular;aug;tue;30;1;28;1;failure;-1.7;94.09371982127276;-42.16253433471891;1.5379588245089642;5017;yes
27;blue-collar;married;professional.course;no;no;no;telephone;jul;tue;9;2;999;0;failure;-1.7;93.30689534775037;-42.30311154144033;4.775904466925601;5191;no
47;student;single;high.school;unknown;no;no;telephone;jun;wed;90;1;2;1;failure;-0.1;92.18251964230787;-40.09026491815181;3.9498300982136323;5228;no
33;entrepreneur;married;professional.course;no;no;no;cellular;may;mon;1530;1;999;0;success;1.4;93.18666683882304;-34.548698574548254;0.7137946457273328;5008;yes
37;blue-collar;single;high.school;no;no;no;cellular;may;thu;363;3;999;0;nonexistent;1.1;93.91898900945733;-36.78428736747138;0.6;4963;no
45;blue-collar;married;basic.4y;unknown;no;no;cellular;may;tue;212;2;18;1;nonexistent;-1.7;93.18643152403257;-35.30941103712707;3.525181751312088;5195;no
39;blue-collar;married;high.school;no;yes;no;cellular;may;tue;396;4;13;1;nonexistent;1.4;93.61458995509356;-43.753346357687995;1.5216887625111295;5076;yes
55;services;married;university.degree;no;yes;no;cellular;nov;fri;102;5;21;1;nonexistent;-1.7;93.27842211962793;-39.022807656272896;2.0136974310939344;5099;no
36;blue-collar;married;university.degree;no;yes;yes;telephone;jul;thu;88;3;12;1;nonexistent;1.1;93.35965872490279;-31.196972668603557;5.1;5228;no
21;admin.;divorced;basic.9y;no;no;no;cellular;apr;fri;428;4;999;0;nonexistent;-1.7;93.92969531753756;-42.20282364226359;1.5370789589103917;5191;no
46;blue-collar;single;university.degree;no;no;no;cellular;may;thu;44;4;999;0;nonexistent;1.1;94.57504707740418;-42.36882747921561;3.074386095410773;5099;no
40;technician;single;professional.course;no;no;no;cellular;jul;wed;238;2;999;0;nonexistent;-0.1;93.27958953210585;-43.16238145129882;3.707733564824866;5176;no
47;services;married;university.degree;unknown;yes;no;telephone;apr;wed;255;3;999;0;nonexistent;-1.7;93.09495825801969;-34.507583853550166;4.983678593261447;5076;no
35;admin.;married;high.school;no;yes;no;cellular;may;tue;97;4;999;0;success;-1.7;93.7215682323401;-46.06057316461881;5.1;5099;no
43;services;single;basic.9y;no;no;no;cellular;aug;thu;63;3;999;0;nonexistent;1.1;93.55969199594998;-41.70965632048765;4.382969060219537;5176;no
37;admin.;divorced;high.school;no;no;no;telephone;apr;tue;114;3;999;0;nonexistent;1.4;93.87420219770608;-37.95022102068299;2.250624718767766;5076;no
24;technician;married;university.degree;unknown;no;no;cellular;apr;wed;17;1;999;0;nonexistent;1.1;94.34562321369819;-41.44510297246553;5.1;5176;no
46;admin.;single;high.school;no;no;no;cellular;mar;thu;8;1;999;0;nonexistent;1.1;94.09348526988097;-40.216951479808394;0.8531902458002633;5008;no
45;entrepreneur;married;basic.4y;yes;yes;yes;cellular;may;wed;249;1;999;0;nonexistent;-0.1;93.3089271316457;-38.30920009656045;3.7153531406765117;5076;yes
50;blue-collar;married;professional.course;no;yes;no;telephone;may;wed;350;3;0;1;nonexistent;1.1;93.7328470187227;-38.289260367764186;3.580053969459974;5191;no
18;admin.;married;unknown;no;yes;yes;cellular;may;mon;312;3;0;1;nonexistent;-1.7;93.53516741836478;-38.22507780706397;3.243985322408916;5191;no
39;admin.;single;university.degree;unknown;unknown;no;cellular;oct;thu;340;2;999;0;nonexistent;1.1;93.55152784316647;-37.7072952591948;5.1;5176;no
35;entrepreneur;single;basic.6y;unknown;no;no;telephone;may;thu;351;1;999;0;nonexistent;1.1;93.83344135540167;-38.17364611056741;3.1351670100065503;4963;no
49;housemaid;married;high.school;no;no;no;telephone;may;fri;30;1;999;0;nonexistent;-1.7;93.19183576108594;-34.47513270017318;3.674965347159778;5176;no
41;management;married;university.degree;no;no;no;cellular;jul;tue;557;3;999;0;failure;-1.7;94.87176350363895;-43.86953958420995;5.1;5099;no
36;services;single;high.school;no;yes;no;cellular;jun;thu;1088;3;999;0;nonexistent;-0.1;93.57861586576645;-39.432418232158454;4.626641738722521;5191;no
56;admin.;divorced;university.degree;no;unknown;no;cellular;nov;fri;696;4;999;0;failure;1.4;93.5617590788874;-45.56110366120489;4.5792864010553185;5191;no
59;management;married;university.degree;no;no;yes;cellular;jun;fri;81;1;999;0;nonexistent;1.1;93.61947106959944;-44.395561753373386;1.0441365939271599;5099;no
55;admin.;married;high.school;no;no;yes;cellular;sep;thu;13;2;999;0;nonexistent;1.1;94.1454580631299;-38.3685498500735;3.7886982574832437;5017;no
43;retired;single;high.school;no;unknown;no;telephone;oct;wed;231;2;999;0;nonexistent;1.1;93.07342870168695;-40.52218825800771;0.814819128697942;5195;yes
35;blue-collar;single;university.degree;no;no;no;cellular;jun;tue;147;4;999;0;nonexistent;-1.7;93.53249339471027;-39.79144831359275;2.627560804447902;4963;no
60;entrepreneur;divorced;university.degree;unknown;yes;yes;cellular;jun;thu;341;5;999;0;nonexistent;1.4;92.78054320615007;-35.127349527957946;1.625465733228952;5076;no
53;blue-collar;married;basic.9y;no;yes;no;telephone;jul;fri;993;3;999;0;nonexistent;1.4;93.23564564301562;-37.20364449060457;0.8150479163263049;5076;no
48;admin.;single;professional.course;no;yes;no;telephone;nov;wed;127;3;999;0;nonexistent;-1.7;93.7874770285997;-42.54867618291248;5.1;5195;no
36;retired;married;university.degree;no;no;no;cellular;may;wed;76;1;999;0;nonexistent;1.1;93.2196577164879;-41.2405894867129;3.7067619631451434;5017;no
28;self-employed;divorced;university.degree;no;yes;yes;cellular;aug;tue;37;5;999;0;nonexistent;-0.1;93.53710961632078;-37.2601921307143;1.56589636052307;5191;no
27;admin.;married;basic.9y;unknown;no;yes;cellular;jun;wed;317;1;7;2;nonexistent;-0.1;93.27561990229728;-47.633335762870836;1.569238118094382;4963;yes
40;blue-collar;married;university.degree;no;no;no;cellular;jun;fri;128;3;999;0;nonexistent;1.1;94.00488017476053;-43.493473205358484;1.763188223123677;5099;no
45;blue-collar;married;university.degree;no;no;no;telephone;may;thu;703;4;999;0;failure;1.1;92.91362055309308;-39.55148531499836;1.867350818313287;5017;no
20;technician;married;high.school;no;yes;yes;cellular;nov;tue;313;1;999;0;nonexistent;1.1;93.08546176211804;-38.71333779428234;1.2353276271350455;5017;no
50;admin.;single;professional.course;no;yes;no;cellular;may;thu;126;2;999;0;nonexistent;-1.8;93.0918674496491;-38.138334426503036;1.7802088383736383;5176;yes
24;housemaid;married;basic.4y;no;no;no;telephone;may;wed;446;1;999;0;nonexistent;-0.1;93.77443907410907;-36.579281328807;0.6607437123274135;5099;no
37;student;married;basic.9y;no;unknown;no;telephone;jun;wed;178;1;999;0;nonexistent;-0.1;93.3021487495233;-34.41176764271488;4.114576193076828;5191;no
52;technician;married;high.school;no;no;no;telephone;jun;thu;330;3;999;0;nonexistent;-0.1;93.5716368241051;-39.29362447043088;3.2067869717013684;5195;no
62;unknown;divorced;high.school;no;yes;unknown;telephone;sep;wed;473;4;999;0;nonexistent;1.1;94.1608215006554;-43.46615511023273;3.4883672653684057;5099;no
41;admin.;single;high.school;unknown;yes;no;telephone;nov;fri;348;4;999;0;nonexistent;-1.8;93.34306941635352;-40.308225704931154;1.6281862620450216;5099;no
38;admin.;divorced;professional.course;no;yes;no;telephone;aug;thu;202;3;999;0;nonexistent;1.1;94.26315825696271;-42.87946820075269;1.3925123382048374;5191;yes
39;blue-collar;married;basic.9y;no;yes;yes;cellular;jul;fri;33;3;999;0;nonexistent;-0.1;92.43580855167664;-41.654059410330916;4.117363525309206;5228;no
38;retired;married;university.degree;no;no;no;cellular;jul;wed;37;4;999;0;nonexistent;1.1;92.87995389310517;-39.30746214119277;1.8030896661938687;5176;no
48;technician;married;basic.6y;no;yes;no;telephone;oct;tue;359;2;999;0;nonexistent;1.1;93.36205987173649;-32.15585583164366;4.886858689219941;5228;no
34;technician;married;university.degree;no;yes;no;cellular;jun;fri;5;4;11;1;nonexistent;1.1;92.77940941403558;-39.54015522543718;0.6718153257441504;5008;no
33;unemployed;married;university.degree;no;no;no;cellular;nov;wed;170;2;999;0;nonexistent;-1.7;93.88131785103299;-45.456775998956985;4.932770246881686;5228;no
33;technician;married;high.school;no;yes;yes;telephone;may;mon;67;5;26;2;nonexistent;-0.1;93.74701389866084;-44.27938736537689;3.3498305914852518;5195;no
50;blue-collar;married;high.school;no;yes;no;cellular;may;wed;1378;4;11;1;nonexistent;-1.8;93.77165631547525;-32.9141944516916;5.0116064242622205;5176;no
44;management;married;university.degree;no;yes;no;cellular;may;fri;237;2;999;0;nonexistent;-1.7;92.8237036126357;-33.345327749816335;4.208154332245061;5191;no
43;management;married;university.degree;no;yes;yes;cellular;oct;mon;429;1;999;0;nonexistent;-0.1;93.4039884084447;-45.46296686696705;3.752994082842328;5195;no
58;unemployed;married;unknown;no;yes;no;cellular;nov;tue;785;3;999;0;nonexistent;-1.8;93.48374961847246;-32.73550537961711;5.1;5176;no
46;technician;married;university.degree;no;no;no;cellular;may;mon;722;1;8;1;nonexistent;1.1;93.18464809286009;-36.39818782427703;4.144916005745414;5191;no
60;admin.;single;basic.6y;no;yes;no;cellular;may;wed;275;2;24;1;nonexistent;1.4;93.30770432885912;-48.64555240086477;3.910550165395217;5228;no
53;blue-collar;single;professional.course;unknown;no;yes;cellular;may;wed;409;1;999;0;nonexistent;-1.7;93.23569056150977;-38.75826533203262;4.927294342078408;5008;no
29;blue-collar;married;university.degree;no;yes;no;cellular;nov;fri;172;2;999;0;nonexistent;1.4;93.30895095321335;-44.681126421713756;3.0156343107840033;5195;no
50;management;divorced;high.school;unknown;no;no;cellular;jul;thu;48;4;1;3;nonexistent;-1.7;94.24438245994058;-44.7410869522314;2.1782675167867254;5017;no
54;technician;married;university.degree;no;yes;no;cellular;jul;fri;833;1;999;0;failure;-1.8;92.83069835608684;-40.029442840812166;3.0017764398132103;5076;yes
27;services;single;university.degree;no;yes;no;telephone;aug;tue;226;3;999;0;nonexistent;1.1;92.80695266631355;-42.6132355030268;3.5309583370783746;5191;no
46;blue-collar;single;basic.9y;no;yes;no;telephone;jun;fri;20;6;999;0;nonexistent;1.4;94.68267407739668;-42.050760990803745;1.5822426280159436;5228;no
25;retired;single;high.school;no;yes;no;telephone;apr;wed;56;4;0;1;nonexistent;-1.7;94.49497000172869;-32.74573293405539;4.236929897422416;5176;no
42;blue-collar;married;basic.4y;no;yes;no;cellular;jun;mon;375;2;999;0;nonexistent;-0.1;94.09551505306275;-41.471404491327974;3.2688084286980175;4963;no
51;services;married;high.school;no;yes;no;cellular;may;thu;101;2;999;0;nonexistent;-1.8;92.96011647089139;-42.42779958075025;4.6858259357393575;5195;no
31;blue-collar;divorced;university.degree;no;no;no;cellular;may;thu;316;3;999;0;nonexistent;-0.1;93.01346111987496;-41.795023150651765;3.8718638478151384;5195;no
47;services;divorced;university.degree;unknown;yes;yes;telephone;apr;thu;4;1;999;0;nonexistent;-1.8;93.10097201820987;-32.44410651151284;3.338127730954791;5191;no
25;technician;divorced;basic.9y;no;no;no;telephone;aug;wed;322;2;999;0;nonexistent;1.1;93.53178628442214;-37.00696162494406;3.358962902242598;5176;no
43;admin.;single;basic.6y;no;yes;yes;cellular;sep;fri;461;1;999;0;nonexistent;1.4;93.7269913476623;-39.48874734550003;0.7561218295878321;5228;no
43;blue-collar;single;high.school;no;yes;no;cellular;sep;wed;48;3;999;0;nonexistent;1.1;92.85090676725014;-37.86467470526866;4.52241990574619;5228;no
41;technician;divorced;basic.9y;unknown;no;no;cellular;aug;thu;1388;3;25;4;nonexistent;1.4;93.3232744005403;-44.14908799708016;3.451679404443846;5099;no
33;blue-collar;married;university.degree;no;yes;no;telephone;aug;mon;990;1;999;0;failure;-0.1;93.32492044882252;-29.719194486494477;4.172222297836116;5228;no
47;blue-collar;married;basic.9y;no;no;no;cellular;may;wed;589;3;999;0;nonexistent;-1.7;93.33959372424414;-40.91692313534952;4.054622004390102;5099;no
47;management;married;high.school;no;no;no;telephone;jun;fri;48;1;999;0;nonexistent;-1.8;93.51265861181218;-32.65558179722672;3.4467546550562633;5099;no
58;services;married;professional.course;no;no;yes;cellular;nov;tue;19;1;999;0;nonexistent;-1.8;93.57938686961907;-37.6716507855364;2.9816802286889432;5176;no
66;unknown;single;university.degree;no;yes;yes;cellular;may;tue;1127;1;999;0;nonexistent;-1.8;94.57988230326691;-39.836495380092494;5.1;5099;no
29;admin.;single;university.degree;no;no;no;cellular;apr;tue;217;2;999;0;nonexistent;-1.7;93.09895573785852;-39.09234902373611;4.161173979217401;5191;no
33;admin.;married;basic.4y;no;yes;no;cellular;may;wed;1631;2;999;0;nonexistent;-1.8;93.65033532367804;-40.026763594092735;0.6;5228;no
36;blue-collar;married;basic.6y;no;yes;no;telephone;jun;tue;201;4;999;0;nonexistent;-0.1;93.17279406660104;-36.77744917940083;5.1;5191;no
40;blue-collar;married;basic.4y;no;yes;no;cellular;oct;wed;73;5;24;3;nonexistent;-0.1;94.56070629251492;-39.44926678298189;3.9430677588076732;5176;no
38;blue-collar;single;high.school;no;yes;no;cellular;jul;wed;33;2;13;1;nonexistent;1.1;93.36757508035404;-42.236811627339975;3.5;5099;no
43;technician;married;university.degree;no;yes;no;cellular;aug;tue;156;4;999;0;nonexistent;1.1;93.06418317781652;-38.720070854590446;4.3215326255737185;5191;no
32;admin.;single;basic.4y;no;yes;no;cellular;may;mon;118;3;999;0;failure;1.4;93.06820115004614;-37.98738871593424;5.1;5191;no
35;blue-collar;single;professional.course;unknown;yes;no;cellular;nov;wed;685;2;999;0;nonexistent;1.1;93.38263736126953;-39.487558392142596;4.86386695331473;4963;no
18;services;married;basic.6y;no;yes;yes;telephone;jul;thu;367;1;999;0;nonexistent;-1.8;93.98085244644491;-44.73084321142936;2.2815431222507794;5191;no
41;management;married;high.school;no;yes;no;cellular;jun;thu;74;2;999;0;nonexistent;-0.1;93.24367376858731;-45.51060664348139;4.48129506924378;5099;no
32;technician;single;professional.course;unknown;yes;no;cellular;nov;fri;749;3;25;3;nonexistent;-0.1;93.67781217654306;-39.8775404896324;2.4314779960322053;5099;no
35;housemaid;single;university.degree;no;yes;no;telephone;jul;wed;401;1;999;0;failure;-0.1;93.75230440910168;-44.09863298777579;0.6;5228;yes
49;admin.;married;basic.6y;no;no;no;cellular;jun;tue;540;3;28;1;nonexistent;-0.1;93.7253461474409;-35.980027409752445;0.8871292602058198;5017;no
34;unknown;married;professional.course;no;no;yes;cellular;jul;fri;17;2;999;0;nonexistent;-1.8;92.86574324236553;-42.98162459587327;2.4299895604637114;5099;no
43;admin.;single;professional.course;no;yes;no;cellular;oct;fri;76;3;999;0;nonexistent;-0.1;93.71415000113774;-37.341048300178784;3.514021878699883;5228;no
53;blue-collar;married;basic.9y;no;yes;no;telephone;oct;mon;6;4;999;0;nonexistent;-0.1;93.4582475154292;-43.28572196958465;3.6245451459323927;5228;no
46;admin.;married;professional.course;no;yes;no;cellular;aug;mon;37;1;999;0;nonexistent;-1.7;94.18596263614126;-37.403491269212324;5.1;5176;no
54;student;married;university.degree;no;no;no;cellular;nov;mon;110;4;999;0;nonexistent;-1.8;93.60793803349655;-40.53540822499079;0.8512473557242362;5176;no
57;technician;married;basic.9y;no;yes;yes;telephone;aug;wed;70;2;999;0;nonexistent;-0.1;93.52750710120449;-36.14932234939628;3.414393269264721;5099;no
40;services;single;high.school;no;no;no;cellular;nov;fri;358;1;999;0;nonexistent;-1.8;93.96165976177332;-39.26686533378337;4.90581843442726;5195;yes
41;student;married;high.school;no;no;no;cellular;may;wed;661;2;999;0;nonexistent;1.4;93.28560488092336;-41.01845238589205;1.2367520000446885;5191;no
45;management;married;university.degree;unknown;no;no;cellular;jul;mon;156;1;999;0;nonexistent;1.1;94.77770375246054;-38.715648127898234;1.8079993513916153;5191;no
26;student;divorced;basic.4y;no;yes;no;cellular;may;mon;573;3;15;1;failure;-0.1;93.10075922611325;-44.85123803259016;1.150346810645108;5191;no
46;technician;divorced;professional.course;unknown;no;no;telephone;apr;thu;3;5;999;0;nonexistent;-0.1;93.36481403418897;-34.18690829778708;5.1;5195;no
48;management;married;university.degree;no;no;no;telephone;jun;mon;241;2;999;0;nonexistent;-1.7;92.95874761187036;-41.91573287204263;3.5;5017;no
23;admin.;single;university.degree;unknown;no;no;cellular;nov;mon;574;2;999;0;nonexistent;-1.7;92.63101948855788;-40.40954613451793;5.1;5191;no
32;admin.;single;high.school;no;no;no;telephone;may;thu;356;1;999;0;nonexistent;1.1;93.31624370439272;-42.14370355865569;5.1;5228;no
27;blue-collar;divorced;basic.9y;no;yes;no;cellular;aug;wed;343;3;14;1;nonexistent;-0.1;93.37264183383313;-37.071906823518226;1.8187286593200898;5099;no
45;admin.;single;university.degree;no;yes;no;cellular;may;tue;71;3;999;0;nonexistent;-1.7;93.1554478243293;-38.100537133696434;3.3759060612534553;5099;no
33;technician;divorced;high.school;unknown;yes;no;cellular;nov;wed;34;2;1;1;nonexistent;1.1;92.71536620595067;-34.2748033428154;2.395766544286209;5017;no
53;blue-collar;married;university.degree;no;yes;no;cellular;jun;mon;165;1;999;0;nonexistent;-0.1;94.18014372613878;-43.7122171342939;3.940228004220197;5176;no
48;admin.;single;basic.4y;no;yes;no;cellular;jul;wed;67;3;999;0;success;-1.8;93.14793954032484;-41.997814938863954;1.1231571436920842;5099;yes
56;unknown;single;basic.9y;no;yes;no;telephone;jun;fri;68;2;999;0;nonexistent;-1.7;93.19078369605047;-41.96850670628706;3.5485452810082605;5017;no
36;unemployed;married;high.school;no;yes;no;cellular;aug;fri;139;4;999;0;nonexistent;-0.1;93.712033020515;-36.144768789446395;5.072454517426298;5191;no
61;blue-collar;single;university.degree;no;no;no;telephone;may;wed;211;2;999;0;nonexistent;1.1;93.45803496194803;-38.44763451351384;2.796136752211936;5195;no
18;blue-collar;married;high.school;unknown;no;no;telephone;nov;tue;98;1;999;0;nonexistent;1.4;93.09156066786807;-45.14428200392845;3.454562019077921;5017;no
44;services;divorced;basic.4y;unknown;yes;no;cellular;jul;fri;346;1;999;0;nonexistent;-1.8;93.6352966529119;-35.29313028075225;1.4070292982755201;5195;yes
43;technician;married;university.degree;no;no;no;cellular;may;fri;265;2;999;0;nonexistent;1.4;93.63711447459683;-41.84550222572795;4.134088569958284;5099;no
50;housemaid;single;basic.6y;no;no;no;cellular;may;mon;12;1;999;0;failure;1.1;92.9797675123293;-41.832139648883654;4.304622945583819;5099;no
35;unknown;married;university.degree;no;no;no;cellular;may;mon;174;3;999;0;nonexistent;-1.7;93.83904061793636;-38.72871242798582;2.4141746316673913;5099;no
49;admin.;divorced;university.degree;no;yes;no;cellular;jun;tue;1609;1;999;0;nonexistent;1.4;93.24343003264265;-37.17854615332037;3.5523563873618467;5228;no
30;blue-collar;married;university.degree;no;no;no;telephone;aug;tue;146;5;999;0;nonexistent;-0.1;94.21263925399462;-37.81456448377189;0.8240000727267;5099;no
35;blue-collar;married;university.degree;no;no;yes;cellular;jun;tue;565;2;999;0;nonexistent;-0.1;94.11304326257873;-42.80493537160058;1.977234709218446;5099;no
40;admin.;married;basic.6y;no;yes;no;telephone;aug;fri;380;7;5;1;nonexistent;1.1;93.84980043757746;-39.44961429230536;5.1;5099;no
46;housemaid;married;university.degree;no;no;no;cellular;jul;tue;158;1;18;1;nonexistent;1.1;93.70361124879709;-33.98053728608646;0.6;5228;no
26;admin.;married;basic.4y;no;yes;no;telephone;may;fri;62;3;999;0;nonexistent;1.4;93.17843294241068;-40.330998054412056;2.9783674940701435;5099;no
44;admin.;married;high.school;no;yes;no;cellular;nov;wed;48;3;999;0;success;1.1;92.76619985405;-36.834576162700145;0.6;4963;yes
26;admin.;married;university.degree;no;yes;no;telephone;may;mon;136;3;999;0;nonexistent;-1.7;92.72674651654673;-45.0263667382076;0.6;5195;no
30;blue-collar;single;high.school;no;no;no;telephone;jul;tue;30;8;999;0;nonexistent;1.4;92.88183836606343;-36.75995106076041;3.7631033362004978;5017;no
53;blue-collar;married;university.degree;unknown;yes;no;cellular;dec;fri;143;4;22;1;nonexistent;-0.1;94.05917918025976;-41.65358921973506;4.476325590751315;5099;no
50;self-employed;single;basic.9y;unknown;no;no;telephone;aug;tue;160;5;999;0;nonexistent;-1.8;93.81809046142196;-41.74724098090415;4.258909537613763;5195;no
53;admin.;married;university.degree;no;no;yes;cellular;may;wed;70;3;999;0;nonexistent;1.1;93.49965913943541;-40.52565407281113;0.7353486539267593;5099;yes
30;housemaid;divorced;basic.9y;no;yes;no;telephone;may;thu;131;1;999;0;nonexistent;1.1;93.51614182270391;-42.223803141062135;0.6;5099;no
31;blue-collar;married;university.degree;no;yes;yes;cellular;jun;thu;638;3;999;0;failure;1.4;93.56371923809263;-39.59689795313763;4.817214352789631;5099;no
32;admin.;divorced;basic.6y;unknown;no;no;telephone;may;tue;233;1;999;0;nonexistent;1.1;93.42980002592527;-39.96946912727295;3.2856774422700994;5099;no
42;student;married;university.degree;no;unknown;no;cellular;may;tue;77;2;999;0;nonexistent;1.4;93.92215888799149;-46.01054137352222;3.9795433731266687;5076;no
54;housemaid;single;high.school;no;yes;no;telephone;nov;fri;17;1;999;0;nonexistent;1.4;93.88184471592533;-42.557670057645055;5.1;5228;no
40;technician;married;university.degree;no;yes;no;cellular;may;mon;130;3;999;0;nonexistent;1.1;93.74397759624024;-35.831333386234014;4.455649431334349;5195;no
21;admin.;single;university.degree;no;yes;no;telephone;aug;thu;43;1;16;2;nonexistent;-1.8;93.17523229504053;-42.49832612488269;2.993723228726944;5099;no
40;management;married;university.degree;no;yes;no;telephone;may;thu;563;4;999;0;nonexistent;-1.7;93.21289636600763;-41.3599245994983;1.7708809970565875;5228;no
39;admin.;married;basic.4y;no;no;no;telephone;may;thu;605;2;999;0;nonexistent;-1.7;93.55911478398221;-36.29934971213289;4.912116246852979;5017;no
52;blue-collar;single;basic.9y;no;yes;unknown;cellular;sep;mon;638;1;999;0;nonexistent;1.1;93.01773708796377;-30.25838626723274;1.889271984997282;5076;yes
43;technician;married;university.degree;no;yes;no;telephone;may;thu;180;3;999;0;failure;1.4;93.1415985948949;-47.23214600984873;3.462907539890135;5195;no
43;admin.;divorced;university.degree;no;no;no;telephone;nov;mon;30;2;999;0;nonexistent;1.1;93.04093777557463;-41.358860588828094;4.7981041431794775;5228;no
41;blue-collar;single;basic.4y;no;no;yes;cellular;oct;thu;1538;1;8;1;nonexistent;1.4;93.18062078331887;-36.4677502248319;5.1;5176;no
29;blue-collar;married;high.school;no;no;no;cellular;aug;thu;841;3;999;0;nonexistent;-0.1;92.8296154642073;-37.61200587591143;5.1;5008;no
39;admin.;married;university.degree;unknown;yes;no;cellular;may;fri;129;4;15;1;nonexistent;-1.7;93.25802928406891;-43.313931082209706;5.1;5099;no
43;technician;single;professional.course;unknown;yes;yes;cellular;may;fri;65;1;999;0;success;-1.7;93.39671356788332;-39.206232900669235;4.644391020050244;5008;yes
41;services;single;high.school;no;no;no;telephone;may;wed;110;2;999;0;nonexistent;-0.1;93.47780151373547;-42.71246153152206;4.05787214469609;5176;no
21;admin.;married;high.school;no;no;no;cellular;may;fri;37;1;999;0;nonexistent;-0.1;93.08728894359739;-43.34638114133295;0.7816383585067167;4963;no
49;blue-collar;married;professional.course;unknown;no;no;cellular;apr;thu;182;3;999;0;nonexistent;1.1;94.13664436163353;-45.780698687318754;4.186090489109725;5228;no
42;blue-collar;married;basic.4y;no;no;no;cellular;jun;thu;48;2;999;0;nonexistent;-1.8;93.86643954256058;-45.20068100766831;3.4991813564345073;5228;no
51;technician;single;professional.course;no;no;no;telephone;may;wed;671;3;999;0;failure;1.1;93.28307829663856;-39.621405428771084;1.3649636707280022;5191;no
38;housemaid;married;high.school;no;no;no;cellular;may;wed;39;1;999;0;nonexistent;-0.1;93.79472311490153;-39.48998330386665;5.1;5228;no
43;technician;single;basic.6y;no;yes;no;cellular;nov;tue;117;1;999;0;nonexistent;1.1;93.70185924982717;-44.91228363597932;2.912743193250005;5191;no
23;admin.;married;basic.9y;no;no;no;cellular;jul;fri;393;3;19;3;nonexistent;1.4;93.69089392477491;-42.40371154379362;0.6;5195;no
37;admin.;single;basic.4y;no;yes;yes;cellular;apr;mon;150;4;4;2;nonexistent;-1.7;93.80995177884637;-39.59309082641935;1.2670992970454176;5228;no
54;blue-collar;single;basic.4y;unknown;yes;no;telephone;may;mon;205;5;999;0;nonexistent;-1.8;93.45197364542564;-37.47670560517302;3.91986166025322;5228;no
48;admin.;married;high.school;no;no;no;cellular;jul;tue;74;2;999;0;nonexistent;-1.7;93.41870400929035;-32.98888031859437;2.6594855803533326;5099;no
33;blue-collar;divorced;university.degree;no;yes;no;telephone;may;mon;152;4;999;0;nonexistent;1.4;92.61466047865976;-35.96864019274983;4.150932674927648;5195;no
33;services;married;high.school;unknown;no;no;cellular;may;tue;106;3;999;0;nonexistent;-0.1;93.88356476812139;-34.1854983264761;4.036702732149115;5191;no
48;blue-collar;married;university.degree;no;no;no;cellular;jun;wed;39;2;999;0;nonexistent;-0.1;93.76949270093681;-34.394034802872675;3.855132418806933;5195;no
25;admin.;single;university.degree;no;no;no;cellular;aug;thu;347;1;999;0;failure;-1.7;94.06664937562142;-45.614005847499655;1.4468383010656585;5176;no
45;services;married;basic.4y;no;yes;no;telephone;nov;wed;580;1;999;0;nonexistent;-1.8;92.85785442638529;-37.030759735091344;3.133443544966722;5099;no
55;housemaid;married;university.degree;no;yes;no;telephone;may;mon;784;2;999;0;nonexistent;-0.1;94.16355061339728;-45.549044835150504;4.210388331887676;5076;no
27;housemaid;married;unknown;no;no;no;cellular;mar;fri;437;4;999;0;nonexistent;-1.7;94.24783283512208;-36.97221630631058;2.0901274038908744;5017;yes
43;services;married;university.degree;no;no;no;cellular;jun;mon;583;4;999;0;nonexistent;1.1;93.81941842663672;-40.47438609995276;1.5926934235208703;4963;no
44;admin.;single;high.school;no;no;no;telephone;may;fri;36;3;999;0;nonexistent;-0.1;93.67932183754746;-36.74402757613168;2.814251073490624;5228;no
45;entrepreneur;divorced;university.degree;no;no;no;cellular;may;mon;67;3;999;0;nonexistent;1.1;93.51976365265814;-40.13145026794087;3.781880889487993;5228;no
42;management;married;high.school;no;no;no;cellular;may;mon;257;3;999;0;nonexistent;-0.1;93.1076435584585;-36.58597183904668;4.215815352829782;5191;no
52;retired;single;basic.9y;no;yes;no;telephone;jul;tue;357;4;999;0;nonexistent;-1.8;93.5814485530078;-39.38237157057873;4.632927709038317;5176;no
32;admin.;married;basic.6y;no;no;no;cellular;mar;mon;199;3;999;0;nonexistent;-0.1;93.70061840011707;-36.35912458056171;5.1;5191;no
33;technician;married;basic.6y;no;yes;unknown;cellular;may;mon;245;3;999;0;nonexistent;-1.8;93.9661133689464;-44.7878967006863;2.1263020425510177;5191;no
23;technician;married;university.degree;no;no;no;cellular;nov;fri;349;2;999;0;nonexistent;1.1;94.26086832296765;-42.566918792021795;4.568924160506732;5176;no
38;management;single;basic.9y;no;yes;no;cellular;apr;wed;66;1;999;0;failure;-0.1;93.54659830839363;-44.47724381846325;1.6154698697997627;5228;no
50;blue-collar;divorced;university.degree;no;yes;no;cellular;jul;tue;89;6;999;0;nonexistent;-1.7;93.64649346514841;-41.784757214050074;3.956942042765413;4963;no
41;blue-collar;married;university.degree;no;yes;no;cellular;aug;wed;48;2;6;1;nonexistent;1.1;93.56210838327733;-39.92069104807417;5.1;5017;no
49;self-employed;married;basic.4y;unknown;no;no;cellular;jul;wed;322;2;999;0;nonexistent;-1.7;94.40880036291387;-39.99090926540475;5.095418232049693;4963;no
38;management;married;high.school;no;yes;no;cellular;jul;mon;379;4;999;0;nonexistent;1.1;93.34554043129076;-47.824413755967235;3.8432977674860305;5076;no
22;services;married;unknown;no;no;no;cellular;sep;fri;154;1;999;0;nonexistent;1.1;92.62283558019698;-39.218353630488885;1.7828526703126502;5099;no
39;admin.;single;professional.course;no;no;yes;cellular;may;thu;204;3;999;0;nonexistent;-1.7;93.33850395551285;-35.27201116088379;4.557548251925343;5191;no
31;admin.;divorced;basic.9y;no;no;yes;cellular;sep;wed;1311;3;19;1;nonexistent;-1.8;93.93165766843588;-38.300398717187;5.1;5195;no
35;services;married;university.degree;no;yes;no;cellular;nov;mon;103;1;999;0;nonexistent;1.4;92.65324325259154;-45.22816591168138;2.1729047534134467;5008;no
25;technician;married;university.degree;unknown;yes;no;telephone;jun;wed;139;3;999;0;nonexistent;1.1;93.51128522567834;-37.82297858594073;1.379610947079915;5191;no
48;unknown;single;basic.9y;unknown;no;no;cellular;may;wed;39;1;999;0;failure;-1.8;92.83106076926833;-37.54190795977882;3.585970685317275;5099;no
48;entrepreneur;married;basic.4y;unknown;no;no;telephone;jun;mon;667;2;999;0;nonexistent;-1.7;93.67882808096928;-43.480742477805514;3.915405236213649;5195;no
44;technician;single;high.school;no;yes;no;cellular;may;fri;125;2;999;0;nonexistent;1.1;94.44890876691096;-38.14443399833892;3.742964046376267;5195;no
30;admin.;married;basic.4y;no;yes;no;telephone;may;wed;416;6;999;0;nonexistent;-1.7;92.78838056118943;-36.74953842825606;5.1;5008;no
36;admin.;single;high.school;no;no;yes;cellular;mar;wed;54;1;999;0;nonexistent;-0.1;93.65476661492389;-41.10518315427191;4.176820604359799;5228;no
27;blue-collar;single;basic.6y;no;yes;no;telephone;apr;wed;364;4;999;0;nonexistent;-0.1;94.02369199074776;-42.52904081293511;2.9087818619500725;5099;no
23;admin.;divorced;basic.4y;no;no;no;telephone;jul;mon;663;3;999;0;success;-1.8;94.34749256234514;-35.438543084544634;4.370403452697351;4963;yes
42;services;married;basic.9y;no;no;no;cellular;jun;thu;3;1;999;0;nonexistent;-1.8;94.44639205747475;-35.990535674083205;4.30041043448823;5228;no
48;admin.;married;basic.4y;unknown;no;no;cellular;apr;thu;30;1;26;1;nonexistent;-1.7;93.66139561629754;-47.435993706191546;2.369415171629756;5195;yes
44;unknown;married;basic.9y;no;yes;yes;telephone;may;tue;52;3;999;0;nonexistent;-1.7;94.02929838441601;-41.31963138850048;2.2138637227177362;5228;no
29;unemployed;married;university.degree;no;yes;no;cellular;oct;tue;1070;1;999;0;failure;-0.1;94.05402789432391;-41.30853314108102;4.1647124534968825;5195;no
49;technician;divorced;professional.course;no;unknown;no;telephone;jul;thu;370;1;999;0;nonexistent;1.4;93.63173057479113;-43.10510871020789;4.707012293901253;5195;no
56;admin.;married;basic.9y;no;yes;no;telephone;jun;fri;63;1;12;2;failure;1.4;92.9679847079192;-35.722756491840634;4.659983150946577;4963;no
41;blue-collar;married;basic.9y;no;yes;no;cellular;may;wed;594;4;999;0;nonexistent;1.4;93.92605100007879;-38.64884388900599;4.491922285119258;5176;no
51;blue-collar;married;university.degree;unknown;no;no;cellular;jul;thu;86;1;999;0;nonexistent;-0.1;94.2815314191634;-40.865867163197244;1.429559899748047;5176;no
33;admin.;divorced;university.degree;no;yes;no;cellular;jul;fri;79;3;15;1;failure;1.1;92.83339463446319;-40.50846382811171;5.1;5191;no
30;admin.;single;illiterate;unknown;no;no;telephone;may;wed;83;1;9;2;nonexistent;-1.8;93.75873312826336;-39.609685972580316;2.9552114373341514;5176;no
18;services;single;professional.course;no;yes;no;cellular;nov;fri;1231;10;999;0;nonexistent;-1.7;93.33381938412931;-38.44391158110369;4.097032658547928;5195;no
44;management;married;high.school;no;no;yes;telephone;may;thu;174;1;999;0;nonexistent;-1.7;93.67073265011453;-41.69036339464123;3.324453318920958;5099;no
43;admin.;single;basic.9y;no;yes;no;telephone;apr;fri;32;2;999;0;nonexistent;1.4;93.27558377433434;-42.42600895953225;4.517070529328101;5228;no
35;management;single;basic.4y;unknown;no;no;cellular;nov;fri;336;5;999;0;nonexistent;1.1;93.72230882669285;-38.19296118363818;0.6370645791488867;5099;no
40;admin.;married;basic.4y;no;no;no;telephone;jun;thu;183;1;6;2;nonexistent;-1.7;93.93479348646107;-40.314370280842176;4.064987132303833;5076;yes
24;admin.;married;basic.4y;no;no;no;cellular;jun;wed;30;2;999;0;nonexistent;-0.1;93.23262772250084;-40.74627251319104;1.3221706610480777;4963;yes
37;management;married;basic.9y;no;no;no;cellular;jul;tue;344;2;999;0;nonexistent;-1.7;93.34297751222101;-43.92630014118033;5.086796733741694;5017;no
37;student;single;basic.6y;no;no;yes;telephone;may;wed;51;5;999;0;failure;-1.7;93.3215643931605;-39.30336150412267;3.9383077255267755;5191;no
33;management;married;professional.course;no;no;yes;cellular;oct;mon;3;2;999;0;success;1.1;94.161589240918;-40.08889286400662;2.5027542584620908;5017;yes
42;admin.;married;university.degree;no;yes;no;telephone;aug;tue;173;2;999;0;nonexistent;-0.1;94.26589811479973;-40.568397469886015;1.0434410635751326;5176;no
39;blue-collar;single;university.degree;no;no;no;cellular;jun;tue;198;3;999;0;nonexistent;1.1;92.69815585014089;-45.52284541178661;1.107292833871393;5099;no
44;services;married;professional.course;no;yes;no;cellular;aug;tue;150;2;14;1;nonexistent;1.1;93.62736500228921;-34.647554808920034;1.8851632846505126;5176;yes
39;unemployed;single;basic.4y;no;yes;no;cellular;nov;mon;413;2;999;0;nonexistent;-0.1;93.47114676352803;-39.27081324320558;2.927759278856387;5176;no
30;unknown;single;high.school;no;no;no;cellular;jun;mon;630;4;999;0;nonexistent;-1.8;93.23164353336203;-39.06558873376669;1.3305782965856983;5099;no
48;technician;married;professional.course;no;no;no;cellular;jul;mon;181;3;999;0;nonexistent;-0.1;93.85843605515859;-34.557584621359226;4.734888268315192;5099;no
32;blue-collar;single;professional.course;no;no;no;cellular;apr;tue;302;1;999;0;success;1.1;93.50455500363789;-39.618840237861164;0.6;5017;yes
56;admin.;married;high.school;no;yes;no;cellular;may;thu;353;1;999;0;failure;-1.8;94.26864153537126;-39.686857601554166;1.738369244931565;5099;yes
46;admin.;single;high.school;unknown;yes;no;telephone;jul;thu;31;4;999;0;nonexistent;1.1;93.68914331868217;-38.071743028010154;0.6;5099;yes
66;blue-collar;married;university.degree;no;yes;no;cellular;jul;wed;501;2;999;0;nonexistent;1.4;93.09175397552286;-35.4008754471724;5.1;5176;no
31;technician;single;unknown;no;no;no;telephone;oct;mon;101;3;999;0;nonexistent;-1.7;93.4432501692391;-43.97208078291916;1.5098735605106055;5191;no
38;services;single;university.degree;no;no;no;cellular;jul;mon;30;1;999;0;nonexistent;1.4;93.17817124802468;-30.484171579581016;0.6;4963;no
37;blue-collar;married;university.degree;no;no;yes;cellular;aug;tue;66;4;999;0;nonexistent;-1.7;94.29039960072527;-40.17970697062602;1.1962193685396363;5191;no
38;unemployed;married;university.degree;no;yes;no;cellular;jul;thu;168;1;999;0;nonexistent;-1.7;93.67603814499243;-43.346797477935795;0.6;5099;no
38;admin.;single;high.school;yes;no;no;cellular;nov;wed;36;1;999;0;nonexistent;-1.8;93.98422889925506;-43.12980535573476;4.719030564664216;5099;no
44;services;single;university.degree;no;yes;no;telephone;may;thu;177;1;999;0;nonexistent;1.1;92.8542758811761;-31.476483706566547;0.8582524486255517;5099;no
47;blue-collar;married;basic.4y;no;no;no;cellular;aug;mon;185;1;999;0;nonexistent;-1.8;93.42650232640338;-45.89017208961932;5.1;5228;no
48;management;single;university.degree;unknown;no;no;cellular;jul;fri;11;3;19;1;nonexistent;-1.7;93.23739723874196;-41.81824627618176;3.6095852480939996;5008;no
51;retired;married;basic.6y;no;yes;no;telephone;jul;fri;544;1;999;0;nonexistent;1.4;92.97575147241423;-44.78548603786846;4.683127180487634;5195;no
20;management;married;basic.4y;no;no;no;cellular;aug;fri;47;5;999;0;nonexistent;-1.7;93.47032707271842;-42.16611134402631;4.871648516443139;5076;no
54;technician;single;university.degree;no;yes;no;cellular;nov;wed;635;6;999;0;nonexistent;-0.1;93.43019929229173;-39.203001038973646;3.9700009283810136;5195;no
35;admin.;divorced;basic.9y;no;yes;no;cellular;jul;fri;10;1;999;0;nonexistent;1.1;93.07496338017154;-41.50026735109294;4.647310550303473;5017;no
50;admin.;divorced;university.degree;no;no;unknown;cellular;jul;tue;34;3;7;2;failure;-1.8;93.57877985102931;-39.337325615753045;4.956397800176916;5176;no
40;technician;married;university.degree;no;no;yes;cellular;apr;wed;143;3;999;0;nonexistent;-1.7;93.85890106796289;-32.38120826564563;0.6;5195;no
56;student;single;high.school;unknown;no;no;cellular;apr;fri;118;3;999;0;nonexistent;1.1;94.0255871317662;-39.2151314276453;0.6;5176;no
56;technician;married;university.degree;no;yes;yes;telephone;nov;fri;8;2;999;0;nonexistent;-1.8;93.2274875588083;-42.83616229560539;4.284344898359217;5176;no
50;self-employed;married;high.school;unknown;yes;yes;cellular;jun;mon;1;3;999;0;nonexistent;1.4;93.56700740797328;-41.993299616459915;4.838016089221369;5017;no
56;housemaid;married;university.degree;no;no;no;telephone;sep;mon;797;1;999;0;nonexistent;1.1;92.9817591764831;-37.526722352346724;4.016817064644956;5191;no
30;admin.;single;high.school;no;yes;no;cellular;nov;wed;193;5;999;0;nonexistent;-0.1;92.80507798379871;-44.71568799732948;3.9505617732857163;5099;no
61;blue-collar;married;university.degree;no;yes;no;telephone;apr;wed;81;3;999;0;nonexistent;-1.7;93.37684862451552;-34.69076406421046;4.216448123079321;5195;no
37;management;married;university.degree;unknown;yes;no;cellular;may;wed;114;8;999;0;failure;-1.7;93.17445703630663;-38.784672827557685;5.1;5176;no
32;blue-collar;married;university.degree;no;yes;no;cellular;may;wed;55;2;999;0;nonexistent;1.1;92.57755743014722;-38.888187210971225;2.802109481063213;5099;no
25;blue-collar;married;basic.9y;unknown;yes;no;cellular;aug;mon;472;2;999;0;nonexistent;-0.1;93.84356243337821;-40.606458464088874;1.4613170758103962;5195;no
36;housemaid;married;university.degree;unknown;no;unknown;cellular;apr;fri;188;2;999;0;nonexistent;-0.1;93.41226182508076;-37.6644905428599;5.1;5099;no
18;technician;single;basic.9y;unknown;yes;no;cellular;may;thu;385;4;999;0;nonexistent;1.4;93.67653125956518;-36.158687905540745;4.42015073341944;5195;no
37;technician;married;university.degree;no;yes;no;cellular;jul;wed;36;2;999;0;nonexistent;-0.1;93.76816803171953;-42.393775111678565;3.8743711624298385;5099;no
39;services;married;high.school;no;no;no;cellular;sep;tue;358;4;3;2;nonexistent;-1.8;94.54586651293955;-35.17354057532289;0.6;5017;yes
45;student;single;university.degree;no;yes;yes;cellular;jun;wed;23;3;999;0;nonexistent;1.1;93.66741550379977;-47.993188382738715;3.57197839983838;4963;no
34;technician;married;university.degree;unknown;no;no;cellular;aug;fri;386;3;999;0;nonexistent;-0.1;93.45542901756248;-43.58728649890945;2.3151396713085552;5099;yes
29;admin.;married;basic.6y;no;yes;no;cellular;aug;wed;6;3;18;1;failure;-0.1;93.33357745298346;-45.09143771831458;2.9509384670361634;5228;no
41;student;single;high.school;no;yes;no;cellular;jun;fri;27;1;999;0;failure;-1.7;93.69955054165541;-42.198993207438434;3.6153729327641373;5228;no
47;admin.;married;high.school;no;yes;yes;telephone;may;tue;448;6;999;0;nonexistent;1.4;92.84183970729389;-38.09535492505111;4.28111182250392;5076;no
42;student;married;unknown;no;yes;no;cellular;jun;thu;110;1;999;0;nonexistent;-1.7;92.7965380532317;-30.560692990507945;4.463520631870775;5195;no
19;blue-collar;married;professional.course;no;yes;no;cellular;may;fri;14;4;27;3;nonexistent;1.1;93.67531084081857;-35.459059516614474;4.313692935652622;5008;no
47;entrepreneur;single;basic.9y;no;unknown;yes;cellular;may;fri;1436;2;13;1;nonexistent;1.4;93.42990353686612;-38.262196733590564;2.832803670310414;5195;no
54;blue-collar;single;university.degree;no;no;no;cellular;jun;wed;51;3;11;1;success;-1.8;93.5227940853236;-43.07713166541356;4.221024674069927;5008;yes
49;services;divorced;basic.9y;no;yes;no;cellular;aug;fri;252;6;999;0;nonexistent;1.4;92.9895194973973;-37.47332940638247;4.555681553091526;5176;no
52;blue-collar;married;professional.course;no;yes;no;cellular;jul;fri;487;1;999;0;nonexistent;1.4;94.23866671343502;-43.84093724451084;3.0799525894206043;5191;no
50;management;married;basic.4y;no;no;no;cellular;jun;fri;44;4;999;0;nonexistent;1.1;92.55287024833429;-33.48418941758919;2.984661152922773;5195;no
39;retired;married;basic.4y;no;yes;yes;cellular;sep;tue;325;3;999;0;nonexistent;-0.1;93.6512601698431;-45.85848175264917;3.344780331316483;5008;no
38;entrepreneur;married;university.degree;no;no;yes;telephone;may;tue;210;3;19;1;nonexistent;1.1;93.09727814693825;-38.957587270496965;4.797411791008189;5008;no
46;admin.;married;university.degree;unknown;yes;no;telephone;may;fri;366;3;999;0;nonexistent;-0.1;93.02593726865189;-39.82193459390878;2.2638264773560013;5191;no
42;retired;single;high.school;no;yes;no;telephone;jul;thu;286;2;18;3;nonexistent;-1.8;94.83876441323456;-40.52573317903869;1.9929289844118359;5195;no
46;blue-collar;married;high.school;no;unknown;no;telephone;nov;mon;76;1;14;1;nonexistent;1.4;93.2612290117111;-41.033632066895116;4.513644598632184;5099;no
33;technician;married;high.school;no;yes;no;telephone;jun;tue;268;3;999;0;nonexistent;-1.8;93.52150741189226;-34.10869984685536;3.9939984395744683;5195;no
39;admin.;married;basic.6y;no;yes;no;telephone;jun;fri;54;3;999;0;nonexistent;1.4;93.91044230873797;-37.93930500533339;1.2271171776666354;5195;no
44;technician;married;high.school;no;no;no;telephone;nov;mon;71;3;999;0;failure;-1.7;94.02218869700543;-42.37134566922929;3.2593521187157526;4963;no
42;retired;married;basic.4y;unknown;yes;no;telephone;jul;mon;20;2;999;0;failure;-1.8;94.20504851075565;-41.35337256689007;4.825523241608508;5195;no
22;blue-collar;married;high.school;unknown;yes;no;cellular;may;wed;616;1;999;0;nonexistent;-1.7;93.20602852575004;-41.755190201286865;5.1;5076;yes
55;blue-collar;single;high.school;unknown;no;no;telephone;jun;thu;229;3;27;1;nonexistent;-1.7;94.26218359167491;-38.44689726967729;3.374909745886989;5191;no
57;retired;single;basic.6y;no;no;no;cellular;jul;wed;132;3;19;1;nonexistent;-1.7;93.14172824525414;-48.14690710098303;5.1;5191;no
35;blue-collar;married;university.degree;no;yes;no;cellular;mar;fri;89;4;999;0;nonexistent;-0.1;93.53448348970436;-43.24159098667942;4.748700186166503;5008;no
34;housemaid;married;high.school;no;yes;no;cellular;may;mon;579;4;18;1;nonexistent;-1.7;93.49261232132554;-41.03248900988337;4.194530241788173;5017;no
34;admin.;single;basic.4y;no;no;no;cellular;jul;mon;73;2;999;0;success;-1.7;93.63187954850811;-46.596908338231856;3.6097158962876787;5008;yes
37;technician;married;high.school;no;yes;no;cellular;may;mon;271;5;999;0;nonexistent;-0.1;93.04286555399824;-40.45392072560819;3.734887982976008;5017;no
39;services;married;basic.9y;no;no;no;cellular;may;wed;646;4;999;0;nonexistent;-0.1;93.56779165899974;-41.54204773823347;0.6999276308239517;5176;no
34;technician;married;university.degree;unknown;yes;no;telephone;jul;tue;102;4;999;0;nonexistent;1.1;93.7629515952646;-30.84173184315725;4.342753451370446;5228;no
59;blue-collar;married;high.school;no;yes;yes;cellular;may;thu;85;3;999;0;nonexistent;-0.1;93.22554673067927;-36.74481459449214;5.1;5228;no
42;services;married;basic.9y;no;no;no;telephone;may;mon;478;3;29;1;nonexistent;-1.7;93.2092925974093;-47.840493127532;1.6478069174829357;5076;yes
47;self-employed;married;basic.9y;no;yes;no;cellular;sep;thu;439;4;999;0;nonexistent;1.4;93.46152243993346;-31.765312846410595;3.8378416595268536;5195;no
50;services;single;university.degree;no;yes;no;cellular;aug;mon;253;2;999;0;nonexistent;1.4;93.37463006728242;-43.28597451620899;4.667272144348109;5017;no
52;technician;married;basic.4y;no;no;no;cellular;may;wed;1426;1;999;0;failure;-0.1;94.14062547396887;-39.32428579673893;5.1;5228;no
46;management;married;high.school;unknown;yes;no;cellular;may;fri;703;4;999;0;nonexistent;-1.8;93.67499523176433;-39.504213588020534;1.378221396256141;5008;yes
38;blue-collar;single;university.degree;no;yes;no;telephone;apr;tue;88;1;999;0;nonexistent;1.1;93.90859715686842;-38.256217926438794;4.931095122757882;5017;no
39;admin.;married;basic.9y;no;yes;no;cellular;aug;fri;206;3;24;2;nonexistent;-1.8;93.58202348581315;-46.28415911624734;4.352407185830101;5076;yes
48;housemaid;married;basic.9y;no;yes;no;telephone;may;wed;320;2;29;1;nonexistent;-0.1;93.75603777699897;-40.01592886440568;3.0403855869021497;5191;no
51;blue-collar;married;university.degree;unknown;yes;no;telephone;may;mon;37;3;999;0;nonexistent;1.4;94.42615254510379;-34.49538423840409;3.0225009257280666;5191;no
25;management;married;high.school;unknown;no;no;telephone;may;thu;276;2;999;0;nonexistent;-1.7;93.81107853856086;-45.23937840910545;3.838413002449163;5008;no
53;technician;married;professional.course;unknown;no;yes;cellular;may;wed;163;6;999;0;nonexistent;1.1;93.17928396924641;-38.168923644866695;4.4779908673127355;5195;no
63;services;married;university.degree;no;yes;no;cellular;may;fri;402;4;999;0;success;1.4;92.96607059319074;-38.25265368954124;4.902698375750811;5099;no
35;retired;single;high.school;no;yes;no;cellular;may;fri;33;1;999;0;nonexistent;1.1;92.91266169163704;-39.933865438082385;2.9432695568150127;5195;no
40;technician;married;basic.4y;no;no;no;cellular;may;fri;118;2;999;0;nonexistent;1.4;92.97958269574022;-44.55472402573537;1.9193626089736533;5228;no
50;admin.;married;university.degree;no;no;no;telephone;apr;mon;321;2;6;1;nonexistent;-0.1;93.43830490850647;-36.01784392967656;4.105295795575836;5176;no
28;student;divorced;basic.4y;no;yes;no;cellular;may;fri;3;3;999;0;nonexistent;-0.1;93.98535071381048;-35.65405585469115;4.202651025226039;5228;no
44;retired;single;basic.4y;unknown;unknown;no;cellular;may;fri;185;3;999;0;success;1.4;93.26808760831116;-43.242185469438894;0.7491297015334524;5228;no
43;services;single;professional.course;no;no;no;cellular;may;mon;839;1;999;0;success;-0.1;94.0393376468579;-40.29435809604362;0.6;5076;yes
23;self-employed;single;basic.9y;unknown;no;no;cellular;may;mon;560;3;12;2;nonexistent;1.1;92.73694524959441;-32.7911950431308;4.442913440324879;5099;no
26;housemaid;married;high.school;no;yes;no;telephone;may;wed;389;4;999;0;nonexistent;-1.8;93.43857837496475;-37.228202831081425;0.7250661778346286;5076;yes
60;entrepreneur;married;basic.9y;no;no;no;cellular;may;mon;927;1;999;0;nonexistent;1.1;93.56144117302227;-39.750983075209625;1.6412045520515859;5017;yes
44;admin.;married;professional.course;unknown;unknown;no;cellular;may;thu;80;3;999;0;nonexistent;-1.8;93.54309089343563;-43.18208879632193;4.881707218517185;5017;no
42;management;married;university.degree;no;no;no;cellular;apr;thu;30;2;999;0;nonexistent;-0.1;93.81961622175221;-39.254248473998025;4.908034717533238;5008;no
56;blue-collar;married;basic.4y;unknown;yes;no;telephone;jul;tue;193;1;999;0;nonexistent;-0.1;93.82757696546891;-45.19384389898856;4.732659499272246;5017;no
56;admin.;married;university.degree;no;no;no;telephone;apr;mon;156;1;999;0;nonexistent;1.1;93.71551066830128;-36.627155892889185;3.791975075728745;5176;no
27;blue-collar;single;university.degree;no;yes;no;cellular;jun;fri;997;3;14;1;nonexistent;-1.8;93.14478606122275;-37.78820076389927;3.1057397619061646;5195;no
35;services;married;professional.course;no;no;no;cellular;aug;tue;333;1;999;0;nonexistent;1.1;93.88294846013976;-44.078431844756174;4.671606204659144;5008;no
37;housemaid;divorced;basic.6y;unknown;no;no;cellular;jul;thu;48;1;999;0;nonexistent;1.1;93.1405498326383;-45.00299628241358;3.228610512321655;5228;no
45;services;married;basic.4y;no;no;no;cellular;apr;wed;105;2;999;0;nonexistent;-1.8;93.22176938160781;-41.51402477931954;4.754408813140147;5191;no
32;technician;married;university.degree;no;no;no;cellular;aug;wed;30;4;999;0;nonexistent;-1.7;93.77270146036601;-34.47798921744785;4.754631486955708;5099;no
61;blue-collar;single;basic.6y;no;no;no;cellular;jul;tue;1045;2;999;0;nonexistent;1.1;93.22710185444248;-37.35917001038876;3.8258456506151757;5191;no
19;admin.;married;basic.6y;no;yes;no;cellular;may;fri;51;4;999;0;nonexistent;-0.1;92.9735445530466;-39.76455661625642;4.110029368012678;5228;no
24;technician;married;basic.9y;no;no;no;cellular;aug;mon;40;2;999;0;nonexistent;-0.1;93.58562221461983;-39.878002314831114;4.358942293695643;5228;no
35;technician;married;university.degree;no;no;unknown;cellular;aug;wed;775;3;999;0;nonexistent;-0.1;93.25023623773023;-37.83093451054039;3.708148261343113;5228;no
42;services;divorced;high.school;no;no;no;cellular;aug;fri;4;5;999;0;nonexistent;1.4;93.38713979947259;-45.248139995561495;2.9081288601242488;5176;no
63;technician;married;basic.9y;no;yes;yes;cellular;nov;mon;17;1;999;0;failure;-1.7;93.70029454167216;-41.133920565317965;4.168624578362477;5228;no
43;blue-collar;single;high.school;unknown;no;yes;telephone;aug;tue;963;2;999;0;nonexistent;-0.1;94.06899315479009;-45.1607747011603;4.252026088383876;5195;no
43;entrepreneur;married;basic.9y;no;yes;no;cellular;nov;mon;100;1;25;1;success;-1.8;93.65815446373709;-35.195730854018436;5.1;5176;yes
48;retired;single;university.degree;no;no;yes;telephone;jun;thu;360;3;999;0;nonexistent;1.1;93.34259933378372;-37.829449720353146;3.5744063426977126;5228;no
40;retired;married;university.degree;no;no;no;cellular;may;fri;213;1;999;0;nonexistent;-1.7;93.65386430128198;-44.13849210158544;5.0547969390248895;5176;no
38;admin.;married;unknown;no;yes;no;cellular;jul;wed;1;1;999;0;nonexistent;1.1;93.7972672887936;-44.948522380702066;1.263865121627379;4963;no
34;admin.;married;university.degree;no;no;no;telephone;jul;fri;172;1;999;0;nonexistent;-1.7;94.27935951669943;-37.768297592490526;3.1243182402409837;5228;no
40;admin.;divorced;high.school;no;no;no;cellular;jun;fri;167;2;999;0;nonexistent;1.4;93.49319839460298;-44.31342442091608;1.2198053320737086;5228;no
53;self-employed;married;unknown;no;no;no;cellular;jul;wed;273;1;999;0;nonexistent;-1.8;93.01970848142572;-36.446780322867774;2.5393795394770358;5076;no
37;blue-collar;married;professional.course;no;yes;no;cellular;nov;tue;378;2;999;0;nonexistent;-0.1;92.4363181601281;-38.68075873965387;3.113107354097245;5228;no
38;services;divorced;basic.9y;no;yes;yes;cellular;aug;tue;136;3;999;0;nonexistent;-1.7;93.69857378470245;-36.86420215227727;5.1;5195;no
35;admin.;divorced;university.degree;yes;no;yes;telephone;may;mon;783;6;999;0;nonexistent;1.1;93.47052906357314;-38.66535440672414;3.8386818909152463;5228;no
39;management;married;basic.4y;no;unknown;no;telephone;aug;fri;48;2;20;1;nonexistent;1.1;93.47876795553171;-37.75648808509671;5.1;5228;no
44;management;single;professional.course;unknown;yes;no;cellular;nov;tue;103;3;999;0;nonexistent;1.1;92.4606443663499;-35.16019280154314;3.4042129608811393;5191;no
29;management;married;university.degree;no;no;no;cellular;apr;tue;348;1;999;0;failure;-1.8;93.99860528652223;-41.62208583800556;2.8331627466936014;5176;no
47;admin.;married;professional.course;no;no;no;cellular;may;thu;30;4;10;2;nonexistent;1.4;93.0823360436632;-33.91047781704919;5.1;5099;no
41;admin.;married;university.degree;no;yes;yes;telephone;aug;mon;55;3;999;0;nonexistent;-0.1;93.69616263974645;-36.125498011036264;3.618674694191801;5191;no
46;management;single;professional.course;no;yes;no;telephone;nov;fri;106;3;999;0;nonexistent;1.4;94.32129856809871;-47.01558175118196;4.311092638559056;5191;no
47;technician;married;basic.4y;no;yes;no;cellular;jul;fri;224;1;999;0;nonexistent;-0.1;92.953074252701;-40.55317418140192;0.968116810318004;5176;no
32;blue-collar;married;high.school;no;yes;no;cellular;jul;wed;84;4;999;0;nonexistent;1.1;93.99192615075093;-39.37984235191455;4.169509486455965;5191;no
36;technician;married;university.degree;unknown;no;no;cellular;nov;wed;472;4;999;0;nonexistent;1.1;93.28984101065979;-41.018683844395596;1.987314339368462;5195;no
27;admin.;single;basic.9y;no;yes;no;cellular;may;mon;17;3;999;0;nonexistent;-0.1;93.56879225565163;-35.167407888343966;4.140874081831229;5017;no
34;blue-collar;married;basic.9y;no;no;no;telephone;may;thu;83;1;999;0;nonexistent;-0.1;93.7837082180714;-40.42641680572995;3.820853968409216;5099;no
36;admin.;married;professional.course;no;yes;no;telephone;sep;thu;222;2;999;0;nonexistent;1.1;93.08898289361917;-37.366419462690345;4.384214184308883;5195;no
57;student;married;university.degree;no;no;no;cellular;aug;tue;178;3;999;0;nonexistent;-1.8;93.66869503834639;-40.403734022362286;4.70055309688705;4963;no
47;blue-collar;married;professional.course;no;yes;no;cellular;nov;tue;431;5;22;1;nonexistent;1.4;93.55061891568911;-43.99560449739542;4.392863999359377;5176;no
28;retired;married;basic.4y;no;yes;no;cellular;nov;fri;32;3;999;0;nonexistent;-1.8;93.3803275715102;-47.995212476555025;4.560837233729719;4963;no
28;admin.;married;high.school;no;no;no;telephone;nov;fri;10;3;999;0;nonexistent;-0.1;93.44306708587779;-45.17604399626039;2.103494980745768;5195;no
63;admin.;married;high.school;no;yes;no;cellular;aug;thu;23;3;999;0;nonexistent;-1.7;93.33806327790728;-35.531917644553175;3.8517450387474903;5176;no
43;services;single;university.degree;no;yes;yes;cellular;may;mon;478;4;20;1;nonexistent;1.4;92.86866702728808;-43.18240758335736;2.0973937942487004;5008;no
23;management;married;high.school;no;yes;no;cellular;aug;thu;144;1;999;0;nonexistent;-1.7;93.89309825701154;-43.04861481733942;4.110841747297452;5099;no
32;self-employed;single;basic.4y;no;no;no;telephone;may;tue;286;1;999;0;nonexistent;-1.7;93.07586948560416;-44.92740667016129;4.141352174308685;5228;no
24;services;single;professional.course;no;yes;no;cellular;nov;fri;72;1;999;0;nonexistent;-1.8;93.78704428532492;-40.82061665152867;0.7389609628027842;5228;no
38;services;married;basic.9y;no;no;no;telephone;jun;thu;161;1;999;0;nonexistent;-1.7;92.58854571332147;-41.09903298867086;2.105500212370656;4963;no
41;admin.;married;university.degree;no;no;yes;telephone;may;thu;122;2;999;0;nonexistent;1.4;93.75953857263184;-38.97293282835494;5.1;5176;no
53;unemployed;single;basic.9y;no;no;no;telephone;nov;mon;524;3;999;0;nonexistent;-1.8;92.62435515292196;-37.669006949631004;4.00051473555499;5195;no
27;services;married;basic.4y;no;no;no;telephone;aug;fri;247;2;999;0;nonexistent;1.4;94.03865036804574;-43.13676342528771;1.4568476456511361;5176;no
34;admin.;married;university.degree;no;yes;no;cellular;aug;tue;236;2;999;0;nonexistent;-1.7;93.10943201131712;-46.09144047456337;4.164384441655538;5008;no
43;services;married;university.degree;no;yes;no;cellular;may;mon;8;1;999;0;nonexistent;-0.1;93.90729939718584;-41.19966929511607;4.722194523121696;5099;no
47;retired;single;unknown;no;yes;no;cellular;aug;thu;143;3;999;0;nonexistent;1.4;93.83910477698828;-39.94920887368138;4.471345336776672;5176;no
51;blue-collar;single;basic.9y;no;yes;no;cellular;may;wed;113;1;999;0;nonexistent;-1.7;93.29675446619564;-37.03876959439291;4.1600608425044046;5176;no
21;blue-collar;married;professional.course;no;no;yes;cellular;aug;thu;335;1;11;1;nonexistent;-1.8;94.0621029402866;-42.467985777652956;5.1;5176;no
41;entrepreneur;divorced;high.school;no;no;yes;cellular;jul;thu;30;2;999;0;nonexistent;-1.7;92.97881364950416;-37.3060510573219;1.1066212285942005;5195;no
44;entrepreneur;married;university.degree;unknown;yes;no;cellular;jun;tue;56;1;999;0;nonexistent;1.1;93.146202297917;-37.27169615677183;5.1;5099;no
48;management;married;university.degree;no;no;no;telephone;may;fri;95;1;999;0;nonexistent;-0.1;92.46132739545055;-44.946199325389344;4.936172324152768;5099;no
39;admin.;divorced;university.degree;no;yes;no;cellular;may;fri;410;2;999;0;failure;-1.7;93.02692738702781;-50.219229799377665;2.7313466937580433;5099;no
44;technician;married;basic.9y;no;no;no;cellular;aug;thu;24;6;999;0;nonexistent;1.1;93.68729294986566;-42.79873272779571;4.943426574173802;5099;no
54;blue-collar;married;high.school;no;yes;no;cellular;may;wed;350;5;999;0;nonexistent;1.1;93.48269961020672;-42.496962960209174;5.046773956447631;5008;no
38;services;married;university.degree;yes;no;no;telephone;nov;fri;261;3;999;0;nonexistent;1.1;93.57831864253191;-42.657958954480044;4.649410791904845;5176;no
41;self-employed;single;university.degree;no;yes;no;cellular;nov;mon;355;2;999;0;nonexistent;1.1;93.54097060125407;-34.491105804441816;2.9527300450548655;5099;no
39;admin.;married;basic.4y;unknown;yes;unknown;telephone;may;fri;320;4;999;0;nonexistent;-1.8;93.6647151730032;-45.66683847831774;4.746122174051381;5008;no
36;blue-collar;married;high.school;no;yes;no;cellular;aug;thu;110;5;7;1;nonexistent;1.4;93.5001075631172;-40.45455631837109;0.6;5099;no
26;admin.;married;high.school;no;yes;no;cellular;jul;thu;355;4;6;1;nonexistent;1.4;93.62106840495404;-41.91192691595459;0.8633240323812255;5228;yes
36;management;married;university.degree;no;no;no;telephone;may;thu;15;2;999;0;nonexistent;-0.1;92.80838156147728;-41.966530973446396;0.6;5191;no
47;technician;single;high.school;unknown;no;no;cellular;sep;wed;444;4;999;0;success;-0.1;93.07381398032118;-33.834274790009715;3.9174336835844388;5191;no
46;technician;single;basic.6y;unknown;no;no;telephone;nov;fri;93;3;999;0;nonexistent;-1.7;93.12370364915236;-43.44060626679964;4.9083015924134745;5191;no
39;technician;married;high.school;no;no;no;cellular;dec;wed;58;1;999;0;nonexistent;-0.1;93.56071046209384;-39.16522871405888;3.9491946518178054;5228;no
40;blue-collar;married;university.degree;unknown;yes;no;cellular;may;mon;64;3;999;0;nonexistent;1.4;93.84470610620112;-44.09162113467982;3.73590602972319;5176;no
22;admin.;single;professional.course;unknown;no;no;cellular;may;tue;111;2;999;0;nonexistent;-0.1;93.3887979189026;-38.17075159501514;0.64307513807738;5228;no
51;retired;married;university.degree;no;yes;no;cellular;may;wed;455;1;999;0;nonexistent;1.1;93.15037500717438;-35.15569778241262;3.126678303613314;5195;no
19;technician;divorced;professional.course;no;yes;no;telephone;jul;wed;84;2;999;0;nonexistent;1.1;93.25782073554298;-39.71276821340175;0.6;5195;no
26;management;married;professional.course;no;no;no;cellular;jun;mon;289;1;999;0;nonexistent;-1.7;93.60223710683599;-41.12004141044219;4.489674189886591;5076;yes
40;blue-collar;married;professional.course;unknown;yes;unknown;telephone;jun;fri;323;1;999;0;nonexistent;1.4;93.54196271747595;-44.88473384040669;4.895967415493081;5099;no
45;admin.;single;university.degree;no;yes;yes;cellular;sep;tue;1290;3;999;0;failure;-0.1;94.32201311920497;-39.97545785585518;1.512556490620659;5176;no
54;blue-collar;single;university.degree;no;yes;yes;cellular;jun;wed;398;4;18;2;nonexistent;1.4;93.98466815015307;-38.278054594473836;3.0539186903308817;4963;yes
49;self-employed;married;high.school;no;yes;no;cellular;aug;wed;372;2;999;0;nonexistent;-1.8;92.71219068180343;-42.4687646179678;2.5966806043995367;5195;no
47;blue-collar;divorced;professional.course;no;no;no;cellular;may;fri;256;1;999;0;success;-1.7;93.13487196913343;-39.26255011197774;1.4766829188075437;5099;yes
44;admin.;married;basic.6y;unknown;yes;no;telephone;nov;thu;395;4;999;0;nonexistent;-0.1;93.28117887392969;-32.73813309380097;4.290053804216626;4963;no
18;technician;single;basic.9y;no;no;no;cellular;may;fri;44;2;18;1;failure;-0.1;94.10744164323796;-40.316980975825004;3.598446703081076;5195;no
44;blue-collar;single;unknown;unknown;yes;no;telephone;may;fri;204;1;999;0;nonexistent;1.4;93.47672369920492;-36.90312007866156;3.774705650830764;4963;no
50;technician;divorced;basic.9y;no;yes;no;cellular;may;fri;929;3;999;0;nonexistent;-1.8;94.02191193203709;-47.21660964176077;4.037182081825532;5008;no
24;services;single;basic.6y;unknown;no;no;cellular;jul;tue;144;1;999;0;nonexistent;1.1;93.8385311609444;-44.65705189201824;4.4229347649581285;5176;no
41;unemployed;divorced;professional.course;unknown;no;yes;cellular;may;tue;353;3;999;0;nonexistent;-1.7;93.50988689170815;-38.949647956361915;3.9564117747922083;5076;no
24;management;single;high.school;no;no;no;cellular;may;tue;19;1;999;0;nonexistent;1.4;93.09614246820105;-38.809247577764786;3.5132899728790594;5195;no
47;technician;single;professional.course;no;yes;yes;cellular;aug;thu;76;3;999;0;nonexistent;-0.1;94.1285841219717;-33.546892938267035;5.01840790737315;5195;no
30;management;single;university.degree;unknown;no;no;telephone;aug;tue;603;1;999;0;nonexistent;-0.1;92.62881431509383;-42.05042932867482;4.40582871045928;5076;no
63;admin.;married;high.school;unknown;no;no;cellular;may;wed;300;4;999;0;nonexistent;-1.7;93.31012946003926;-45.97608849529695;1.7831665119831057;5195;no
48;retired;divorced;high.school;no;yes;no;telephone;jun;thu;176;6;999;0;success;1.1;93.0770500409625;-40.638767270899436;4.4330483650286325;5099;yes
41;technician;married;professional.course;no;yes;no;cellular;nov;wed;292;2;20;1;success;-1.8;93.0154002349748;-38.305105524367306;2.2435748490396734;5176;yes
40;retired;married;basic.4y;no;yes;no;cellular;nov;wed;91;2;999;0;nonexistent;-0.1;93.69353133946342;-39.28717009573241;3.625557670444487;5176;no
47;technician;married;professional.course;no;no;no;cellular;mar;tue;37;2;999;0;nonexistent;1.1;93.65219693710846;-40.73749086743127;5.1;5076;no
46;blue-collar;married;basic.4y;no;no;no;cellular;mar;mon;256;2;999;0;nonexistent;1.4;93.30722930646851;-39.46295708667813;4.307911365141853;5195;no
43;admin.;divorced;university.degree;no;no;no;telephone;nov;thu;628;2;999;0;nonexistent;1.4;93.81721898614244;-41.68969072428094;4.026702686334266;5195;no
28;blue-collar;married;basic.4y;no;no;no;cellular;aug;tue;130;1;999;0;nonexistent;1.1;94.01803510783432;-40.97820990273302;4.133214601539663;5176;no
47;management;single;university.degree;unknown;yes;no;telephone;nov;wed;55;2;999;0;nonexistent;1.1;94.26849153183979;-30.625885045154526;2.811536438805123;5099;no
34;blue-collar;married;professional.course;no;no;yes;cellular;mar;wed;79;2;999;0;nonexistent;-1.7;92.56670284848563;-46.58614143083629;4.142253268375917;5228;no
24;blue-collar;single;high.school;unknown;no;no;cellular;aug;wed;165;3;999;0;nonexistent;-1.7;94.27757940098876;-37.75981463344254;4.1355650615689;5076;no
38;management;divorced;university.degree;no;yes;no;cellular;may;wed;146;1;999;0;failure;-1.7;93.99936381265316;-40.515810047904715;5.052772054660304;5228;no
36;admin.;married;professional.course;no;yes;no;telephone;aug;thu;30;2;999;0;nonexistent;1.4;93.54640066855134;-39.02002450723;3.0652765380101874;5176;no
42;blue-collar;single;university.degree;no;yes;no;cellular;nov;mon;100;3;999;0;nonexistent;1.1;92.70889384566138;-41.50636330328442;2.3074616840269675;5099;no
37;technician;married;illiterate;no;yes;no;telephone;jul;fri;629;1;999;0;nonexistent;-1.8;94.01419773501543;-32.85851274568713;2.024427181193202;5076;yes
34;blue-collar;single;high.school;no;no;no;telephone;may;tue;195;4;999;0;nonexistent;1.1;93.77293723052138;-48.43571031533304;0.7115998531357279;5195;no
45;student;married;high.school;no;yes;yes;cellular;aug;thu;551;2;999;0;failure;-1.8;93.99120332176815;-38.41568058612223;4.9011963601216415;5191;no
45;housemaid;married;basic.9y;no;no;yes;cellular;apr;fri;342;3;5;1;nonexistent;-0.1;93.92633624690757;-46.84534552247695;5.1;5228;no
23;unemployed;married;basic.4y;no;yes;no;cellular;may;thu;28;3;999;0;nonexistent;-1.8;93.22887487957574;-44.62433311225099;3.8525027090274175;5008;no
37;unknown;married;university.degree;no;no;no;cellular;jul;thu;79;5;999;0;nonexistent;1.1;94.08428514500787;-32.0557554825466;3.6903350573297455;5099;no
41;student;divorced;university.degree;unknown;no;no;cellular;aug;fri;104;6;999;0;nonexistent;1.4;93.97057268229707;-33.53431066229081;4.565226538596841;5195;no
31;blue-collar;single;professional.course;no;yes;no;telephone;jul;thu;134;2;999;0;nonexistent;-1.7;93.52323922173106;-40.718675213262216;4.9629191678616245;5099;no
44;technician;married;high.school;no;no;unknown;cellular;may;wed;138;4;999;0;nonexistent;-0.1;93.31427202145937;-42.716824052567496;2.0532126846922645;4963;no
40;management;married;high.school;no;yes;no;cellular;may;thu;239;1;999;0;nonexistent;-1.7;93.35211477842823;-40.481207219046375;4.029425301736134;5099;no
38;services;single;high.school;no;no;no;cellular;may;thu;68;2;999;0;nonexistent;1.1;94.39347010584277;-36.80619113327568;4.1783862658847575;5008;no
33;blue-collar;married;professional.course;no;yes;no;cellular;jul;fri;118;4;19;1;nonexistent;-1.7;93.94131293287575;-42.438227789030975;2.352334431321406;5076;yes
36;blue-collar;married;university.degree;unknown;no;no;cellular;may;tue;623;6;999;0;nonexistent;-1.8;93.30333306672053;-40.820400342965634;0.6;5099;no
50;housemaid;married;high.school;no;yes;no;cellular;jul;thu;200;2;999;0;nonexistent;-1.7;93.45526376505157;-38.66895020695958;4.874455440847354;5099;no
53;housemaid;married;high.school;no;yes;no;cellular;jul;tue;30;1;25;1;nonexistent;1.4;93.38170151483673;-35.20115075316678;1.081701749300845;5008;yes
31;management;single;university.degree;no;yes;no;telephone;jun;mon;25;3;999;0;nonexistent;1.1;93.2909308013157;-41.21690430856791;4.838761137487563;5176;no
38;admin.;married;university.degree;no;no;no;cellular;jul;mon;333;3;999;0;nonexistent;-1.7;93.15124573596822;-44.7741501208256;4.469499752298219;5195;no
30;technician;married;professional.course;no;unknown;no;cellular;jun;wed;261;3;999;0;nonexistent;-0.1;92.97294998655227;-43.713951206481575;0.6;5176;no
39;admin.;married;basic.9y;unknown;no;no;cellular;aug;wed;63;2;999;0;failure;-0.1;93.16263097654839;-36.37652728996645;4.538482441471337;5228;no
42;management;single;basic.9y;no;yes;yes;cellular;apr;fri;1300;3;22;3;nonexistent;1.4;93.5294108159224;-28.15454270090033;2.195463283236969;4963;yes
40;admin.;married;high.school;unknown;no;no;telephone;jun;wed;519;1;999;0;nonexistent;1.4;93.8371538884175;-43.680348429268356;3.9505973287725267;5099;no
18;retired;married;basic.9y;no;yes;no;cellular;apr;thu;358;1;27;1;nonexistent;1.1;93.19264317972886;-37.70984424530927;3.3710010761454203;5099;yes
52;blue-collar;married;high.school;no;yes;no;cellular;may;tue;223;1;999;0;nonexistent;1.4;93.23875717863058;-33.25145728858741;0.6;5195;no
35;blue-collar;single;university.degree;unknown;no;no;cellular;oct;thu;48;3;999;0;nonexistent;-0.1;93.06842470327908;-45.11183848466044;4.272383077883613;5099;no
27;services;single;high.school;unknown;yes;yes;telephone;may;thu;585;1;19;1;nonexistent;-0.1;92.88492999752883;-40.681753385167724;3.834007516403743;5191;no
31;admin.;divorced;basic.6y;no;no;yes;cellular;oct;fri;1077;3;5;2;nonexistent;-1.8;93.4217732637667;-43.707292738986396;3.4934700719804175;4963;no
50;entrepreneur;divorced;basic.9y;no;yes;no;telephone;jun;wed;455;4;999;0;nonexistent;-0.1;94.22741268671902;-46.1981335138899;5.1;5099;no
47;housemaid;single;high.school;no;no;yes;cellular;nov;thu;380;3;25;2;nonexistent;1.1;92.38748399124356;-39.009558794503306;4.104326626097713;5008;no
39;unknown;married;professional.course;no;yes;yes;cellular;may;fri;109;4;999;0;nonexistent;-1.7;93.68668137535576;-37.40212039018539;3.7776575628536606;5099;no
39;services;married;university.degree;no;yes;no;telephone;jun;thu;95;3;17;2;success;-1.7;93.12640647398028;-37.01154066334753;3.3340807114384194;5076;yes
27;technician;single;basic.9y;no;yes;no;telephone;aug;mon;145;2;13;1;nonexistent;-0.1;93.56284792992886;-27.78959852836752;2.702404091885481;5195;no
50;self-employed;divorced;high.school;no;yes;no;cellular;may;fri;50;2;19;1;nonexistent;-0.1;93.04968770767661;-44.76020160789711;4.022362389015103;5008;no
49;blue-collar;single;high.school;no;no;no;cellular;jul;mon;9;1;999;0;nonexistent;-0.1;94.1250351470432;-37.261418893077256;3.0974250371840233;5228;no
52;technician;married;basic.9y;unknown;no;no;telephone;jun;fri;59;5;12;1;nonexistent;-0.1;93.63674297971691;-33.14978977576828;4.7696291674887625;5017;no
42;admin.;divorced;professional.course;no;no;no;telephone;aug;wed;37;3;999;0;nonexistent;1.1;93.03033532655357;-47.640014243853045;4.223592955678823;5099;no
51;blue-collar;married;basic.4y;no;yes;no;telephone;may;tue;39;2;999;0;nonexistent;1.4;94.13093519441246;-42.00442210432954;5.1;5008;no
31;services;married;illiterate;unknown;no;no;cellular;may;tue;115;1;0;2;nonexistent;1.1;93.15148669538321;-40.592004826841546;0.6;5176;no
40;admin.;married;high.school;no;yes;no;telephone;may;tue;1147;4;999;0;nonexistent;1.4;93.48372481352355;-44.34549763661977;3.61867376219228;5228;no
49;technician;married;high.school;no;yes;yes;telephone;sep;thu;3;3;999;0;failure;1.4;93.3866370638386;-40.85990764373795;2.6959939181052404;5099;no
47;entrepreneur;divorced;illiterate;no;yes;yes;cellular;may;mon;30;1;999;0;nonexistent;-1.8;93.98018369611816;-39.88387208046616;0.6;5099;yes
56;technician;married;high.school;no;yes;no;telephone;jul;tue;85;1;999;0;success;-0.1;93.50680221411177;-33.98540197921976;3.324799470459887;5176;no
33;admin.;married;basic.9y;no;unknown;no;telephone;aug;tue;52;1;999;0;nonexistent;-1.8;94.45775098612418;-40.38196937515041;1.0429102592705766;5176;no
48;blue-collar;married;professional.course;no;no;no;cellular;jul;tue;225;1;12;1;nonexistent;1.4;93.94242984059943;-38.666776042781336;5.1;5076;no
27;technician;married;basic.4y;no;no;no;cellular;may;tue;98;1;999;0;nonexistent;-0.1;93.00805936853402;-43.749709980104754;1.2555489642857303;5195;no
21;technician;married;basic.9y;unknown;yes;no;telephone;aug;mon;146;2;999;0;failure;1.1;94.7564114733219;-46.59702806735714;4.511892363627952;5017;no
43;admin.;single;university.degree;unknown;no;no;telephone;may;mon;395;3;999;0;nonexistent;-0.1;93.3814883818627;-37.07362435669991;4.9554579544960875;5017;no
57;admin.;married;university.degree;no;yes;no;cellular;nov;wed;71;3;999;0;nonexistent;1.4;93.29568626186597;-36.07629113537674;4.925639855124422;5176;no
54;services;married;professional.course;no;no;no;telephone;aug;thu;520;3;999;0;nonexistent;-1.8;93.61693635614039;-36.975174790736496;1.0325075753656239;5076;no
31;admin.;married;university.degree;no;yes;no;cellular;oct;fri;120;1;999;0;nonexistent;1.4;93.15999455549593;-40.715949557877885;0.814089520080699;5076;no
39;entrepreneur;single;university.degree;no;yes;no;cellular;may;wed;247;2;999;0;nonexistent;-0.1;94.38683855202171;-31.347649900111012;3.898652677255388;5099;no
28;blue-collar;married;university.degree;no;yes;no;cellular;aug;tue;20;3;999;0;nonexistent;-0.1;93.91510961756282;-37.09593861802733;3.4620922967506504;5176;no
41;management;single;university.degree;no;yes;no;telephone;oct;tue;99;1;999;0;failure;1.1;93.94984248010672;-37.50558514192003;4.173841890892821;5176;no
46;entrepreneur;married;basic.4y;no;yes;yes;telephone;jul;mon;3;3;999;0;nonexistent;1.4;93.60500560445354;-36.27807164577474;4.094213816663845;5008;no
36;housemaid;married;basic.4y;no;yes;no;telephone;may;fri;6;3;999;0;nonexistent;1.1;93.63660890277264;-40.29560070578678;2.796038210131541;4963;no
42;services;married;university.degree;no;no;no;cellular;nov;mon;118;1;999;0;nonexistent;1.4;94.11040591944754;-44.742311358137535;1.0439100670254893;5195;no
33;entrepreneur;married;professional.course;no;yes;no;cellular;may;thu;63;1;999;0;nonexistent;-1.8;92.97408992005307;-42.22603297128311;5.1;5099;no
34;blue-collar;married;high.school;no;no;no;cellular;jun;mon;1322;1;999;0;failure;1.1;93.63169762873791;-39.486922494634584;4.3953668759096685;5099;no
30;admin.;single;university.degree;no;no;no;telephone;may;thu;165;1;999;0;nonexistent;-0.1;93.65536832345711;-36.89504142270816;4.77231889446937;5008;no
31;services;divorced;high.school;no;no;no;cellular;may;wed;108;3;999;0;nonexistent;-0.1;93.53499404945656;-42.78859555255806;4.103564265719455;5076;no
57;blue-collar;single;university.degree;no;no;no;cellular;oct;thu;94;7;999;0;nonexistent;1.1;94.68466822767368;-36.07927146303686;2.3755158279569675;5195;no
45;management;married;university.degree;no;yes;no;telephone;jun;fri;469;3;999;0;nonexistent;-1.7;93.37652079962967;-35.77439436005152;4.0970912625363685;5099;no
21;blue-collar;married;university.degree;no;no;no;cellular;apr;tue;7;2;999;0;nonexistent;1.4;93.21350309480121;-44.15109712002966;0.8905171647916595;5176;no
44;management;single;university.degree;no;no;no;telephone;aug;mon;87;1;999;0;nonexistent;1.1;94.18928865529492;-35.79793931824706;3.2514529670048726;5228;no
44;management;married;basic.9y;no;yes;yes;cellular;may;wed;393;2;999;0;nonexistent;-1.8;94.42988655483852;-44.91837871649992;0.6096357999525295;5191;no
58;blue-collar;married;basic.9y;no;yes;yes;cellular;aug;mon;36;4;999;0;nonexistent;-1.7;93.76648492609175;-41.36500955717189;2.8385346645658585;5195;no
27;entrepreneur;married;university.degree;no;yes;no;cellular;sep;wed;23;2;15;2;nonexistent;1.4;93.67684229536948;-42.29475711957995;4.216152990585865;5176;no
45;blue-collar;married;professional.course;no;yes;no;cellular;may;tue;599;4;999;0;nonexistent;-1.8;94.49156085445584;-40.14893436753922;4.635614760117304;5191;no
39;unemployed;married;basic.6y;unknown;yes;no;cellular;apr;fri;194;1;999;0;nonexistent;-0.1;93.92934890523223;-40.19016961121148;2.1086633692180135;5228;no
42;admin.;married;university.degree;no;no;no;cellular;jul;fri;104;2;999;0;nonexistent;-0.1;93.17160658207193;-44.53909687009072;2.525284353196754;5076;yes
46;technician;single;university.degree;no;no;yes;cellular;jul;thu;316;6;17;1;failure;-1.8;93.44482117413745;-33.59033169099548;3.805447650329118;5228;no
18;admin.;married;basic.4y;no;no;no;cellular;jul;thu;250;1;999;0;nonexistent;1.4;93.72675199052303;-41.577158762951946;3.7372670098574385;5191;no
45;blue-collar;married;professional.course;unknown;no;no;telephone;nov;mon;107;4;999;0;nonexistent;-1.8;92.50762843436426;-51.46770424226085;4.363593633484004;5228;no
45;blue-collar;married;university.degree;no;no;no;cellular;aug;thu;170;5;999;0;nonexistent;-0.1;94.92727631028009;-36.89566077785237;3.596021491330233;5195;no
42;admin.;married;high.school;no;no;no;cellular;jun;fri;194;2;10;2;nonexistent;-0.1;93.34149446544065;-41.71702065209239;3.046929924947751;5191;no
29;retired;married;professional.course;no;unknown;no;telephone;aug;mon;471;3;25;1;nonexistent;1.4;93.18453942815783;-42.889218060881994;3.3218641800622266;5228;no
38;blue-collar;married;university.degree;no;yes;no;cellular;may;tue;116;4;999;0;nonexistent;1.1;93.5917961110894;-42.03418874429441;4.806389407638316;5176;no
54;admin.;single;university.degree;no;yes;no;telephone;jun;tue;186;2;999;0;nonexistent;-1.7;92.47371992983041;-39.61126381273813;1.915571552490805;5008;no
39;blue-collar;single;basic.9y;no;no;no;telephone;may;tue;146;2;999;0;nonexistent;-1.7;93.7446780413827;-43.54617169096808;5.1;5191;no
47;admin.;single;high.school;no;yes;no;cellular;may;tue;185;1;25;1;nonexistent;-1.7;94.4179654767814;-41.65348648495249;3.8470110039419723;5191;no
45;technician;married;university.degree;unknown;yes;no;cellular;may;wed;1107;1;999;0;failure;-0.1;94.04282632965266;-40.53142405021624;1.97913017523646;5191;no
51;blue-collar;married;basic.9y;no;yes;no;telephone;aug;fri;228;3;999;0;failure;-0.1;93.66266299580269;-43.054308139059025;4.608673583569496;5076;no
56;admin.;single;basic.4y;no;yes;no;telephone;nov;mon;2249;4;999;0;nonexistent;-1.7;92.892524082589;-37.39790640503428;3.835079354255983;4963;no
19;student;single;high.school;no;yes;no;cellular;may;wed;132;2;999;0;nonexistent;1.1;92.92383357932324;-47.04005999037401;3.4969528566672725;5191;no
33;services;divorced;high.school;no;yes;no;cellular;jul;wed;206;1;999;0;nonexistent;-1.8;93.21470942428373;-40.289614219212396;1.7277972484429953;5195;no
40;blue-collar;divorced;university.degree;no;no;no;cellular;jul;tue;107;4;4;1;nonexistent;1.1;93.61200093888233;-41.97348227109134;0.6;5195;no
61;blue-collar;married;university.degree;no;no;no;cellular;jul;tue;49;2;999;0;nonexistent;-1.8;93.68072743546928;-38.04931875801094;5.1;5099;no
50;unemployed;single;university.degree;no;yes;no;telephone;jul;tue;0;5;999;0;nonexistent;-1.8;93.13048506450268;-40.693241104750264;2.9280554625966126;5099;no
45;technician;single;basic.9y;unknown;yes;no;cellular;may;mon;270;4;999;0;nonexistent;-1.8;92.92261302213208;-36.05538677074165;3.9036440520026607;5176;no
45;admin.;married;high.school;no;yes;no;cellular;nov;fri;290;1;10;1;nonexistent;1.4;92.51690738393083;-36.45379033436122;3.666465335845801;5195;no
30;retired;divorced;high.school;no;yes;no;cellular;jul;tue;643;2;999;0;nonexistent;1.1;92.87813139893689;-38.949159642031745;4.6410953202561664;5191;no
45;entrepreneur;married;professional.course;no;yes;no;cellular;jun;thu;80;4;999;0;nonexistent;1.1;94.2376222033681;-44.918106214742686;3.9370778496378662;5191;no
24;services;single;illiterate;no;no;no;cellular;may;fri;90;5;999;0;nonexistent;1.1;93.87917281788128;-39.57336770097219;5.1;5228;no
41;admin.;married;basic.6y;no;yes;unknown;telephone;apr;wed;40;5;17;1;failure;-1.8;94.16314643234256;-46.27221921854963;0.7189185991533905;5099;yes
44;blue-collar;married;university.degree;no;no;no;cellular;nov;tue;13;2;999;0;nonexistent;1.1;93.14331207189223;-41.13623122648965;3.2108932323712764;5099;no
49;management;married;basic.9y;no;no;no;telephone;jun;mon;266;4;999;0;nonexistent;1.4;93.80867306321949;-34.7913445837419;2.336642761094393;5099;no
25;blue-collar;single;high.school;no;yes;no;cellular;may;tue;213;2;999;0;nonexistent;1.1;93.65189565452329;-42.952733028458915;3.9131083198729977;5099;no
36;blue-collar;married;university.degree;no;yes;no;cellular;nov;wed;168;3;999;0;nonexistent;-1.7;93.18018340211246;-44.173479022913504;4.620879956395729;4963;no
27;blue-collar;married;basic.9y;no;yes;no;cellular;jun;mon;209;2;999;0;nonexistent;1.1;93.67405273064212;-34.47533614801921;3.9011847557076127;5191;no
53;admin.;single;high.school;no;yes;no;telephone;oct;fri;56;4;17;1;nonexistent;1.1;94.44785801021693;-40.182591793866685;4.552077210720302;5176;no
57;blue-collar;married;basic.9y;unknown;yes;yes;telephone;nov;mon;78;3;999;0;nonexistent;-1.8;93.84507957658793;-38.252965854500154;3.567612582328785;5195;no
49;technician;married;high.school;no;yes;yes;telephone;oct;mon;30;2;999;0;nonexistent;-1.8;93.68330488921784;-39.486948919888356;3.9642586561642754;5195;no
27;blue-collar;married;university.degree;no;no;yes;cellular;jul;tue;317;1;999;0;nonexistent;-1.7;94.09241071224848;-34.91346120641232;3.571972578629983;5099;no
39;admin.;married;high.school;no;yes;no;cellular;nov;thu;1544;2;27;1;failure;-1.8;92.9959467494075;-36.08938346596561;0.9527538875348867;5008;yes
45;admin.;married;basic.4y;no;no;no;telephone;aug;tue;61;2;999;0;nonexistent;-0.1;93.69580934683522;-34.5636746613769;5.1;4963;no
42;services;married;basic.4y;no;yes;no;telephone;sep;tue;1461;3;999;0;nonexistent;-0.1;93.3511570770673;-38.92633795602097;3.627896342832585;5195;no
45;admin.;single;high.school;no;no;no;cellular;may;fri;4;3;999;0;nonexistent;-0.1;92.74185021042604;-36.289149109650545;3.117739887062884;5176;no
42;blue-collar;married;basic.9y;no;no;no;cellular;may;fri;16;1;999;0;nonexistent;1.4;92.71493416684962;-43.17485383156073;5.035683567959544;5195;no
42;admin.;married;basic.4y;no;yes;unknown;cellular;may;thu;60;2;999;0;nonexistent;-1.8;93.07631232664885;-38.87463925498738;4.800001117017224;5017;no
29;technician;married;professional.course;no;no;no;cellular;jul;fri;645;2;999;0;nonexistent;1.4;93.39775605530882;-46.51619326437209;5.1;5176;no
48;technician;married;high.school;no;no;no;cellular;jun;mon;147;5;21;1;failure;1.1;92.94031860329898;-38.64739742909446;0.6;5176;no
22;entrepreneur;single;university.degree;no;no;no;cellular;aug;wed;351;2;999;0;failure;-1.8;93.4967816468345;-42.82139832913865;2.3772378130289784;5191;no
49;unknown;single;basic.9y;no;no;no;cellular;nov;tue;395;7;999;0;nonexistent;-1.7;93.76078340756257;-38.26725223959849;5.1;5176;no
18;self-employed;married;university.degree;no;no;no;cellular;aug;wed;108;5;999;0;nonexistent;1.4;93.14536606044905;-37.43595016769678;4.665664595644214;4963;no
51;retired;single;basic.4y;no;no;no;cellular;may;thu;68;4;999;0;nonexistent;-1.7;94.22201129795654;-44.796676139903084;4.0762437289586675;5099;no
40;self-employed;married;high.school;unknown;no;no;telephone;nov;tue;510;1;999;0;nonexistent;-1.8;93.99130229056298;-40.543771993425175;2.3301120118105487;5228;no
36;admin.;married;professional.course;no;no;no;cellular;aug;fri;586;4;23;1;nonexistent;-0.1;92.93637529969538;-42.48935890747455;0.6;5076;yes
51;management;married;university.degree;no;yes;no;telephone;jun;thu;334;1;11;1;nonexistent;-1.8;93.01153535649304;-33.33885547822669;4.010550500168541;5008;no
47;blue-collar;married;university.degree;unknown;yes;no;cellular;may;fri;238;4;999;0;nonexistent;-0.1;94.19552901592323;-44.686934635288026;3.099315518466266;5195;no
35;admin.;married;university.degree;unknown;no;no;cellular;dec;tue;207;3;999;0;nonexistent;-1.7;93.43878241100413;-41.71048954618528;5.1;5099;no
55;blue-collar;single;professional.course;unknown;no;no;telephone;jul;fri;35;1;12;1;failure;-0.1;93.77568737828831;-49.85905053285919;4.182532739060184;5228;no
40;admin.;married;university.degree;no;no;no;telephone;apr;tue;153;2;999;0;nonexistent;1.1;94.14987291479146;-41.742222247963234;1.7503665003489992;5076;no
40;blue-collar;married;basic.6y;no;no;no;cellular;may;fri;342;1;999;0;failure;-1.8;93.21837704763547;-39.70293687538082;0.7073378801120982;5191;no
43;blue-collar;married;university.degree;unknown;yes;no;cellular;jun;fri;61;4;999;0;nonexistent;1.1;93.20858882527084;-49.19558212249028;3.653371789425932;5191;no
43;technician;married;basic.9y;no;no;no;cellular;jul;wed;257;3;999;0;nonexistent;1.1;93.93267794258877;-41.74155657738644;4.724388259771284;5176;no
41;housemaid;single;professional.course;no;no;no;cellular;sep;thu;121;2;999;0;nonexistent;-1.7;94.01552740664182;-33.58962470599718;3.5661610531440133;5008;yes
48;admin.;married;basic.9y;no;no;yes;cellular;jun;fri;31;1;14;1;nonexistent;-1.8;94.20001961462562;-40.998404293554884;4.456816930036351;5099;yes
37;technician;married;university.degree;unknown;yes;no;cellular;may;tue;30;4;999;0;nonexistent;1.1;93.90253060944471;-41.67346273261321;4.361204597001087;5228;no
49;admin.;married;basic.6y;unknown;yes;no;cellular;jul;mon;239;1;999;0;nonexistent;-1.8;93.28886048150844;-41.039042846597944;1.5189789013059805;5176;no
30;technician;divorced;basic.9y;unknown;yes;no;cellular;aug;fri;205;2;999;0;nonexistent;-0.1;93.57990321022753;-41.22948513423586;5.1;5191;no
41;technician;married;basic.6y;no;yes;no;cellular;apr;mon;16;3;12;2;nonexistent;1.1;93.30945656147338;-40.344264891901574;3.7363831270402628;5228;no
43;blue-collar;divorced;university.degree;unknown;yes;no;telephone;aug;thu;678;2;999;0;failure;-1.7;93.5581454067743;-39.60681163614892;5.1;5176;no
33;admin.;single;high.school;no;no;no;telephone;may;wed;62;3;999;0;nonexistent;-0.1;94.31885580089596;-43.76099353356558;5.1;5228;no
37;retired;married;high.school;no;no;no;cellular;may;thu;46;3;999;0;failure;-1.7;93.43562396982023;-35.704138597260865;4.0000116922451925;5099;no
46;blue-collar;married;professional.course;unknown;yes;no;cellular;jul;fri;24;4;19;1;failure;-1.8;93.83549140859924;-39.02410597158106;4.194733934877497;5008;no
31;admin.;married;high.school;no;no;no;cellular;may;fri;396;1;999;0;nonexistent;-0.1;93.55069292539065;-36.79353678404286;1.2542859926096452;5176;no
47;admin.;married;high.school;no;yes;no;cellular;jul;thu;224;1;27;1;nonexistent;1.4;93.2536433840956;-38.83126077081385;3.95564702892509;5228;no
45;admin.;married;university.degree;no;yes;no;cellular;may;wed;71;2;999;0;nonexistent;-0.1;93.23057763591237;-31.922872886303402;3.2372194757999457;5176;no
39;entrepreneur;married;high.school;no;yes;no;telephone;may;thu;124;3;0;1;nonexistent;-0.1;93.91349044408149;-37.8916260254168;4.822028617863353;5228;no
35;technician;divorced;basic.6y;no;yes;no;cellular;sep;fri;115;3;1;2;nonexistent;-0.1;94.06889932048097;-41.113461686567575;2.559764885980183;5228;no
31;entrepreneur;married;high.school;no;no;no;cellular;jun;thu;20;1;999;0;nonexistent;-1.8;92.89416220666747;-39.76706263019877;3.6423241193898512;5076;yes
57;management;single;university.degree;no;no;no;telephone;aug;fri;147;7;999;0;nonexistent;-0.1;93.35444375319646;-40.164002281451545;4.1630703591443465;5191;no
36;admin.;single;professional.course;no;yes;no;telephone;may;tue;219;2;999;0;nonexistent;-1.8;94.17220910681095;-42.02705603043821;5.1;5008;no
25;blue-collar;single;professional.course;no;yes;no;cellular;may;wed;782;4;999;0;nonexistent;1.1;93.60568138730976;-40.52440306590754;3.763804344558475;5228;no
28;technician;married;university.degree;no;yes;no;cellular;jul;thu;286;4;999;0;nonexistent;1.4;93.3238356069875;-46.27945203395689;4.542281336882063;5191;no
42;admin.;married;basic.9y;no;no;no;cellular;may;thu;95;3;999;0;nonexistent;-1.7;93.9202243756085;-34.6250828926406;4.135212708439815;5228;no
34;unemployed;married;basic.6y;unknown;yes;no;cellular;aug;mon;671;3;999;0;nonexistent;1.1;93.42472399049343;-31.763729824520375;4.956095120377867;5191;no
25;self-employed;married;basic.4y;yes;no;no;cellular;may;wed;252;4;999;0;nonexistent;1.4;93.37736579392246;-42.38325422299727;4.500468599165897;5176;no
30;admin.;married;basic.6y;no;no;no;cellular;may;mon;23;2;999;0;success;1.1;92.67547230637611;-39.90802020935761;1.767840232911553;5099;yes
50;blue-collar;single;university.degree;no;yes;no;telephone;may;mon;37;3;999;0;nonexistent;1.4;92.99895877804114;-42.06792345337609;3.7594920678763284;5191;no
49;management;married;university.degree;no;no;no;cellular;apr;fri;42;1;999;0;nonexistent;1.1;93.90922947837444;-41.9373736456986;3.3887800846733316;5195;no
25;admin.;married;university.degree;no;yes;no;cellular;nov;mon;210;1;999;0;nonexistent;-0.1;93.87379072373855;-39.03608573977724;4.49370265524269;5228;no
18;admin.;married;basic.6y;no;no;no;cellular;nov;tue;278;2;999;0;failure;-1.8;93.05343562744402;-33.05687351624074;0.6;5017;yes
55;technician;married;high.school;no;no;no;cellular;jun;mon;67;4;999;0;nonexistent;-0.1;93.44555475020933;-39.77412693837727;4.224259097479978;5076;no
26;blue-collar;married;high.school;unknown;no;no;telephone;nov;thu;15;2;999;0;nonexistent;1.1;93.45424425934168;-43.509961580006646;4.453819952211273;5099;no
34;admin.;single;basic.4y;no;yes;no;cellular;may;mon;112;3;999;0;nonexistent;-1.8;93.8755590753896;-42.38374611341127;5.1;5099;no
39;technician;married;basic.9y;no;yes;no;cellular;jun;tue;248;3;999;0;nonexistent;1.1;93.21738839516196;-35.63081503816187;4.829256514712;5191;no
23;retired;married;high.school;no;no;no;cellular;nov;wed;30;2;999;0;failure;1.4;93.48506020846224;-37.24738670148046;3.655192261780824;5191;no
43;admin.;married;university.degree;no;yes;no;cellular;may;fri;44;3;26;1;nonexistent;-0.1;93.83651486781714;-45.72568108578998;3.2839822097939546;5099;no
26;admin.;married;university.degree;unknown;no;unknown;cellular;aug;tue;743;2;999;0;failure;-1.8;93.53735759093993;-42.1869901637496;1.6494689900251813;5076;yes
34;admin.;single;high.school;no;yes;no;cellular;aug;thu;554;1;999;0;nonexistent;-1.8;92.37025422783024;-39.77327005820703;2.9338722624205245;4963;no
60;technician;married;university.degree;no;no;no;cellular;may;thu;340;7;19;1;nonexistent;1.4;94.2283115167784;-37.23692700054524;2.688930915972126;5176;no
36;blue-collar;married;basic.9y;no;yes;no;cellular;may;mon;114;3;28;2;nonexistent;1.4;93.68852528564084;-32.97512725064741;0.6;5008;yes
39;services;single;high.school;no;no;no;cellular;apr;mon;37;2;999;0;failure;-1.7;93.78140318610693;-40.29759874982806;5.1;5195;no
26;admin.;married;professional.course;no;yes;no;telephone;aug;mon;42;2;18;2;nonexistent;-0.1;91.94720108386694;-41.246270128200784;4.048270779900644;5099;no
18;services;single;high.school;no;no;yes;cellular;jul;mon;74;2;999;0;nonexistent;1.4;93.43681576830024;-37.458910722948744;4.221874395416715;5008;no
50;housemaid;married;basic.6y;unknown;no;no;cellular;nov;fri;68;4;999;0;nonexistent;1.4;94.35358992962932;-39.83435599586812;3.49997806272206;5228;no
49;retired;single;university.degree;no;yes;no;telephone;jun;mon;564;3;999;0;nonexistent;-1.8;93.40789212058164;-39.5926172009535;1.5137900280024568;5191;no
43;blue-collar;married;high.school;no;yes;no;telephone;may;wed;280;3;999;0;nonexistent;-0.1;93.35413968166127;-37.690644236454446;0.9197222966348436;5191;no
39;admin.;married;basic.6y;no;yes;no;telephone;jul;fri;231;3;999;0;nonexistent;1.1;93.52736309139658;-38.173736763141704;2.217290871860119;5176;no
41;technician;married;professional.course;no;yes;unknown;cellular;aug;fri;582;1;999;0;nonexistent;1.1;94.51757363034034;-42.301409678435434;1.3289233216469356;5076;no
55;blue-collar;single;university.degree;unknown;no;no;telephone;jun;wed;432;4;1;1;success;1.4;93.26701896410566;-37.84914142664977;1.2402093162232455;5076;no
47;admin.;married;basic.4y;no;unknown;no;cellular;aug;fri;316;1;999;0;nonexistent;-0.1;94.14349281558582;-45.181699828172924;4.933799137642456;5195;no
48;blue-collar;married;university.degree;no;yes;no;telephone;jul;fri;32;4;999;0;nonexistent;1.1;93.33159103681992;-37.63960269265702;4.077194298680712;5228;no
41;technician;married;high.school;no;yes;no;telephone;may;fri;291;1;2;1;failure;1.1;93.2211041398674;-39.44014754683436;1.1652171720457976;5099;yes
27;management;married;high.school;no;unknown;no;telephone;jul;fri;57;4;999;0;nonexistent;1.4;93.47514682237006;-45.42258965669323;5.1;5099;no
33;student;single;high.school;no;yes;unknown;cellular;aug;mon;15;1;999;0;nonexistent;-1.8;93.0035342431191;-36.92157237128073;3.147739131958489;5176;no
18;entrepreneur;married;basic.6y;unknown;yes;no;cellular;jul;mon;676;2;999;0;nonexistent;-1.7;93.10277485010893;-42.5815966165827;3.718569992911508;5228;no
36;technician;single;university.degree;no;unknown;no;telephone;may;tue;244;1;999;0;nonexistent;-1.7;93.4759279717446;-34.531194544415804;4.040240734449486;5195;no
28;retired;married;university.degree;no;no;no;telephone;may;tue;200;1;999;0;nonexistent;1.4;93.34354277959903;-39.18006485155816;1.8435240640722488;5099;no
59;retired;married;high.school;no;yes;yes;cellular;oct;wed;452;1;13;1;nonexistent;-1.7;93.32158806778013;-42.25630699100722;3.7788121418478053;5176;yes
42;student;single;basic.9y;unknown;yes;no;telephone;may;tue;1028;1;999;0;nonexistent;-0.1;93.43339092885782;-40.89515793349414;0.7852495501231602;5191;no
58;admin.;married;professional.course;no;no;no;telephone;jun;mon;30;2;9;1;nonexistent;1.1;92.80814293392285;-41.41886128789744;4.330138457248317;5191;no
30;blue-collar;married;basic.9y;no;yes;yes;cellular;aug;wed;243;4;999;0;nonexistent;-1.7;93.1053025681717;-43.212132080450225;4.028827421418705;5195;no
51;admin.;divorced;basic.9y;no;no;no;telephone;jun;mon;43;2;999;0;nonexistent;-1.8;93.74569486611665;-38.748423154583605;3.826087520768671;4963;no
44;self-employed;single;high.school;no;yes;no;telephone;may;fri;14;5;999;0;nonexistent;-0.1;93.09819953680592;-44.636566142610405;1.1549465195348065;5191;no
50;services;divorced;university.degree;no;no;no;telephone;may;thu;55;5;999;0;nonexistent;1.1;93.41948093291396;-41.6133145207454;3.2371230276854943;5176;no
37;admin.;married;basic.9y;no;yes;no;cellular;aug;thu;51;3;999;0;nonexistent;1.1;92.9415045529705;-38.50746593203206;1.3385623175987127;5076;no
38;student;single;high.school;unknown;no;no;telephone;may;tue;48;3;999;0;nonexistent;-1.7;94.48038971316171;-38.95093178464779;0.6;5099;no
45;technician;married;high.school;no;yes;no;cellular;jun;mon;110;1;999;0;failure;1.4;93.63658980703163;-39.991605435467115;4.2833488746892625;5195;no
41;admin.;married;basic.4y;no;no;no;telephone;mar;mon;153;1;8;1;nonexistent;-0.1;93.60710886529858;-45.22488556985417;2.2136816323575994;5176;no
35;blue-collar;married;basic.6y;no;unknown;no;cellular;aug;wed;71;4;29;1;nonexistent;1.1;93.2216095041866;-37.782461354760095;3.574408495458338;5228;no
26;management;married;university.degree;no;no;no;telephone;jul;thu;287;1;999;0;nonexistent;-1.8;92.77889630593015;-45.20307095119684;4.918159074795209;5017;no
55;blue-collar;married;high.school;no;no;no;cellular;may;tue;30;2;17;1;nonexistent;-1.8;93.58611443952938;-35.51841413824599;3.773211791883323;5195;no
22;services;single;basic.4y;no;yes;unknown;cellular;may;tue;112;2;16;1;nonexistent;-0.1;93.49953622026652;-31.509331244068644;3.024723643623556;5176;no
43;services;married;basic.6y;no;yes;yes;cellular;dec;tue;2;2;999;0;nonexistent;-0.1;94.63353576596536;-34.55350713233481;3.746373327593095;5191;no
40;retired;married;illiterate;unknown;no;no;cellular;may;tue;194;4;999;0;nonexistent;-1.7;92.85615981716464;-41.22236784048833;3.97486953766044;5195;no
18;technician;married;high.school;unknown;no;no;cellular;may;mon;10;2;9;1;nonexistent;-0.1;93.69115336086222;-44.55872199620021;4.0639331165323895;4963;no
42;admin.;divorced;high.school;unknown;no;no;cellular;apr;fri;684;1;0;1;nonexistent;-1.8;92.92411170827853;-35.678269894850345;4.040790669804334;5191;no
40;entrepreneur;single;basic.9y;unknown;no;no;cellular;aug;wed;281;5;27;1;nonexistent;-0.1;94.05208048746644;-39.36810759848381;1.572896823466816;5099;no
40;admin.;divorced;university.degree;no;no;yes;cellular;may;tue;762;4;999;0;success;1.1;94.01148460801105;-37.56782896213348;3.606783152237306;5195;no
45;blue-collar;married;professional.course;unknown;yes;no;cellular;aug;wed;16;1;999;0;nonexistent;-0.1;94.08746980050869;-35.80221446483854;3.131361635777959;5191;no
25;admin.;single;professional.course;no;no;yes;cellular;aug;thu;161;2;999;0;nonexistent;-1.7;93.26669988920155;-42.888882890020895;2.883619130371268;5099;no
47;admin.;married;basic.4y;no;no;no;cellular;jul;tue;255;1;999;0;nonexistent;-1.8;93.47293430703436;-37.433645166822814;2.6339229649515663;5017;no
32;admin.;married;university.degree;no;yes;yes;cellular;jun;tue;38;3;10;1;nonexistent;-1.7;93.73002740745395;-44.668779727339064;4.278444391935711;5191;no
35;services;married;unknown;unknown;yes;no;cellular;may;thu;151;4;999;0;nonexistent;-1.8;93.6174286566926;-45.79363811934231;4.291787899411992;5191;no
39;admin.;single;basic.9y;no;yes;no;telephone;may;tue;302;1;999;0;nonexistent;1.1;93.71879718033223;-31.991518629165277;4.903520464043198;5228;no
52;technician;married;university.degree;no;no;yes;cellular;oct;tue;127;1;999;0;success;1.1;93.33506917460264;-43.743897827207114;1.703504383701088;5099;yes
38;services;married;basic.9y;no;no;no;cellular;jun;thu;292;6;999;0;nonexistent;-0.1;93.09236830630599;-44.22452807392995;3.245098229513977;5099;no
30;technician;married;university.degree;no;no;yes;cellular;may;thu;380;4;27;1;nonexistent;-0.1;93.3242949579631;-49.69399341435695;2.648282547841627;5195;no
52;services;married;university.degree;no;yes;no;cellular;may;mon;1449;1;999;0;nonexistent;-1.8;94.31375316725783;-34.955183915576185;3.4878431392345073;5099;no
29;self-employed;married;illiterate;unknown;no;no;telephone;may;wed;108;3;999;0;nonexistent;-1.7;94.10682579384877;-38.48656914246007;1.5039850431516706;5076;yes
34;student;single;university.degree;no;yes;unknown;telephone;jul;tue;513;4;999;0;nonexistent;-1.7;93.86468406798647;-31.6127177960108;5.1;5176;no
53;services;married;basic.4y;no;yes;yes;telephone;sep;thu;281;3;999;0;nonexistent;1.1;94.05124882748912;-43.30986530203111;4.243268330217211;5099;no
45;admin.;married;basic.6y;no;yes;no;cellular;jun;thu;215;4;999;0;nonexistent;1.1;93.21639268396062;-39.607262928466426;1.3298617146483858;5228;no
33;student;single;high.school;no;no;no;telephone;may;fri;973;2;19;1;nonexistent;1.1;94.23339231049455;-40.02757108311545;3.4960635179959443;5176;no
29;admin.;married;high.school;no;no;no;cellular;nov;wed;2;1;999;0;success;-1.8;92.86073395954757;-39.75078744500382;2.022028557081756;5017;yes
46;housemaid;married;basic.9y;unknown;no;no;telephone;jun;fri;30;1;999;0;nonexistent;-0.1;93.50956808622783;-37.29059943195617;1.3320359386143545;5099;yes
26;blue-collar;single;university.degree;no;yes;no;telephone;aug;tue;59;1;999;0;nonexistent;-0.1;93.62072746059587;-38.81283912977728;5.096716339995896;5195;no
53;entrepreneur;married;basic.9y;no;no;no;telephone;may;thu;54;4;999;0;success;-1.7;92.68222469430333;-38.96927814270639;5.1;4963;yes
42;blue-collar;married;university.degree;no;no;yes;cellular;aug;tue;45;3;999;0;nonexistent;1.1;93.27888040618832;-38.96354209522804;4.062195284180091;5008;no
32;technician;married;university.degree;unknown;yes;no;telephone;may;mon;222;1;11;1;nonexistent;1.4;93.63775943710544;-38.82854137432525;4.3464560880908785;5099;no
45;admin.;divorced;university.degree;unknown;yes;no;cellular;nov;wed;15;2;999;0;nonexistent;-0.1;92.23170254717809;-45.902805138173406;3.5619536857012277;5099;no
61;self-employed;married;university.degree;no;no;no;telephone;may;tue;243;5;999;0;nonexistent;-1.8;92.87661027770928;-38.53332896225186;2.832073244517035;5076;no
46;blue-collar;married;high.school;no;yes;no;cellular;may;wed;212;2;999;0;failure;-0.1;93.4586001215535;-34.27022503566541;1.415729501766779;5191;no
37;blue-collar;married;basic.4y;unknown;yes;no;cellular;may;thu;51;4;999;0;nonexistent;-0.1;93.36440708858504;-39.97090035170563;2.342010359525169;5228;no
45;blue-collar;married;high.school;no;no;no;telephone;nov;tue;245;1;999;0;nonexistent;-0.1;92.94821955214812;-38.853600274212816;2.731327745868358;5228;no
58;blue-collar;married;high.school;no;yes;yes;cellular;jul;fri;87;1;999;0;nonexistent;1.1;93.89998542148967;-40.11369833657149;1.8063056980764518;5176;no
52;admin.;married;university.degree;unknown;no;no;cellular;nov;mon;258;1;999;0;nonexistent;1.4;94.33657899699797;-39.232472635422354;3.213433459372422;5076;no
39;admin.;divorced;illiterate;unknown;no;no;cellular;jul;fri;376;2;999;0;nonexistent;-0.1;93.37957659887353;-40.51071194059944;1.63634598150773;5017;no
40;blue-collar;married;basic.9y;no;yes;yes;telephone;may;mon;1478;4;999;0;nonexistent;-1.7;93.27051684464037;-36.32607616869405;4.746162904871449;5195;no
45;services;married;high.school;no;no;no;cellular;apr;mon;35;4;999;0;nonexistent;1.1;92.61883636700396;-41.92256566338627;4.818442644836782;5099;no
39;admin.;divorced;high.school;unknown;no;no;cellular;nov;wed;354;3;17;1;nonexistent;-0.1;93.05128405247032;-35.10693708313487;3.133851483881805;5017;yes
33;admin.;married;high.school;no;yes;yes;cellular;jun;tue;430;2;999;0;failure;-1.7;92.48062561867309;-40.96356513754183;3.7737236988243406;5195;no
50;technician;married;professional.course;unknown;no;yes;cellular;may;tue;354;1;999;0;nonexistent;1.1;92.61542115073269;-36.66648988616207;2.154629407009207;5228;no
44;services;married;high.school;no;yes;no;telephone;may;thu;405;2;999;0;nonexistent;-1.8;93.67069235180391;-39.26944895412746;3.5464754029036074;5191;no
51;unknown;single;university.degree;no;yes;yes;telephone;oct;mon;187;5;999;0;nonexistent;1.4;93.66998352854841;-36.98647193941704;4.425730990891066;5099;no
28;admin.;single;university.degree;unknown;yes;no;telephone;jul;fri;608;1;999;0;nonexistent;1.1;93.51909344553721;-40.14923755558609;5.1;5099;no
38;blue-collar;married;high.school;no;yes;no;cellular;jun;fri;115;4;999;0;nonexistent;-1.7;93.85512936216654;-39.07983602718169;1.5703692468943538;5176;no
35;student;married;university.degree;unknown;no;no;cellular;may;tue;288;2;999;0;nonexistent;-0.1;93.9736815230531;-41.109713539957276;3.9270013445369907;5195;no
34;services;single;professional.course;no;yes;no;cellular;jul;fri;168;3;19;2;nonexistent;-1.7;92.9483840070202;-42.794760094007934;4.409308798853991;5017;yes
37;services;single;basic.6y;no;yes;no;telephone;may;thu;90;1;999;0;failure;-0.1;93.1500601514165;-42.88986013986762;2.7663604912452735;5228;no
30;self-employed;single;basic.4y;no;no;no;telephone;may;fri;241;3;999;0;failure;-0.1;94.1114659048677;-39.53258972223053;0.6;5228;no
54;blue-collar;married;professional.course;no;no;no;cellular;oct;mon;902;2;999;0;nonexistent;-0.1;93.7712583052562;-40.875864637169414;5.035598915313451;5017;no
35;technician;married;professional.course;no;no;no;telephone;apr;thu;23;1;999;0;nonexistent;-1.8;93.95360085278172;-45.48085986375499;3.6365478810048883;5191;no
36;blue-collar;married;university.degree;no;yes;no;cellular;jun;wed;294;1;999;0;nonexistent;-0.1;93.46879573637106;-35.21998105005342;3.012538851291393;5228;no
40;blue-collar;married;university.degree;no;no;yes;telephone;aug;fri;1;1;999;0;nonexistent;-0.1;93.59485358922751;-43.03750418955372;5.1;5228;no
51;self-employed;single;high.school;no;no;no;telephone;apr;mon;937;2;29;3;success;-0.1;93.38892569545563;-36.52794370896224;1.2641699974015361;5076;yes
21;blue-collar;married;basic.4y;no;unknown;no;cellular;nov;fri;34;1;999;0;nonexistent;-1.8;93.80802148322594;-39.2521088058373;4.1449149667963034;5099;no
45;admin.;single;basic.9y;no;no;no;cellular;nov;thu;401;1;999;0;nonexistent;-1.7;93.30474040097913;-42.3680653352799;4.121286538313583;5195;no
31;admin.;married;professional.course;no;no;no;telephone;jun;tue;52;4;999;0;nonexistent;-1.7;93.91573377187137;-42.261964869308684;5.022625976883953;5191;no
28;admin.;married;basic.6y;no;yes;yes;cellular;apr;wed;53;1;999;0;nonexistent;-1.7;93.21658999849267;-47.811035535770145;4.435622660007383;5008;no
33;management;married;professional.course;no;yes;no;cellular;aug;mon;120;1;999;0;nonexistent;-0.1;93.44021187649724;-42.302297349178666;4.716489717014834;5191;no
32;student;married;university.degree;no;yes;no;telephone;aug;mon;190;3;999;0;failure;1.1;92.73097634926303;-40.13642212008607;3.645946884154332;5099;no
43;admin.;married;university.degree;no;yes;no;telephone;aug;thu;23;1;999;0;nonexistent;1.1;92.59139464096798;-42.25080122684363;2.6661159929546043;5176;no
18;admin.;married;university.degree;no;no;no;cellular;nov;wed;34;3;999;0;nonexistent;-1.7;93.86885433194144;-39.84470241557692;4.697530960166764;5191;no
30;admin.;married;high.school;unknown;yes;yes;cellular;may;wed;628;1;8;1;nonexistent;-1.7;93.24315548640807;-37.68081225237611;5.080742337332946;5076;yes
50;management;single;university.degree;no;yes;no;telephone;nov;mon;655;2;999;0;nonexistent;1.1;93.78104262285713;-43.39217671544644;4.020350425862013;4963;no
52;retired;married;university.degree;no;yes;no;cellular;jul;fri;212;2;999;0;success;-1.7;93.03493712931429;-39.75829286783223;4.9102052670348115;4963;yes
34;blue-collar;married;high.school;no;yes;yes;telephone;nov;tue;164;4;999;0;nonexistent;1.1;93.40940004362862;-38.12458123375813;3.9318297654584664;5176;no
28;admin.;married;university.degree;no;yes;no;cellular;jul;wed;49;1;999;0;nonexistent;-0.1;93.69822958649794;-34.75837933401674;1.8972819277407522;5099;no
33;entrepreneur;single;high.school;no;yes;no;cellular;aug;fri;121;2;999;0;nonexistent;-0.1;93.53516436671977;-46.452210536935105;0.7237199268861464;4963;no
42;admin.;married;high.school;unknown;no;no;cellular;nov;wed;13;1;999;0;nonexistent;1.1;93.3876650547936;-40.3059866709911;2.648791299335257;5176;no
46;admin.;single;university.degree;unknown;yes;no;cellular;aug;fri;6;2;999;0;nonexistent;-0.1;93.56793817510321;-44.72567351153902;3.9195444859572848;5195;no
40;admin.;single;professional.course;no;no;yes;cellular;may;tue;113;1;999;0;nonexistent;1.1;93.93428119242087;-35.708600371877694;1.547572741900381;5191;no
44;services;married;high.school;no;no;yes;cellular;may;tue;981;2;999;0;nonexistent;-1.7;93.44650893092088;-34.75381020698319;4.752058527984794;5099;no
44;blue-collar;divorced;professional.course;no;yes;yes;cellular;oct;mon;26;2;999;0;nonexistent;1.4;93.59859879146191;-41.064229398231205;0.6;5228;no
40;admin.;married;university.degree;no;yes;no;telephone;jun;wed;209;4;999;0;nonexistent;-0.1;93.74033147907467;-37.98828298958647;4.317780008810154;5228;no
43;management;single;university.degree;unknown;yes;no;telephone;aug;fri;327;1;999;0;nonexistent;1.1;93.40763899194764;-40.75437450673489;0.9414319341303774;5191;no
64;technician;married;university.degree;no;yes;yes;cellular;jun;wed;90;4;999;0;nonexistent;1.1;92.73458538852014;-42.541511499042585;2.6725811303915483;5176;no
33;retired;single;university.degree;unknown;yes;no;telephone;jun;wed;176;3;999;0;nonexistent;1.4;93.34337647751553;-39.953579644187094;4.105816408110686;4963;no
26;admin.;married;high.school;no;yes;no;cellular;may;tue;593;2;999;0;nonexistent;1.1;92.60091718073706;-39.8338879389114;4.167318128352473;5228;no
58;unemployed;single;basic.6y;no;yes;no;cellular;may;thu;320;2;999;0;nonexistent;-1.7;92.98806285153188;-37.37917187643012;5.1;5191;no
58;admin.;single;university.degree;no;yes;no;cellular;aug;tue;112;5;999;0;nonexistent;-1.7;93.28968634345254;-36.086110028927315;5.1;5176;no
58;technician;married;basic.9y;no;no;no;cellular;jun;mon;735;1;5;3;nonexistent;1.1;94.1802986778311;-34.92972744186482;0.9196197464648793;5195;no
35;technician;divorced;basic.4y;no;yes;no;cellular;may;fri;24;2;999;0;nonexistent;1.1;93.58966341370176;-39.25911933610819;0.865221544721119;5076;no
47;self-employed;married;professional.course;no;yes;no;cellular;apr;thu;626;3;23;1;nonexistent;1.4;93.14082109620183;-39.87398136823287;4.883317976597373;5008;no
45;technician;divorced;university.degree;unknown;yes;no;cellular;may;thu;665;2;999;0;nonexistent;-1.7;93.33913976628689;-36.0859163641583;4.595691281548656;5017;no
21;blue-collar;married;university.degree;no;yes;no;cellular;nov;thu;31;1;999;0;nonexistent;-1.7;93.4941279754775;-41.717355608934646;5.1;5076;no
35;admin.;married;university.degree;no;no;no;cellular;may;fri;100;1;999;0;nonexistent;1.1;93.1197831138322;-35.13695463166397;3.1532202952597412;5191;no
33;blue-collar;married;high.school;no;yes;yes;cellular;may;fri;25;2;999;0;nonexistent;1.1;94.68740282746136;-40.86528456463684;3.652430239000611;5099;no
35;blue-collar;married;university.degree;no;yes;no;cellular;jul;tue;216;2;999;0;nonexistent;-0.1;93.58373370458952;-46.234281147657974;3.120956781755174;5076;no
48;admin.;married;university.degree;no;yes;no;cellular;jul;mon;109;4;999;0;nonexistent;-1.7;93.61836279967741;-42.43626357210904;3.9588896666884335;5195;no
32;admin.;single;university.degree;unknown;yes;no;cellular;may;fri;136;2;999;0;success;-0.1;93.73510590523716;-45.69004966963132;4.748720286467436;5176;no
37;entrepreneur;married;unknown;unknown;no;no;cellular;may;fri;28;2;999;0;nonexistent;1.1;92.7303156196729;-44.2686598621866;3.3079172382506017;5017;no
47;entrepreneur;married;basic.9y;no;yes;no;telephone;sep;thu;689;1;999;0;nonexistent;1.4;93.70857196066243;-38.16983886535581;4.602239357448885;5228;no
30;technician;single;basic.9y;no;unknown;no;cellular;apr;fri;317;4;11;2;nonexistent;-1.7;93.75205008380561;-37.87018053409549;3.7303512652766098;5176;no
29;housemaid;married;basic.4y;no;yes;no;cellular;aug;wed;756;7;999;0;nonexistent;-1.7;93.45458309784799;-38.794202298952655;1.4286816097437272;5191;no
33;technician;single;university.degree;no;no;no;cellular;jun;thu;685;1;999;0;nonexistent;1.1;94.15578918237523;-38.83596895465812;2.1656344367436966;5228;no
40;technician;married;university.degree;no;yes;yes;cellular;jul;thu;60;2;999;0;nonexistent;-0.1;93.41868651383966;-40.28813394304333;5.1;5099;no
47;unknown;married;basic.4y;no;no;no;cellular;jun;thu;366;1;7;1;nonexistent;-0.1;93.45640587797301;-37.19049310787965;3.630122358196698;5176;no
41;blue-collar;divorced;high.school;unknown;yes;no;cellular;may;mon;30;3;999;0;nonexistent;-1.8;93.66497543310646;-32.954046052710524;4.135925285205252;5099;no
18;technician;married;high.school;no;no;no;cellular;may;tue;375;3;999;0;nonexistent;1.1;93.43673939989759;-36.74765425346903;0.8030480369722658;4963;no
38;services;married;university.degree;unknown;yes;no;telephone;jun;mon;507;3;999;0;nonexistent;-0.1;93.63077659274111;-40.684575736497266;3.6224418269242227;5191;no
40;technician;married;university.degree;no;yes;no;cellular;nov;tue;94;1;999;0;nonexistent;-0.1;93.42936850665775;-37.53956415401183;3.3301268520604204;5191;no
34;blue-collar;single;professional.course;no;yes;no;cellular;may;mon;66;1;999;0;failure;-0.1;93.24646384564025;-36.70254130638638;4.395828070373257;5017;no
38;housemaid;single;basic.9y;no;yes;no;cellular;jun;tue;63;6;999;0;nonexistent;-0.1;92.8609821085595;-44.00319006243687;4.5402470155910235;5099;no
28;self-employed;married;university.degree;no;yes;no;telephone;aug;wed;576;3;999;0;nonexistent;1.1;93.41556593113481;-43.250509421873126;4.749639477379062;4963;no
29;unemployed;married;university.degree;no;no;no;cellular;apr;tue;389;5;999;0;nonexistent;1.1;93.57941013236852;-40.32377161888017;2.181555022717011;5228;no
31;blue-collar;married;professional.course;no;yes;no;cellular;sep;fri;582;4;29;1;nonexistent;-0.1;92.72491280879953;-41.547893599329676;4.606354462836021;5076;no
36;self-employed;married;university.degree;no;yes;no;cellular;aug;tue;199;4;6;1;failure;1.1;93.67992043536121;-39.04084150343377;1.6714401856429981;4963;no
32;services;married;basic.9y;yes;no;no;telephone;jun;wed;288;2;999;0;nonexistent;1.1;93.80127100933798;-38.59519447948298;0.6;5191;no
48;unknown;married;university.degree;no;yes;no;telephone;nov;wed;53;2;999;0;nonexistent;-0.1;94.17259692575665;-33.91780364568791;2.869040412248371;5176;no
45;blue-collar;married;unknown;no;yes;no;telephone;oct;wed;173;3;999;0;success;-1.8;93.8663651299175;-37.87518734405405;4.322602799454493;5195;no
49;admin.;single;unknown;no;no;no;telephone;may;mon;211;2;1;3;nonexistent;-1.7;93.60357877738696;-31.87938529402848;1.2161985442969199;5017;yes
40;technician;married;university.degree;no;no;yes;cellular;may;wed;56;1;999;0;nonexistent;1.1;93.05811457171173;-41.53159818556772;4.281382755633787;5191;no
33;technician;married;basic.9y;no;yes;no;telephone;jul;fri;338;1;999;0;nonexistent;1.1;93.71604102922863;-44.62731193160276;4.520040605821768;5076;no
37;blue-collar;married;university.degree;no;no;no;cellular;may;tue;185;1;23;1;nonexistent;-1.8;93.22594298360647;-39.07872158493391;4.755676527255544;5176;no
38;blue-collar;single;high.school;no;no;no;cellular;may;fri;125;4;14;1;nonexistent;1.4;93.10353787491053;-41.01137867226518;2.0239320789500206;5191;no
46;admin.;single;university.degree;no;no;no;cellular;may;tue;157;2;13;1;nonexistent;1.1;93.44535778079776;-39.10695808804951;3.5;5099;yes
36;management;married;university.degree;no;no;yes;cellular;jun;wed;12;1;999;0;nonexistent;1.4;93.31293212399704;-37.38405247974487;4.612614081251395;5076;no
37;technician;married;high.school;yes;no;no;cellular;may;tue;2394;2;999;0;success;1.1;94.24785632737924;-44.94465082668688;0.6;4963;yes
35;admin.;married;high.school;no;yes;no;cellular;jul;mon;76;3;999;0;nonexistent;1.4;93.08194071990235;-39.17718702141303;0.7855086147076799;5099;no
46;admin.;married;high.school;no;yes;no;cellular;sep;thu;428;2;11;1;failure;1.1;93.93557008751603;-35.16458917535151;4.272142797354053;5099;yes
62;management;single;basic.4y;no;yes;no;cellular;jun;mon;542;3;999;0;nonexistent;-1.8;93.29010345490539;-43.9036001521019;2.6360618871011594;5176;no
48;technician;married;university.degree;no;no;no;cellular;may;fri;119;4;999;0;nonexistent;1.4;94.0020226284075;-43.98274003226921;0.8986697965559794;5017;no
38;technician;single;high.school;no;no;no;cellular;aug;wed;112;3;0;1;nonexistent;-0.1;93.46770236386307;-39.107852657897205;4.106317418515736;5017;no
45;admin.;married;university.degree;no;no;no;cellular;may;thu;191;3;999;0;failure;1.4;94.84942767979223;-45.50158080777881;0.6;5195;no
20;blue-collar;married;university.degree;no;no;no;cellular;may;mon;19;3;999;0;nonexistent;-1.8;94.68558494885959;-39.22859533799511;0.6;5176;no
40;retired;divorced;professional.course;no;yes;no;telephone;jul;wed;52;5;999;0;nonexistent;1.1;93.32431315701109;-40.69091403800156;3.185308497108309;5191;no
37;blue-collar;single;university.degree;no;no;no;cellular;may;thu;452;3;999;0;nonexistent;-0.1;92.83945284762028;-35.108049227059745;4.802505028475323;5195;no
39;admin.;married;high.school;no;yes;no;cellular;jul;fri;715;2;999;0;failure;-0.1;94.6105984166338;-36.73071764341492;4.171327215883068;5076;no
48;services;married;basic.4y;no;yes;no;telephone;nov;mon;2;3;999;0;success;-1.8;93.63803489947858;-38.05502154858201;3.4610037081585876;5195;no
30;management;single;professional.course;no;yes;no;cellular;jul;wed;41;3;999;0;nonexistent;-0.1;92.98276959683487;-38.024009901829906;4.848678445570288;5176;no
52;admin.;single;university.degree;unknown;yes;no;telephone;may;thu;206;2;4;2;nonexistent;1.4;93.04841493737895;-45.13817274033476;4.566820532796999;5176;no
47;blue-collar;married;illiterate;no;yes;no;cellular;may;thu;206;1;999;0;nonexistent;-1.7;93.49118548028126;-39.48929102829931;4.011388210379714;5228;no
47;admin.;divorced;university.degree;unknown;no;no;cellular;jul;thu;329;3;999;0;nonexistent;-1.8;94.11971691459365;-37.94293551419826;3.2035220483709117;4963;no
40;admin.;married;university.degree;no;no;no;cellular;aug;mon;62;4;15;1;nonexistent;-0.1;93.59912770874915;-41.726869981717506;1.8752962838918035;5228;no
37;admin.;married;basic.9y;no;yes;no;cellular;jun;fri;481;1;999;0;nonexistent;-1.8;93.7332318691999;-45.33921538665807;1.6042912479694613;5195;no
39;admin.;divorced;professional.course;no;yes;no;telephone;nov;fri;144;4;999;0;nonexistent;1.1;93.34499970499033;-40.67921325490748;4.7971977626115105;5228;no
37;management;divorced;basic.9y;no;no;no;telephone;may;tue;385;2;999;0;nonexistent;1.4;93.697974387052;-38.10607176858097;2.8552821714846184;5176;no
40;technician;single;university.degree;no;no;yes;telephone;jun;tue;163;1;999;0;nonexistent;1.1;93.56530541899691;-38.80925650735648;4.162212146749534;5191;no
43;blue-collar;divorced;university.degree;no;yes;no;cellular;jun;fri;23;3;999;0;nonexistent;-1.7;93.69482736875753;-37.79912085500711;0.6;5195;no
52;admin.;single;basic.6y;unknown;no;no;cellular;jul;wed;593;3;999;0;nonexistent;-0.1;93.1899533841762;-39.06446694660504;5.028431214220333;4963;no
34;unemployed;married;high.school;no;yes;no;cellular;may;thu;23;1;999;0;nonexistent;1.4;93.56947399058622;-42.154455893788146;4.3861892461402565;5195;no
41;blue-collar;married;basic.4y;no;no;no;cellular;jun;wed;249;4;999;0;nonexistent;-1.7;92.39365649001425;-46.84024971185578;4.6281682281149354;5228;no
27;admin.;married;university.degree;unknown;no;no;cellular;may;wed;594;5;999;0;nonexistent;1.1;94.04378305055286;-33.352855119308884;0.6;4963;yes
43;admin.;single;high.school;no;yes;no;cellular;jul;wed;1389;4;999;0;failure;-0.1;93.02447728669318;-43.53270331698535;3.215201449995791;5195;no
23;admin.;married;basic.4y;no;yes;no;telephone;jul;thu;327;4;999;0;nonexistent;-1.8;93.27230348577763;-42.47369395459436;3.939619219298806;5195;no
31;retired;married;high.school;no;yes;no;telephone;jun;wed;130;3;999;0;nonexistent;-1.8;93.73727441076652;-38.198371863843235;4.821729908741146;5008;no
36;retired;married;university.degree;no;no;no;telephone;aug;mon;85;4;999;0;nonexistent;-0.1;94.03848264720648;-37.929295440281805;4.819912504921415;5008;no
24;admin.;married;basic.6y;no;yes;yes;cellular;may;wed;458;3;999;0;nonexistent;1.1;93.61998357265345;-30.567611944268798;1.6873883286484481;5228;no
32;admin.;married;basic.9y;no;no;yes;cellular;jun;fri;348;2;999;0;nonexistent;-1.8;93.09369855494874;-37.543540196203104;1.1544536245271804;5099;yes
47;management;married;university.degree;no;no;no;telephone;jun;mon;348;3;999;0;nonexistent;-0.1;93.6020072030266;-36.692842037165555;3.354656700074251;5191;no
18;admin.;married;professional.course;unknown;yes;no;cellular;aug;tue;47;2;999;0;nonexistent;-0.1;94.15934856454376;-46.58862307320843;4.090698717818751;5195;no
41;blue-collar;married;university.degree;unknown;yes;no;cellular;may;wed;339;6;999;0;failure;-0.1;92.92814683684641;-39.999676817885295;4.309240937375466;5195;no
48;student;single;university.degree;unknown;yes;no;telephone;oct;fri;26;4;999;0;nonexistent;-1.7;93.18556293611498;-36.602575242081215;1.037309290410064;5176;no
59;technician;married;university.degree;unknown;yes;no;cellular;may;mon;156;5;999;0;nonexistent;-1.7;93.20695544425692;-44.6784517751394;4.2986646060951;5191;no
30;blue-collar;single;university.degree;unknown;yes;no;cellular;nov;thu;394;5;999;0;nonexistent;-1.8;94.22812242148964;-43.84013085183042;4.691012795045711;5228;no
40;student;divorced;university.degree;no;yes;yes;cellular;may;wed;425;3;999;0;success;-1.8;93.7524368791215;-39.72480500852562;3.5756256096766252;5228;no
53;technician;divorced;high.school;no;no;no;telephone;may;tue;247;2;999;0;failure;-0.1;93.81717436132698;-44.14000534284716;0.6;5099;no
31;technician;divorced;unknown;no;no;no;telephone;may;fri;518;3;999;0;nonexistent;1.4;93.88313970518351;-40.165893867841916;4.312062764429493;5191;yes
43;technician;single;high.school;no;yes;yes;telephone;may;mon;240;1;1;1;nonexistent;-0.1;93.82900684344516;-41.207503106086456;4.087575577724498;5191;no
51;management;married;university.degree;unknown;yes;no;telephone;apr;thu;467;1;6;2;nonexistent;-0.1;94.23515254475434;-41.93574690005865;4.18254496250406;5195;no
52;blue-collar;single;professional.course;no;yes;yes;cellular;jun;mon;106;1;999;0;nonexistent;1.1;93.64624705698847;-34.48865968761468;4.300974774096085;5008;no
39;admin.;married;basic.4y;no;no;no;cellular;jul;thu;34;3;999;0;nonexistent;1.4;93.31644479797352;-39.46936408787968;4.5848294504754525;5228;no
38;technician;married;basic.9y;no;yes;no;telephone;apr;fri;8;2;999;0;nonexistent;1.1;93.84932664642646;-39.36419358418742;5.1;5228;no
35;management;divorced;high.school;no;yes;no;cellular;aug;mon;50;3;999;0;nonexistent;-1.7;93.36421511814862;-38.36341427344763;2.387561766688232;5176;no
39;blue-collar;married;high.school;no;no;no;cellular;may;mon;27;3;1;1;nonexistent;1.4;92.6825162315593;-37.015020960586625;5.09099001131095;5176;no
57;admin.;married;professional.course;no;no;no;cellular;may;mon;779;1;999;0;nonexistent;-0.1;93.27402508875053;-41.703130411422286;2.831353506945619;5008;no
43;admin.;married;university.degree;no;no;no;telephone;nov;fri;36;5;999;0;nonexistent;-0.1;93.52528302785939;-44.776825034201195;4.447010256829402;5176;no
20;student;married;university.degree;no;yes;yes;cellular;sep;mon;7;1;17;1;nonexistent;-1.8;94.24692998746836;-47.36298353131521;5.1;4963;no
37;housemaid;married;university.degree;no;no;no;telephone;may;mon;6;1;999;0;nonexistent;1.1;93.66999819120181;-39.54444189691825;4.165967769259375;5195;no
62;blue-collar;married;basic.9y;no;no;no;cellular;sep;mon;381;4;999;0;nonexistent;1.4;93.61290354165975;-35.70183767391892;4.344015311531714;5191;no
43;student;married;high.school;no;no;no;cellular;may;wed;60;2;999;0;nonexistent;-1.7;94.13066863273033;-44.404635138807784;3.951792228863626;5099;no
35;technician;married;university.degree;unknown;yes;no;telephone;aug;mon;79;2;999;0;nonexistent;-1.8;93.5500957380598;-41.206579820297755;4.73380987781195;5099;no
19;blue-collar;married;basic.9y;unknown;yes;no;telephone;may;fri;145;3;999;0;nonexistent;-1.7;93.24663201650344;-33.36492059169061;2.021682094853759;5228;no
53;blue-collar;married;high.school;no;yes;yes;telephone;may;fri;13;1;999;0;nonexistent;1.1;94.04356778307208;-41.81052181658144;3.6591622041767433;5176;no
66;self-employed;divorced;professional.course;unknown;no;no;cellular;mar;mon;707;1;27;1;nonexistent;1.1;93.34317646505319;-35.88200938372665;2.742039252117438;5195;no
49;blue-collar;single;professional.course;unknown;no;no;telephone;jul;thu;172;6;999;0;nonexistent;-0.1;94.29343522398936;-37.233039154813525;0.8559912069482263;5176;no
39;admin.;married;basic.6y;no;yes;no;cellular;may;mon;453;4;999;0;nonexistent;-1.8;93.16023528400943;-42.8148704832794;4.104846863014148;4963;no
33;management;married;professional.course;no;no;no;cellular;aug;wed;204;1;999;0;nonexistent;1.1;93.46854739877517;-34.83050139924339;3.8645022504666104;5017;no
39;admin.;divorced;professional.course;unknown;no;no;telephone;may;tue;259;4;28;1;nonexistent;1.1;93.45137102398436;-41.00433607580307;4.309232761272574;5099;no
37;services;married;university.degree;no;no;no;cellular;may;tue;100;2;999;0;nonexistent;-1.8;93.29327758111997;-36.116490123092554;3.6320688822864486;5191;no
48;services;single;university.degree;unknown;yes;no;cellular;oct;wed;356;2;22;1;nonexistent;-1.8;93.27660119297592;-38.27581194866115;4.02845464793104;5176;no
47;technician;single;professional.course;no;no;yes;telephone;nov;thu;29;2;999;0;nonexistent;-1.8;93.07384670694479;-36.05871842864901;4.207018220150515;5017;no
42;technician;single;professional.course;no;yes;no;cellular;jul;mon;58;2;28;1;nonexistent;-1.8;94.76765984411738;-40.67231806704888;1.8293338625727231;5017;yes
44;blue-collar;married;university.degree;no;no;no;telephone;jun;mon;17;1;0;1;nonexistent;-0.1;93.96375596869466;-45.05826027360431;4.419426972564674;5228;no
31;blue-collar;married;university.degree;no;yes;no;telephone;jul;fri;42;2;999;0;nonexistent;-0.1;93.83872857374352;-40.741035806788545;0.6;5191;no
56;admin.;married;university.degree;no;yes;no;telephone;nov;mon;49;2;7;1;failure;1.4;94.77092028365685;-41.960360657025845;3.570645072854643;5228;no
30;technician;single;university.degree;no;no;no;cellular;aug;wed;449;4;999;0;nonexistent;-0.1;93.72831050499225;-37.792541355947506;4.265658618119662;5195;no
33;retired;married;university.degree;no;yes;no;cellular;may;mon;14;6;999;0;nonexistent;1.1;93.41017036059334;-42.01244602333617;4.05691373952339;5017;no
48;admin.;divorced;professional.course;no;yes;no;telephone;aug;fri;737;1;999;0;failure;-1.7;93.5603936681419;-40.3161263630196;2.0814591681446943;5195;no
36;services;single;high.school;no;no;no;telephone;jul;wed;541;3;19;2;nonexistent;-1.7;94.05056115005118;-39.82904273630435;2.6475561357075916;5076;yes
40;admin.;married;university.degree;no;yes;no;cellular;jul;tue;412;1;1;1;nonexistent;-0.1;92.22074160935418;-33.03073167939847;3.1023356516503826;5099;no
38;retired;married;basic.9y;no;yes;no;cellular;aug;fri;1093;3;999;0;nonexistent;1.4;93.9948664593192;-38.829760077202295;4.693723638734201;5195;no
46;admin.;married;university.degree;no;no;unknown;cellular;may;fri;251;3;999;0;success;-0.1;94.63999003435357;-42.14581442939283;4.854195328871927;5191;no
29;admin.;single;basic.9y;no;yes;no;cellular;jun;mon;635;1;999;0;nonexistent;1.1;92.83753433575671;-39.40696523006005;3.1233349633086886;5191;no
46;retired;married;professional.course;no;no;no;cellular;nov;thu;278;1;999;0;nonexistent;-1.8;93.03481563143077;-41.8806765310306;4.663578255130171;5195;no
27;blue-collar;single;professional.course;unknown;no;no;telephone;nov;tue;594;1;999;0;nonexistent;-1.8;93.13775727155335;-44.92289656669035;4.916763934213041;5191;no
61;self-employed;single;high.school;no;yes;no;telephone;aug;wed;1103;2;25;1;nonexistent;1.4;93.4505037206212;-40.80268174858528;3.4402826896971277;5228;no
32;management;married;professional.course;unknown;yes;no;cellular;jun;wed;140;2;999;0;failure;-0.1;93.76241297062279;-49.69205898550409;0.9767779125241072;5228;yes
38;services;married;professional.course;no;no;yes;cellular;may;fri;92;2;1;1;nonexistent;-0.1;93.48375303101031;-39.47407931944405;4.3490559486561775;5195;no
27;blue-collar;married;basic.4y;no;yes;no;cellular;jul;thu;187;2;999;0;nonexistent;1.4;94.21518399605586;-40.99192008748837;4.656366448079423;5099;no
32;retired;married;professional.course;no;no;unknown;cellular;may;mon;979;1;999;0;failure;1.1;93.94951808760557;-37.797366688949516;1.3843187695022543;5176;no
20;admin.;married;university.degree;no;no;no;cellular;nov;tue;57;4;999;0;nonexistent;-1.7;93.92375427066054;-39.79445826139025;5.1;5195;no
32;self-employed;married;university.degree;unknown;no;no;telephone;jun;wed;155;4;20;2;success;1.1;93.47486056138423;-43.8749680626179;2.576521495947518;5195;no
35;management;divorced;high.school;unknown;no;no;cellular;may;tue;487;2;4;1;nonexistent;-1.8;93.00484569245482;-43.553870470766455;5.1;5195;no
52;blue-collar;married;university.degree;no;no;no;cellular;nov;wed;6;3;999;0;nonexistent;-1.7;93.4768155700459;-37.78253992943488;2.274416219778515;5195;no
52;admin.;single;professional.course;no;no;no;telephone;jun;wed;263;3;29;2;nonexistent;-0.1;94.48874032280459;-48.08769102949234;3.702582791085757;5228;no
45;blue-collar;married;university.degree;no;yes;no;telephone;jul;wed;230;2;999;0;nonexistent;-0.1;92.08855254001293;-44.3747357940191;4.891524674165664;5195;no
24;admin.;married;high.school;unknown;no;no;cellular;jun;wed;598;1;999;0;nonexistent;-0.1;93.90967724718413;-44.332461907871;3.361760765118296;5099;no
40;technician;single;high.school;no;no;yes;telephone;jun;fri;480;3;16;1;nonexistent;1.4;93.42959703562622;-33.42025333155709;4.2919488435151;5008;no
45;admin.;married;basic.9y;unknown;no;no;telephone;may;tue;350;2;13;1;nonexistent;-1.7;94.46855608375762;-40.004711507765066;1.9876447751966426;5176;no
28;admin.;divorced;basic.9y;no;yes;no;telephone;nov;mon;132;4;999;0;nonexistent;-0.1;93.3954646621782;-40.79848964157742;4.388907851167212;5099;no
28;technician;married;unknown;no;no;no;telephone;jun;wed;1804;3;999;0;success;1.1;94.38875901185489;-45.84083881742688;3.528225954307723;5076;no
39;blue-collar;married;basic.9y;no;no;no;telephone;may;fri;141;1;999;0;nonexistent;-1.7;93.53391799688595;-47.07539476746616;2.4295341369703145;5017;no
52;technician;married;basic.4y;no;no;no;cellular;jun;fri;260;1;999;0;nonexistent;-1.7;92.72178100363534;-36.7093066412575;4.301395892920652;5008;no
47;blue-collar;single;professional.course;no;no;no;cellular;apr;wed;406;2;16;1;success;-1.8;93.95237800505816;-43.91346162261482;1.3984108525760681;5176;yes
26;services;married;university.degree;no;no;no;cellular;aug;mon;280;2;999;0;nonexistent;-0.1;93.88579033563079;-42.25838142604282;2.359646886756789;5099;no
44;services;single;university.degree;no;no;yes;cellular;sep;thu;39;2;999;0;failure;-0.1;93.06719866710023;-35.75948200901295;3.708699225418737;5176;no
46;admin.;single;university.degree;no;yes;no;cellular;jul;tue;164;1;999;0;nonexistent;-1.8;93.31523160801572;-40.59409718067773;5.000000020861795;5099;no
37;services;divorced;university.degree;no;yes;yes;telephone;aug;thu;201;1;999;0;nonexistent;1.1;92.6590514526668;-41.95976290595101;5.1;5195;no
33;admin.;single;basic.9y;no;no;no;cellular;apr;fri;1;1;17;1;failure;1.4;94.00681215040724;-44.69190897152334;1.9540975800927078;5076;no
36;retired;divorced;university.degree;no;yes;no;telephone;jul;mon;945;1;999;0;failure;1.4;93.66533206345088;-35.22629734373216;4.936207008776084;5099;no
52;admin.;single;basic.9y;no;no;no;cellular;may;fri;21;2;999;0;nonexistent;-0.1;93.74919334966026;-46.55537787040387;0.886430714574367;5099;yes
39;admin.;married;high.school;no;no;no;cellular;may;wed;1353;1;999;0;nonexistent;1.1;93.99102500743602;-30.15796902753726;1.7317720185889085;5228;no
48;technician;married;basic.6y;no;yes;no;cellular;jun;mon;53;5;999;0;nonexistent;1.4;93.1381399516556;-41.097968850755514;3.85942580755587;5191;no
38;blue-collar;married;university.degree;no;yes;no;telephone;aug;mon;590;3;15;1;nonexistent;-0.1;93.248454049815;-37.94652763669961;4.26845579260497;5176;no
46;unknown;married;high.school;unknown;yes;no;telephone;nov;fri;30;2;12;1;nonexistent;1.4;94.00962945636427;-40.67586583812107;2.7704338684583427;5195;no
63;services;married;high.school;unknown;yes;no;cellular;may;mon;85;1;14;1;nonexistent;-1.7;93.56069924435381;-32.13880716090979;4.7005254091563975;4963;no
21;admin.;divorced;university.degree;no;no;no;cellular;jun;wed;1;2;25;1;nonexistent;-1.7;94.26729668017312;-44.0291479164092;4.268816679149091;5017;no
35;management;single;high.school;no;yes;no;cellular;nov;thu;1208;1;999;0;nonexistent;-0.1;93.20319952245937;-45.40742430081514;5.000435165975324;4963;no
46;blue-collar;single;university.degree;no;no;no;cellular;nov;fri;22;1;28;1;nonexistent;-1.7;93.23802206115177;-42.1933479468002;4.686510043017087;5195;no
26;admin.;divorced;university.degree;no;yes;no;cellular;may;tue;19;3;0;1;nonexistent;-1.7;93.8663162012364;-40.662987874913476;4.295958653731111;5228;no
47;blue-collar;married;university.degree;no;yes;no;cellular;nov;fri;363;2;0;1;nonexistent;-1.7;94.36771420170975;-46.22579844994761;3.91533205172043;5176;no
51;unemployed;single;basic.9y;unknown;yes;no;cellular;apr;fri;152;1;999;0;nonexistent;1.4;93.96162139920972;-39.870284036087995;5.1;5195;yes
23;admin.;single;university.degree;no;no;no;cellular;aug;thu;117;4;999;0;nonexistent;-1.8;94.55600618858216;-41.64012951967456;5.1;5195;no
52;technician;married;high.school;yes;yes;no;telephone;sep;wed;457;1;999;0;nonexistent;1.1;93.96048517611727;-40.61329049688914;3.928680475952151;5017;no
31;student;married;high.school;no;yes;yes;cellular;aug;tue;356;3;999;0;nonexistent;1.1;93.27057088600999;-35.06769274943029;5.033834778962041;5195;no
56;technician;married;high.school;no;yes;no;cellular;nov;fri;99;1;999;0;failure;1.1;93.31368024160237;-38.278330729815856;0.8796967966907564;5008;yes
41;blue-collar;divorced;university.degree;no;yes;yes;telephone;may;tue;445;2;15;2;nonexistent;-1.8;93.51802581528437;-45.19208484610236;3.7298512370487518;5099;yes
46;technician;married;high.school;no;yes;no;cellular;jul;wed;124;1;999;0;nonexistent;-1.7;93.41971579774162;-43.38536673302547;3.891004038801201;5099;no
28;blue-collar;married;basic.6y;no;yes;unknown;cellular;jul;fri;91;3;20;1;nonexistent;-1.7;93.6119403854747;-43.31637804056805;2.7240755709385196;5195;no
29;management;single;basic.9y;no;no;no;cellular;jul;thu;249;3;999;0;nonexistent;-1.7;93.76272331175042;-30.425176629072126;3.3400693645287536;4963;no
26;entrepreneur;single;high.school;no;no;yes;telephone;may;wed;13;2;999;0;nonexistent;-1.8;93.72850929297094;-39.02757159392743;0.6;5076;no
37;blue-collar;divorced;professional.course;no;no;no;telephone;jul;wed;16;2;0;1;nonexistent;-0.1;94.55936907773568;-46.391862942608114;4.9502978058984235;4963;no
37;management;married;high.school;no;no;no;cellular;oct;mon;189;6;999;0;nonexistent;-0.1;94.23047734883374;-38.933231229651696;4.729212164343105;5099;no
53;retired;single;professional.course;no;no;yes;telephone;aug;mon;120;4;999;0;nonexistent;-0.1;93.8866941170053;-38.64889136608407;3.964948267197849;5228;no
34;blue-collar;single;high.school;no;yes;no;telephone;sep;tue;281;2;999;0;nonexistent;1.1;93.73319902584824;-38.173704837489595;4.863590071885393;5176;no
36;unemployed;married;professional.course;no;yes;no;cellular;jun;mon;446;4;999;0;nonexistent;-0.1;93.14687892412239;-45.44703299207624;1.9013956933687732;5008;no
43;services;married;professional.course;yes;yes;no;cellular;jul;thu;814;1;999;0;nonexistent;-0.1;93.25996470598866;-34.219027035598565;4.552721090794;5076;no
48;blue-collar;married;high.school;no;yes;yes;telephone;may;tue;163;3;999;0;failure;-0.1;93.09754721533562;-35.2901783638131;1.1087332049635625;5008;no
36;technician;married;high.school;unknown;no;no;telephone;may;mon;125;3;999;0;nonexistent;1.4;92.86792852454212;-43.34668480939285;2.6910275478256844;5191;no
51;technician;divorced;high.school;unknown;yes;no;cellular;jul;tue;719;2;999;0;nonexistent;1.4;93.02626568618543;-39.709414320134215;3.0074768667973224;5017;no
35;admin.;married;basic.9y;no;yes;no;cellular;nov;mon;320;1;999;0;nonexistent;-1.7;94.82788571045175;-37.2931751842993;4.672713380700858;5017;no
32;blue-collar;single;basic.6y;unknown;yes;no;cellular;may;fri;436;3;999;0;nonexistent;-0.1;94.09218422611532;-39.99824883420888;2.717013804132657;4963;no
46;technician;married;basic.9y;no;yes;no;telephone;apr;fri;634;6;29;1;nonexistent;1.4;93.65197941286839;-43.70985684508193;3.250582865878336;5195;yes
18;admin.;divorced;high.school;no;no;yes;telephone;jun;wed;266;5;999;0;nonexistent;-1.8;94.12943551572101;-35.80409675971456;5.1;5195;no
45;self-employed;married;professional.course;no;yes;no;cellular;jun;thu;55;2;8;2;nonexistent;-1.7;93.84121715182759;-47.416533475993525;4.050917163118027;4963;no
44;technician;single;university.degree;unknown;no;no;cellular;aug;wed;42;4;999;0;nonexistent;-0.1;92.8816474422531;-40.30803798503177;4.9805008475987105;5076;no
44;blue-collar;married;high.school;no;unknown;no;telephone;may;wed;519;2;999;0;failure;-1.7;92.45561932305533;-36.25559698145823;5.1;5191;no
41;management;married;high.school;no;no;no;cellular;may;wed;3;2;999;0;nonexistent;-1.7;92.69167125125922;-40.164531724854776;4.515149451196215;5191;no
53;management;divorced;university.degree;unknown;yes;yes;cellular;oct;thu;605;4;999;0;nonexistent;-0.1;93.13471059526083;-34.6087305489139;1.3327207384806001;5195;no
46;blue-collar;single;high.school;no;yes;no;telephone;aug;thu;29;1;999;0;failure;-1.7;92.99408533749099;-40.15809521690196;2.5096893134682254;5017;yes
48;blue-collar;single;professional.course;no;yes;yes;cellular;may;wed;308;3;999;0;nonexistent;1.4;93.56869563953211;-37.4738927070039;4.015576470655474;5195;no
55;blue-collar;single;high.school;unknown;yes;no;cellular;may;fri;80;3;999;0;nonexistent;-0.1;93.76970607142817;-41.45057581424674;1.4596372086261462;4963;yes
41;admin.;divorced;high.school;no;yes;no;cellular;jul;fri;77;2;12;1;failure;-1.8;92.92698066864087;-32.80521861976263;2.8031250683462017;5176;no
52;management;single;basic.9y;no;yes;no;telephone;may;tue;43;2;999;0;nonexistent;-1.7;94.41378113959601;-34.09581843501662;3.7631884024120423;5176;no
34;admin.;married;high.school;no;yes;yes;cellular;may;fri;248;1;5;2;nonexistent;-1.8;92.95380128970287;-42.30429054571287;3.6676924488030553;5017;yes
49;admin.;married;high.school;no;yes;no;cellular;jun;tue;932;4;999;0;nonexistent;1.1;93.6853683548183;-43.25456368975776;4.233128231313984;5228;no
43;services;married;high.school;no;yes;no;telephone;may;thu;192;4;999;0;nonexistent;-0.1;93.28519398806867;-37.17897351789386;4.183479590717608;5228;no
37;admin.;married;university.degree;no;yes;no;telephone;may;fri;2;5;999;0;nonexistent;-1.7;93.81437990623932;-40.18579616994338;4.306993943984986;5176;no
48;entrepreneur;single;basic.4y;no;yes;no;telephone;aug;wed;11;2;999;0;nonexistent;-0.1;93.68810144056332;-40.03428556459205;4.339767718904543;5195;no
29;blue-collar;married;high.school;no;yes;no;telephone;aug;tue;18;5;999;0;nonexistent;-0.1;93.853435887693;-40.232919695706734;1.1689778175851862;5099;no
30;admin.;married;basic.9y;no;no;no;cellular;may;thu;97;2;999;0;nonexistent;-1.7;93.83173159858346;-39.85579723565291;0.9995693117882639;5099;no
36;blue-collar;single;basic.9y;yes;yes;no;cellular;oct;thu;303;3;999;0;nonexistent;1.4;93.24894382470757;-36.72055605592748;3.620166144508959;5195;no
38;technician;single;university.degree;no;yes;yes;cellular;nov;tue;394;3;999;0;nonexistent;-1.7;93.62981460279757;-50.47641821587468;1.4862159486312663;5195;no
39;admin.;single;high.school;no;yes;no;telephone;may;tue;50;4;999;0;nonexistent;1.4;93.2554008378178;-37.34303375309332;4.182925639461661;5195;no
50;self-employed;single;basic.6y;no;no;no;cellular;sep;mon;1394;4;28;2;nonexistent;1.4;92.86144228002132;-41.19236275362585;3.3344581077629614;5076;no
36;admin.;single;professional.course;unknown;no;no;cellular;jul;mon;263;1;999;0;nonexistent;-0.1;93.77392248027488;-38.45374981354976;5.065247504810442;4963;no
52;technician;married;high.school;no;no;yes;telephone;may;mon;61;1;999;0;nonexistent;1.1;93.01156718462354;-39.968071577459256;4.7798405420406604;5176;no
44;technician;single;basic.4y;unknown;yes;no;cellular;aug;tue;94;3;1;1;nonexistent;-1.7;93.45825060884718;-42.663889497229775;3.512226651709497;5191;no
39;services;married;basic.9y;no;yes;no;cellular;nov;thu;133;3;999;0;failure;-1.8;94.01347327951692;-40.91683712819436;0.6;5017;yes
30;technician;married;basic.4y;no;no;no;cellular;may;thu;26;2;999;0;nonexistent;-0.1;93.86779972733808;-36.75156232651065;5.1;5099;no
22;blue-collar;married;high.school;no;yes;no;telephone;jun;tue;4;2;999;0;nonexistent;1.1;94.2664913114452;-38.52881126119468;4.328461630267426;5228;no
41;admin.;married;basic.6y;no;no;yes;cellular;aug;mon;29;5;999;0;nonexistent;1.1;93.7808849177568;-38.669928408654116;4.516548764160053;5176;no
21;unemployed;divorced;basic.4y;no;yes;no;cellular;jul;wed;177;3;999;0;nonexistent;-1.7;93.75087684423212;-40.41806527012525;3.7128515590950966;5176;no
55;retired;married;university.degree;unknown;yes;no;cellular;jul;mon;379;2;999;0;nonexistent;-0.1;93.61260052049577;-39.07011585182123;1.459816252328051;4963;yes
50;blue-collar;single;professional.course;no;yes;no;cellular;aug;thu;37;2;14;2;nonexistent;1.1;94.86126505510242;-37.05366227136442;2.7323431613499687;5176;no
35;admin.;married;high.school;no;no;no;telephone;may;tue;74;3;25;2;nonexistent;-0.1;92.74026011536226;-39.742436257656735;4.290635541834029;5191;no
30;student;married;university.degree;no;no;no;telephone;may;tue;14;1;999;0;nonexistent;-0.1;92.76732262507673;-44.22537674375165;4.143257424901695;5228;no
27;entrepreneur;married;professional.course;no;yes;no;telephone;may;fri;38;1;999;0;nonexistent;1.1;92.86350914072257;-41.679272139471784;4.206112868749173;5076;no
34;technician;divorced;high.school;no;no;no;telephone;jul;thu;435;1;999;0;nonexistent;1.4;93.13312554313306;-42.095978607012256;2.847230101945063;5195;no
37;technician;married;university.degree;unknown;no;no;telephone;nov;wed;866;2;999;0;nonexistent;1.1;92.6344997930376;-39.625350104908144;4.231846002518308;5099;no
22;blue-collar;married;high.school;no;yes;no;cellular;aug;wed;54;3;999;0;nonexistent;1.1;93.97389510217961;-42.150122064164286;3.5359386406291193;5228;no
34;blue-collar;married;university.degree;yes;no;no;cellular;jul;wed;87;2;28;1;nonexistent;1.1;93.30265944498628;-35.29960508758788;3.6757192787078097;5176;no
36;entrepreneur;single;basic.9y;no;no;no;cellular;nov;fri;201;2;999;0;nonexistent;1.1;93.5307723172005;-49.212025611623446;4.824604801910484;5099;no
49;technician;married;basic.9y;no;yes;no;telephone;aug;fri;180;1;8;2;nonexistent;-0.1;93.98199893900716;-47.65276127612579;0.9244757015116715;5017;no
42;self-employed;married;university.degree;no;yes;no;cellular;may;mon;57;6;999;0;nonexistent;-1.8;92.84328493111516;-28.67065887347685;4.560466385171384;5191;no
34;entrepreneur;single;university.degree;no;no;no;cellular;may;wed;320;5;999;0;nonexistent;-1.8;92.63554805678335;-40.93426719134581;1.3558728266827489;5099;yes
34;blue-collar;single;university.degree;no;no;no;cellular;mar;wed;121;2;999;0;nonexistent;-1.8;93.72511381018006;-41.504358850543404;2.712984354838394;5228;no
28;admin.;married;unknown;no;yes;no;cellular;may;tue;311;4;999;0;nonexistent;-1.8;93.73368085802075;-41.954830013254394;0.6;4963;yes
50;unemployed;married;high.school;unknown;yes;no;cellular;apr;wed;93;2;999;0;nonexistent;-1.7;93.65352125211608;-38.42648194488125;4.222027047742928;5191;no
39;retired;married;basic.9y;no;no;no;cellular;jun;mon;752;1;999;0;nonexistent;-0.1;93.64483243203368;-36.601831204824826;5.1;5008;no
39;blue-collar;married;university.degree;no;no;no;cellular;may;fri;264;4;999;0;nonexistent;-1.8;92.78441779947894;-35.412153636779365;4.930663529557311;5228;no
33;self-employed;married;professional.course;no;no;no;cellular;jul;thu;608;2;999;0;failure;-0.1;93.82220774677495;-37.0061088953397;3.9650478190633978;5228;no
29;blue-collar;divorced;basic.9y;no;no;no;cellular;nov;thu;541;2;8;1;nonexistent;1.4;94.34148762285497;-41.9572201960969;4.977749655854474;5099;no
45;services;married;university.degree;no;no;no;telephone;jul;thu;170;4;999;0;nonexistent;-0.1;93.92357910526236;-47.67318977776253;1.773900071702006;5076;no
50;blue-collar;single;university.degree;no;yes;no;cellular;may;mon;146;4;999;0;nonexistent;-0.1;92.54822459654073;-37.43143701546109;0.8176743462872786;5228;no
33;self-employed;married;university.degree;unknown;no;no;cellular;may;mon;200;4;999;0;nonexistent;-0.1;93.95916984780366;-39.23724976093935;4.216870108506141;5099;no
24;admin.;married;university.degree;no;yes;no;telephone;may;fri;157;2;999;0;nonexistent;1.1;93.35779842348326;-44.634639026647555;2.995252803994572;5099;no
42;services;married;high.school;no;yes;no;telephone;oct;fri;358;1;17;1;nonexistent;1.4;93.4121790308147;-46.565002383236276;4.83312664598805;5099;no
25;admin.;single;illiterate;unknown;yes;no;telephone;jun;tue;288;2;10;1;nonexistent;-0.1;93.41748428220794;-40.44995059949019;4.844704071205502;5195;no
49;admin.;married;basic.6y;unknown;no;no;cellular;may;mon;359;1;999;0;nonexistent;-0.1;93.25221756290499;-34.132422533277655;3.4960240483757903;5099;no
29;technician;single;university.degree;no;no;no;cellular;aug;tue;141;4;999;0;nonexistent;1.4;93.48388747639962;-35.8629095864109;4.31647800546053;5099;no
48;management;married;basic.9y;no;yes;yes;cellular;apr;thu;35;2;999;0;nonexistent;-1.7;92.69986278342125;-32.19792371063994;4.308839387353153;5191;no
37;unknown;married;university.degree;no;yes;no;telephone;aug;thu;144;5;999;0;failure;-0.1;92.49175070195132;-37.4463847872568;1.987327689398713;5017;yes
50;admin.;married;university.degree;no;yes;unknown;cellular;may;thu;90;4;15;1;failure;-0.1;94.0331051381696;-38.376850358455904;3.2039453968129217;5191;no
27;admin.;single;basic.9y;no;no;no;cellular;may;tue;214;1;999;0;nonexistent;-1.8;94.19469883812415;-40.980669137711345;1.6382698614140667;5195;no
23;student;married;university.degree;unknown;yes;no;cellular;may;wed;677;2;999;0;nonexistent;-1.7;93.16483208087986;-38.61230295064789;1.375989256860344;5017;yes
41;admin.;married;high.school;no;no;yes;cellular;may;fri;161;1;999;0;nonexistent;-1.8;94.53337376171224;-40.68530377241944;4.8217509901382964;5195;no
52;technician;single;university.degree;no;yes;no;cellular;jul;fri;23;2;999;0;failure;1.4;92.80040641398563;-32.775622935164414;5.050157921066517;5099;no
44;services;single;university.degree;no;yes;no;cellular;jul;tue;71;2;999;0;nonexistent;-0.1;93.12101354896782;-40.7671890680315;3.6643268850880863;4963;no
38;retired;married;university.degree;no;no;unknown;telephone;jun;tue;149;1;11;1;nonexistent;1.4;93.16541523848822;-36.1542704140401;5.1;5176;no
43;blue-collar;married;professional.course;no;no;no;telephone;sep;wed;37;3;999;0;failure;1.1;92.3776798729523;-44.20353479483267;2.391484622552369;5228;no
24;admin.;married;university.degree;unknown;yes;no;cellular;may;thu;290;1;999;0;nonexistent;1.1;93.56461826877594;-39.13760954695042;5.079666756168439;5099;no
44;admin.;married;unknown;no;no;no;telephone;may;tue;644;1;999;0;nonexistent;-1.7;93.62331407718926;-35.86438007122765;1.1800490183165862;5099;no
40;admin.;single;unknown;no;yes;no;cellular;may;thu;43;4;999;0;nonexistent;1.4;94.27707080864081;-40.822810659201025;2.9248735962289665;4963;no
34;technician;married;basic.4y;no;no;no;cellular;jul;wed;416;4;999;0;success;-1.8;93.79299264491287;-36.94301240247877;1.2625420886657308;5008;yes
24;blue-collar;single;basic.4y;no;yes;no;cellular;nov;fri;628;3;999;0;nonexistent;-1.7;93.96110018598031;-45.81934411292517;4.4499358560799385;5195;no
46;retired;married;university.degree;no;no;no;telephone;may;tue;247;5;999;0;failure;1.1;93.19912762875319;-36.8424848763995;3.7169933050150985;5191;no
32;blue-collar;married;professional.course;unknown;yes;no;telephone;may;wed;59;1;999;0;failure;1.4;93.40502594371303;-40.88114926483746;5.1;5191;no
30;technician;married;university.degree;unknown;yes;no;cellular;may;tue;3;3;999;0;nonexistent;1.4;93.92540094661543;-40.91705638340108;3.730774967652567;5195;no
59;unemployed;married;high.school;no;no;no;telephone;aug;mon;140;4;999;0;nonexistent;1.1;93.23601377337553;-37.18458268520156;5.1;5228;no
42;technician;single;high.school;no;yes;no;cellular;jul;mon;564;7;999;0;nonexistent;-1.7;94.15450973235404;-40.360315816823;3.6070180660606863;5191;no
30;retired;married;university.degree;unknown;unknown;no;cellular;jun;fri;1573;1;999;0;nonexistent;1.1;93.42143301005574;-42.21863176099405;5.1;5008;no
49;management;married;high.school;no;no;no;cellular;jun;thu;31;6;6;2;nonexistent;1.4;92.96275483765399;-41.10720194384821;5.1;5228;no
39;blue-collar;married;university.degree;no;yes;no;cellular;jun;tue;292;2;999;0;failure;-0.1;94.05608867079529;-44.50227075858781;0.6;5191;no
51;technician;single;basic.9y;no;yes;no;cellular;aug;wed;213;2;999;0;nonexistent;-1.7;94.47926556485537;-40.67302118681231;4.429325814853721;5195;no
24;admin.;married;high.school;unknown;no;no;cellular;may;thu;228;1;999;0;success;1.4;93.13259636265056;-38.741924089955;3.4347367801723374;5191;no
42;admin.;married;basic.9y;no;yes;no;cellular;jul;tue;148;2;999;0;nonexistent;-1.7;93.31138247364065;-31.167063065692297;3.3394659123453723;5191;no
34;student;married;university.degree;no;no;unknown;telephone;may;thu;661;1;999;0;nonexistent;1.4;93.0864382046228;-40.891185793561235;1.9796030784415852;5191;no
38;admin.;married;professional.course;unknown;yes;no;telephone;apr;tue;502;1;999;0;failure;1.1;93.6713017704251;-40.60355407689182;5.1;5008;no
55;student;single;high.school;no;yes;no;telephone;aug;thu;218;1;999;0;nonexistent;-1.8;94.18202159231753;-39.77750570316939;3.7614380086807757;5228;no
44;services;single;university.degree;no;no;no;cellular;nov;tue;216;2;999;0;nonexistent;1.1;93.37324750321513;-37.244189268032166;5.1;5191;no
20;entrepreneur;married;high.school;no;no;no;cellular;may;thu;239;2;28;1;nonexistent;1.1;93.05846679473255;-40.44730208443307;1.8238410911518284;5195;no
44;admin.;married;high.school;no;yes;no;cellular;nov;mon;61;3;999;0;failure;1.1;93.18178988901109;-44.32915509491964;4.383513552599977;5008;no
25;blue-collar;married;basic.4y;no;no;yes;telephone;may;wed;65;2;999;0;nonexistent;-0.1;92.90286846100857;-33.81326343242565;4.385613173122925;5099;no
33;retired;single;basic.4y;no;yes;no;cellular;may;thu;275;6;999;0;nonexistent;-1.8;92.96674569950234;-36.21631490255961;4.118772499811587;5099;no
34;management;single;university.degree;no;yes;no;telephone;mar;fri;196;4;7;1;nonexistent;1.4;92.80867363180238;-38.93097707078013;2.5649379869390163;5228;no
42;services;divorced;basic.4y;unknown;yes;no;cellular;may;thu;148;1;999;0;nonexistent;-0.1;93.09530597278773;-42.11940631656892;3.7047415196552835;4963;no
40;blue-collar;married;basic.9y;no;yes;no;cellular;may;wed;51;2;999;0;nonexistent;-0.1;93.2845925456192;-42.420872003779195;1.631202794911646;5076;no
34;technician;married;university.degree;no;no;yes;telephone;may;wed;305;8;22;1;failure;-1.7;93.29348297508669;-34.94957385198134;1.1189269874555885;4963;no
37;technician;single;basic.6y;no;unknown;unknown;cellular;may;tue;21;1;999;0;nonexistent;-1.7;93.9167862818235;-42.73691212429442;4.708962127522226;5176;no
56;unemployed;married;high.school;no;no;no;cellular;may;fri;196;2;21;1;nonexistent;1.4;93.3156527144984;-38.84483734186764;4.805468729593482;5176;no
39;services;married;professional.course;no;yes;no;cellular;may;tue;166;3;16;2;failure;-0.1;93.70483203161417;-37.43418239579099;1.7155651137584464;5076;yes
21;blue-collar;married;basic.9y;no;no;no;telephone;nov;mon;37;3;999;0;nonexistent;-0.1;93.0660280983212;-42.944645687756775;1.8486378210961545;5228;no
27;technician;married;professional.course;no;no;yes;cellular;jun;mon;66;5;12;1;success;1.1;93.82277037541839;-39.558173148419534;0.6;5017;yes
29;self-employed;married;university.degree;no;yes;no;cellular;jun;mon;59;5;999;0;nonexistent;1.1;94.14505583754386;-32.002948806097834;3.1156301355874785;5076;no
61;management;married;university.degree;no;unknown;no;telephone;jun;fri;1138;3;999;0;nonexistent;1.1;92.92663319570617;-30.231452324464055;3.723754221254281;5008;no
30;technician;married;professional.course;no;yes;yes;cellular;jul;fri;77;7;999;0;nonexistent;1.4;92.65647519268633;-39.87626326781384;1.9065184740926906;5176;no
30;technician;married;university.degree;no;no;no;cellular;aug;fri;253;3;999;0;nonexistent;1.1;93.6735777685452;-39.34660901490279;4.7971660974416865;5191;no
41;technician;married;professional.course;no;yes;yes;cellular;may;thu;122;1;999;0;nonexistent;-1.7;93.46271367752833;-35.59073475248361;5.1;5228;no
54;blue-collar;married;high.school;no;no;no;cellular;jul;wed;233;4;999;0;nonexistent;1.1;94.01679174457553;-38.09190281024683;4.061045299591244;5017;no
36;self-employed;married;basic.9y;no;yes;no;telephone;nov;mon;195;3;999;0;nonexistent;1.4;93.71700126917331;-39.64204933159312;4.38382140826793;5195;no
33;admin.;single;high.school;no;yes;no;telephone;may;wed;83;2;999;0;nonexistent;-0.1;93.67284373482235;-44.61094638235467;4.54301745679132;5099;no
53;blue-collar;married;basic.9y;no;no;no;telephone;jun;wed;186;5;999;0;nonexistent;1.1;92.51663122228028;-39.27040108485158;5.1;5099;no
40;services;married;basic.9y;no;no;no;cellular;may;wed;323;6;999;0;nonexistent;-0.1;93.20513660947964;-35.25551017134076;2.781141246229458;5228;no
42;entrepreneur;married;high.school;no;yes;yes;telephone;may;mon;1003;3;999;0;nonexistent;1.1;93.08853370236989;-41.46797904626764;4.795377519301543;5228;no
48;student;married;basic.6y;unknown;yes;no;cellular;jun;tue;30;3;999;0;nonexistent;-1.7;93.55267644970475;-42.205694747198294;4.5012197983516025;5191;no
41;unemployed;married;unknown;no;no;no;telephone;may;tue;211;2;999;0;nonexistent;-1.7;94.05323128715982;-36.33123312237303;2.080566693597933;5228;no
47;blue-collar;divorced;basic.4y;no;yes;unknown;cellular;jul;thu;719;1;999;0;nonexistent;1.1;93.89978339070404;-43.114920729732255;1.5190342766554903;5176;no
35;entrepreneur;married;professional.course;no;yes;no;telephone;aug;thu;192;3;28;3;failure;-1.7;93.34076388121642;-33.353229171913135;2.4310831218740994;5176;no
33;technician;divorced;university.degree;unknown;no;no;cellular;nov;tue;59;3;999;0;success;-1.8;93.19218802393111;-39.23880704934041;2.3064362341862807;5176;yes
43;blue-collar;single;basic.6y;no;no;yes;telephone;oct;tue;5;5;19;1;success;1.1;93.1269384600178;-47.038306639467436;5.1;5017;yes
49;self-employed;married;basic.9y;no;yes;no;cellular;may;mon;1314;2;999;0;nonexistent;-0.1;94.04275490230822;-34.71915181249604;4.301985270234948;5008;no
37;technician;married;university.degree;no;yes;yes;telephone;aug;mon;202;3;999;0;nonexistent;1.1;94.22255242583815;-40.17618065731076;4.2215241466322615;5228;no
34;management;single;basic.9y;no;yes;no;cellular;jul;wed;113;6;999;0;nonexistent;1.1;94.31580411459854;-44.32606693431703;4.0549609714641806;5228;no
57;blue-collar;single;high.school;no;yes;no;cellular;may;tue;219;2;999;0;nonexistent;-0.1;93.92744547731866;-35.522155214934415;4.64238306971671;5228;no
46;blue-collar;single;basic.4y;unknown;yes;no;telephone;nov;tue;66;3;999;0;nonexistent;-1.8;93.11285065734072;-38.37737539802811;4.174353390811242;5191;no
41;admin.;married;professional.course;no;yes;no;cellular;jul;fri;137;1;29;1;nonexistent;1.1;92.97589944058359;-34.93633421166936;0.6;5008;no
26;admin.;married;basic.9y;no;no;yes;telephone;jul;thu;53;2;999;0;nonexistent;1.4;93.49175786174958;-35.746568609523436;4.214263888005005;4963;no
44;services;single;university.degree;no;yes;no;cellular;may;wed;150;2;11;2;nonexistent;-1.8;93.9838456660458;-42.197625674952235;0.6;5099;yes
27;admin.;married;basic.4y;no;yes;no;telephone;aug;thu;151;1;999;0;nonexistent;-0.1;92.44371084101087;-42.050436750301856;3.713061758278074;5191;no
48;blue-collar;married;basic.6y;no;unknown;no;telephone;nov;fri;77;5;999;0;nonexistent;-1.7;94.17525390273613;-40.59546477370087;4.534485230557529;5195;no
55;blue-collar;married;basic.9y;no;yes;yes;telephone;may;fri;219;4;999;0;nonexistent;1.4;93.92455873904399;-40.597279551773966;1.9399143091332987;5176;no
52;management;married;basic.4y;no;yes;no;cellular;oct;fri;30;2;5;1;nonexistent;1.4;93.321019734627;-35.91084379872973;1.1874081805132477;5099;yes
53;technician;married;university.degree;no;no;no;telephone;aug;wed;666;1;999;0;nonexistent;-1.7;92.19227631022689;-37.6140086486142;4.288614103142398;5195;no
32;services;single;high.school;no;yes;no;telephone;jul;fri;128;4;999;0;nonexistent;1.1;93.93080924496257;-41.023659663294715;1.969615391836152;5228;no
49;admin.;single;university.degree;no;no;unknown;cellular;aug;fri;182;3;10;2;nonexistent;1.4;94.12909605962274;-38.13608585981197;5.1;5195;no
36;technician;single;professional.course;unknown;no;no;cellular;may;tue;194;1;999;0;nonexistent;1.1;92.76854415591951;-36.41914683748521;1.0418133162055674;5195;no
51;technician;married;high.school;no;no;no;cellular;jun;tue;61;2;999;0;failure;-1.8;94.26748987136669;-32.0768860291136;4.698258411649445;5195;no
42;technician;single;basic.4y;no;no;no;telephone;nov;tue;27;2;999;0;nonexistent;-1.8;93.32430774445834;-41.47951254039985;3.640013675206319;5191;no
37;admin.;married;basic.6y;no;yes;no;cellular;may;fri;30;2;8;1;nonexistent;1.1;93.18537163623186;-35.41367900298285;2.5795685350950563;5076;no
37;management;single;high.school;no;no;no;telephone;nov;fri;183;2;7;1;nonexistent;-1.7;94.20780419389992;-39.25381144656933;3.7464006658583626;5099;no
44;technician;single;university.degree;unknown;yes;no;cellular;may;mon;1051;2;999;0;nonexistent;-0.1;92.51754379843763;-36.62661527932541;2.3326828320505264;5195;no
34;technician;married;high.school;no;yes;no;cellular;jun;wed;94;2;10;1;nonexistent;1.1;93.40333671848467;-35.461790791200116;4.010509706544601;5228;no
24;entrepreneur;married;basic.4y;no;no;no;telephone;aug;thu;33;1;999;0;nonexistent;-1.8;93.54111253786569;-37.7623412462944;5.1;5228;no
50;admin.;single;basic.9y;no;yes;no;cellular;jun;tue;254;3;999;0;nonexistent;1.1;93.21415727007049;-44.318582392864045;2.1498569529167835;5228;no
36;technician;single;university.degree;no;yes;no;cellular;aug;wed;321;3;999;0;nonexistent;-0.1;93.51086945672687;-33.88406355899422;2.5151649139246492;5195;no
54;management;married;university.degree;no;no;no;cellular;sep;thu;382;3;999;0;nonexistent;-1.7;93.62500156876956;-40.2977556504278;1.2467831887970524;5076;no
50;housemaid;married;basic.6y;no;yes;no;cellular;may;mon;168;2;20;2;nonexistent;-1.7;93.10583968822557;-40.59899520686684;0.9984474915591429;5076;yes
43;entrepreneur;single;professional.course;no;no;no;cellular;jun;wed;354;3;999;0;nonexistent;1.1;93.15319564549308;-52.37745415154622;1.121746083556733;5195;no
55;management;married;basic.9y;unknown;no;yes;cellular;jul;mon;1275;5;999;0;nonexistent;1.1;93.28178926587387;-38.97218335182142;4.830623975304862;5228;no
35;entrepreneur;married;university.degree;no;yes;no;telephone;aug;thu;20;3;999;0;nonexistent;1.4;93.34074397104632;-40.1801867519466;4.61853821199132;5191;no
48;blue-collar;single;basic.9y;no;yes;no;telephone;aug;wed;17;2;999;0;nonexistent;-1.7;93.54533801783101;-36.786133099837485;4.800409935689496;5191;no
41;blue-collar;married;basic.6y;no;no;no;telephone;may;tue;408;2;999;0;nonexistent;-1.8;93.10090579053723;-39.267876998089406;4.92034319163634;5195;no
21;student;married;high.school;no;no;no;telephone;may;fri;722;4;5;1;nonexistent;-1.8;93.63439767095089;-38.533934602457876;2.803108293928436;5017;no
35;admin.;married;professional.course;no;yes;no;telephone;may;fri;123;3;999;0;nonexistent;1.1;94.09021346949221;-37.84343837581845;3.0685218078879846;5228;no
31;unknown;divorced;professional.course;unknown;yes;yes;cellular;may;thu;115;5;26;2;nonexistent;-1.8;92.86315897166774;-27.291472072812127;1.3499802376797203;5099;no
33;admin.;married;professional.course;no;yes;no;telephone;jul;mon;66;1;999;0;nonexistent;-1.8;93.98394967328294;-38.510421034215035;3.2254035908989502;5228;no
31;housemaid;married;high.school;no;no;no;telephone;may;wed;707;2;999;0;nonexistent;-1.7;93.09667730125038;-42.790596966143426;3.661883324029153;5176;no
20;technician;married;basic.9y;no;yes;no;cellular;jul;thu;33;1;22;4;nonexistent;1.1;92.6731073338252;-36.090741078813735;3.1897259822685458;5191;no
44;blue-collar;married;university.degree;no;yes;no;cellular;apr;fri;78;1;999;0;nonexistent;-1.7;93.56137297601448;-40.57531624121363;3.8760416885220144;5228;no
33;unemployed;married;university.degree;no;yes;no;cellular;jun;thu;308;2;999;0;nonexistent;-1.8;93.25000459678891;-42.41751467993475;3.9205471490524233;5176;no
38;technician;single;high.school;no;yes;no;cellular;jun;mon;5;1;999;0;nonexistent;-1.7;93.53033684261258;-44.405043691145096;2.01238845093517;5195;no
46;self-employed;single;professional.course;no;no;no;telephone;jul;fri;263;5;25;2;nonexistent;-0.1;92.55849899923433;-39.73199727052759;2.5130037569426493;5191;yes
38;blue-collar;married;basic.9y;no;yes;no;cellular;aug;fri;305;1;999;0;nonexistent;-1.8;93.17050132203742;-36.60345972775239;4.454930473740565;5099;no
47;services;divorced;high.school;no;no;no;cellular;may;wed;484;2;999;0;nonexistent;1.1;94.41572251909669;-36.534596803907846;3.5538645864892566;5228;no
44;blue-collar;single;high.school;no;no;no;cellular;jul;thu;376;4;999;0;nonexistent;1.1;92.8296560620828;-43.59719823935848;0.6;5195;no
36;unknown;married;high.school;no;no;no;telephone;jul;thu;69;1;999;0;failure;1.1;94.25202315101357;-35.36472930532728;2.4509773225807354;5191;no
42;technician;single;basic.9y;no;yes;no;telephone;nov;wed;374;2;24;1;nonexistent;-0.1;92.44661890985232;-45.22970916014802;5.1;5076;no
47;services;single;basic.9y;no;yes;no;telephone;aug;wed;14;2;999;0;nonexistent;-1.8;93.33275548678631;-40.03532839267314;1.8816917822540253;5195;no
37;blue-collar;single;high.school;no;yes;unknown;cellular;jul;fri;149;1;999;0;failure;-1.7;93.15824247545922;-37.69662223773403;2.585263094873823;5195;no
46;management;single;basic.9y;no;no;no;cellular;may;tue;17;4;999;0;nonexistent;1.4;93.19033116921408;-40.313796944733525;2.0111395733988484;5017;no
48;blue-collar;single;university.degree;no;yes;no;cellular;apr;tue;68;1;999;0;nonexistent;-1.7;93.44634395343095;-40.906040409607;4.2087110377865;5017;no
35;self-employed;married;basic.9y;no;yes;no;telephone;jul;mon;130;3;999;0;nonexistent;-0.1;94.0655548290961;-40.396722415108115;4.186773128321877;5228;no
46;technician;single;unknown;no;no;no;cellular;jul;mon;80;2;999;0;failure;1.1;92.75932448300107;-36.414635251775444;3.1792267443882825;5099;no
35;blue-collar;single;high.school;no;yes;no;cellular;jul;wed;530;6;999;0;nonexistent;-1.7;94.80198292778772;-42.0072495754064;0.6;5176;yes
47;retired;married;university.degree;no;yes;yes;telephone;may;thu;102;3;24;1;nonexistent;-1.8;92.95164853237425;-37.366307273266045;3.779139273986665;5008;no
29;technician;married;basic.4y;no;yes;no;cellular;nov;tue;110;5;999;0;nonexistent;-0.1;93.55839933218225;-40.11575271572184;2.9493003752803895;5191;no
42;management;single;professional.course;no;yes;no;cellular;jun;wed;350;3;3;1;nonexistent;-1.8;92.9813040116436;-37.21635386889493;0.9762455410034039;5195;yes
42;services;married;basic.4y;no;no;no;telephone;jun;fri;63;2;999;0;nonexistent;-0.1;93.82231603939063;-34.869760258225455;4.34246525332854;5228;no
45;technician;married;basic.4y;unknown;no;no;cellular;aug;fri;177;2;999;0;nonexistent;1.4;92.78483733761227;-43.86707222999476;3.421429841326473;5176;no
40;services;married;basic.4y;no;yes;no;telephone;may;tue;823;3;999;0;nonexistent;-1.7;93.65530779759244;-36.25127334785196;3.772332585875638;5176;no
38;management;divorced;university.degree;no;yes;yes;telephone;jul;fri;11;2;999;0;nonexistent;-1.8;93.6033638451715;-34.23455333262551;1.9475929033671155;5176;no
28;services;married;basic.4y;no;yes;no;cellular;nov;thu;120;2;999;0;nonexistent;-1.7;93.51324736218749;-47.569364436656286;4.8201028210167705;5228;no
37;blue-collar;married;university.degree;no;yes;yes;cellular;jun;tue;302;3;999;0;nonexistent;-1.7;93.23906315808068;-43.07028602469956;0.6012645897659161;5099;no
33;blue-collar;single;university.degree;no;yes;no;cellular;aug;tue;160;2;999;0;nonexistent;-0.1;92.8001383304412;-35.57796230694605;0.6;5176;no
49;unemployed;married;university.degree;no;no;no;cellular;nov;mon;113;2;6;1;success;-1.8;93.26636593286015;-36.36501326461773;1.7231228858712095;5195;yes
45;blue-collar;divorced;basic.4y;no;yes;yes;cellular;jul;wed;30;1;999;0;nonexistent;-1.8;93.88073859020497;-49.43193875066775;1.2709830129058386;5176;no
21;retired;single;basic.4y;no;no;no;cellular;nov;tue;30;1;999;0;nonexistent;1.1;93.22217894452139;-42.847019742421466;3.5;5076;no
58;admin.;single;high.school;no;no;no;telephone;aug;mon;231;2;999;0;nonexistent;-0.1;93.72165353561012;-39.15471799633157;1.8667987809943456;5099;no
46;blue-collar;single;basic.9y;no;yes;no;cellular;may;wed;149;1;999;0;nonexistent;1.4;93.63057178216614;-44.297327869248264;1.5465293693633453;5195;no
37;blue-collar;married;basic.9y;unknown;no;no;cellular;aug;mon;407;2;999;0;nonexistent;1.1;93.66549528069295;-41.96279165321378;4.346521630967425;5099;no
46;technician;divorced;basic.9y;no;no;no;telephone;jun;wed;394;3;12;1;nonexistent;1.1;93.14131316379819;-40.2138242379523;0.6;4963;yes
29;housemaid;married;basic.9y;no;yes;no;cellular;jun;mon;261;4;999;0;nonexistent;1.1;93.8788007945526;-40.520900095590044;4.5582295611238095;5017;no
31;management;married;basic.4y;no;yes;no;telephone;jun;thu;300;1;999;0;nonexistent;-1.7;93.65315737098615;-41.171474061500746;4.316844678638313;4963;no
25;admin.;married;high.school;no;yes;no;cellular;apr;thu;473;4;999;0;nonexistent;-0.1;94.77396284633015;-38.431553530320826;3.956279132699323;5191;no
39;management;married;high.school;no;yes;no;telephone;may;wed;629;2;999;0;nonexistent;-0.1;93.95033451237474;-36.04769708616013;3.233187866542816;5099;no
50;admin.;single;high.school;no;yes;no;cellular;jun;tue;110;4;999;0;nonexistent;1.4;94.50095491248392;-37.90905642795961;1.6769700239337966;4963;no
44;services;married;university.degree;no;no;no;telephone;nov;fri;360;3;999;0;nonexistent;-0.1;93.625218326281;-40.771036019344315;0.6;5008;no
41;entrepreneur;married;basic.6y;unknown;no;yes;cellular;jul;tue;128;2;999;0;nonexistent;1.4;94.29646419750948;-33.13923590030664;3.1178120919120023;5008;no
41;blue-collar;married;university.degree;no;no;no;telephone;jul;wed;125;1;999;0;nonexistent;1.1;92.76554214911516;-41.3429776714777;5.1;5176;no
59;services;married;professional.course;no;yes;no;cellular;may;fri;9;4;999;0;nonexistent;-0.1;93.83788312274285;-38.0413592751847;1.389574242025098;5191;no
52;services;married;professional.course;no;yes;no;telephone;aug;fri;232;1;13;2;success;-0.1;93.49301509421107;-46.97735086766257;2.5287239365322316;5017;yes
31;admin.;divorced;professional.course;no;no;no;telephone;oct;mon;58;1;999;0;nonexistent;-1.8;92.98964346241415;-49.21249221577317;4.572346472064623;5008;no
27;blue-collar;single;basic.9y;unknown;no;no;cellular;may;tue;371;3;999;0;nonexistent;-1.8;93.38933144695615;-44.07188196830141;0.6;5228;no
40;services;married;university.degree;no;no;no;cellular;nov;wed;88;3;999;0;failure;1.4;93.50844101808237;-43.971941466915254;4.785611417792152;5076;no
36;admin.;single;university.degree;no;yes;yes;cellular;may;tue;22;4;999;0;nonexistent;1.1;94.16213103935253;-41.74512032556846;2.9107475021299916;5228;no
49;technician;married;basic.6y;unknown;yes;yes;cellular;may;mon;15;5;999;0;failure;-0.1;93.9230834426508;-33.088091388018015;3.6589232060206585;5228;no
33;technician;married;university.degree;no;yes;no;cellular;aug;mon;30;4;999;0;nonexistent;1.4;92.86501177145536;-31.38571803071028;2.142073091534532;5099;no
52;management;married;high.school;no;yes;yes;cellular;aug;tue;92;2;999;0;success;-1.7;94.71573246477519;-40.3901821675384;1.5930101419313383;5228;no
43;student;divorced;basic.6y;no;yes;no;telephone;nov;mon;120;3;999;0;nonexistent;1.4;94.07830647629746;-34.51264452818662;3.141324534300619;4963;no
32;admin.;married;basic.6y;no;yes;no;cellular;aug;thu;217;2;999;0;nonexistent;-0.1;93.47715990675175;-38.408262379521744;0.765957665326452;5228;no
28;admin.;married;university.degree;no;no;no;cellular;jul;fri;1992;2;25;1;nonexistent;1.1;93.81848068723714;-37.40196651092315;4.010018130765141;5228;yes
41;blue-collar;single;basic.9y;no;yes;no;cellular;may;fri;206;2;999;0;failure;-0.1;93.56083699479028;-44.52494298255937;2.17057916511195;5017;yes
34;technician;single;university.degree;no;no;no;telephone;jul;fri;131;2;999;0;nonexistent;1.1;93.61920792675117;-35.89636000720703;1.601838306980747;5076;no
48;admin.;single;basic.9y;no;no;no;cellular;nov;fri;132;1;999;0;nonexistent;-1.7;93.65244034068913;-41.828952313068726;3.193896381297807;5191;no
38;blue-collar;single;university.degree;no;no;yes;cellular;oct;thu;139;4;15;1;nonexistent;-0.1;93.33920394541265;-42.78874080892626;3.527536201535818;5195;no
18;admin.;single;basic.9y;no;no;no;cellular;jun;tue;131;5;999;0;nonexistent;-1.8;93.16340218016951;-40.396234677247506;2.37566722147384;5099;no
40;technician;married;university.degree;no;no;no;telephone;nov;tue;1;1;999;0;nonexistent;-1.8;93.57110265629471;-30.54368160560307;5.1;4963;no
23;services;married;high.school;no;no;no;cellular;jun;wed;0;1;999;0;nonexistent;-0.1;94.16693377583748;-37.43240476197113;3.029668090417537;4963;no
31;admin.;single;professional.course;no;yes;no;cellular;may;fri;18;1;999;0;nonexistent;1.1;93.22420986379478;-42.14437320586727;3.9087990123616843;5195;no
26;housemaid;single;high.school;no;yes;no;telephone;nov;fri;30;1;999;0;nonexistent;-1.8;93.77227666727978;-40.915573280741334;2.7666091260310033;5228;no
38;management;married;basic.6y;no;yes;unknown;cellular;jun;fri;609;7;999;0;nonexistent;1.4;93.25265089904227;-38.957645828110586;3.5314657532953824;5099;no
23;blue-collar;single;high.school;no;yes;no;cellular;may;thu;41;1;999;0;nonexistent;-1.7;92.77587095470042;-33.54618176510519;1.1179761176010372;5228;no
27;management;married;basic.4y;no;yes;yes;cellular;aug;tue;405;2;7;1;nonexistent;1.4;94.59406695713191;-42.336051051211115;2.1269455592290933;5099;no
52;blue-collar;single;professional.course;unknown;no;no;cellular;oct;fri;475;2;999;0;nonexistent;-1.7;93.24729815082449;-42.16908426561076;1.5060309043660804;5176;no
41;services;married;professional.course;no;no;no;cellular;jun;mon;54;2;999;0;failure;-1.7;93.5048025445954;-47.52902219959142;4.172661216275629;5176;no
36;blue-collar;married;high.school;no;yes;no;cellular;apr;mon;503;4;999;0;nonexistent;1.1;93.1431712820407;-38.182466250773615;3.751552754650711;5191;no
32;blue-collar;married;high.school;no;yes;yes;telephone;may;wed;49;1;999;0;nonexistent;-1.8;93.2437102175371;-44.20569524422537;1.6147090105838569;5176;no
30;admin.;married;high.school;unknown;yes;yes;cellular;nov;tue;128;4;999;0;nonexistent;-1.7;94.38427840076032;-34.68202853118846;4.795094975226369;5228;no
58;entrepreneur;married;basic.6y;no;yes;yes;cellular;may;mon;30;2;999;0;nonexistent;-0.1;92.73063025191749;-42.82157525264478;3.9351216080743687;5191;no
35;housemaid;married;university.degree;no;no;yes;cellular;nov;wed;143;1;9;1;nonexistent;-0.1;94.14102036081276;-40.18924786787081;4.3759931791400835;5228;no
20;blue-collar;married;high.school;no;no;no;cellular;jun;mon;1106;4;999;0;nonexistent;1.4;93.37769239898105;-41.048930123428086;4.389196398118604;5176;no
30;blue-collar;married;basic.9y;no;yes;no;telephone;nov;tue;343;4;999;0;nonexistent;-0.1;93.70228737556624;-40.08359545275902;3.9390834821618053;5191;no
50;admin.;married;university.degree;yes;no;no;cellular;jun;mon;102;3;999;0;nonexistent;1.4;92.94081879288613;-45.59677830503486;1.0432476804058726;5195;no
53;blue-collar;single;university.degree;no;yes;no;telephone;jul;wed;860;3;28;1;failure;-0.1;93.6459324153644;-44.10903250424718;3.7798533147164317;5076;no
21;retired;married;high.school;no;yes;no;cellular;apr;mon;18;2;999;0;nonexistent;-1.8;94.02179499957583;-36.84173216927966;1.605181937997335;5191;no
31;blue-collar;single;professional.course;unknown;no;no;cellular;jul;wed;7;1;999;0;nonexistent;-0.1;94.33349285874039;-36.9891753926614;1.5233445285421396;4963;yes
26;management;divorced;university.degree;no;yes;no;cellular;jul;wed;251;4;999;0;nonexistent;1.4;93.3233372535867;-38.52290375052984;3.289764534985223;5191;no
22;entrepreneur;single;basic.9y;no;yes;no;telephone;jun;fri;99;5;999;0;nonexistent;-1.7;92.95411384821081;-40.25219071561937;3.991208532489593;5099;no
45;blue-collar;married;unknown;no;no;no;cellular;nov;fri;974;3;20;2;nonexistent;-0.1;93.20555899380139;-42.723508319410676;3.5976625047181323;5191;no
41;unknown;married;basic.9y;unknown;yes;yes;telephone;jul;thu;18;3;28;1;nonexistent;-1.7;93.30639224233406;-42.03643439214821;4.839961943772913;5017;no
37;technician;single;high.school;no;yes;no;cellular;aug;tue;348;2;999;0;failure;1.1;94.19079175152402;-39.82487452239835;3.8230375681760793;5176;no
35;blue-collar;married;basic.9y;no;no;yes;cellular;may;thu;117;7;999;0;failure;-0.1;93.67125883789396;-34.555212365037974;5.1;5176;no
45;admin.;married;university.degree;no;yes;no;telephone;may;wed;315;3;999;0;nonexistent;1.1;93.64825843517899;-42.32030000325334;3.5;5176;no
44;blue-collar;married;high.school;no;no;no;cellular;jul;mon;305;3;999;0;nonexistent;1.1;93.8480220716757;-44.23155986930605;5.1;5191;no
42;admin.;married;university.degree;no;yes;no;cellular;oct;wed;63;3;999;0;failure;-0.1;93.33462830525916;-38.872681909481464;1.9136228505526973;5017;no
42;management;married;high.school;unknown;no;no;cellular;may;fri;63;2;999;0;nonexistent;1.1;92.79131073980368;-42.3288168693236;4.2093777192686925;5195;no
63;blue-collar;single;high.school;no;yes;no;cellular;may;fri;538;1;28;1;nonexistent;-1.8;93.56717442045338;-28.55885819300931;4.692938478696179;5099;no
26;blue-collar;married;basic.4y;unknown;no;no;cellular;aug;mon;29;4;999;0;nonexistent;1.1;93.80351742614269;-40.57132748939496;3.37335980654256;5195;no
28;blue-collar;married;high.school;no;unknown;yes;telephone;jul;tue;15;4;27;1;nonexistent;1.1;92.90550902565927;-39.15630678945816;4.216274169448462;5099;no
48;technician;married;university.degree;yes;no;no;cellular;jun;tue;101;2;999;0;nonexistent;-1.8;93.48762138066833;-41.80178354858197;5.041487225760429;5017;no
49;blue-collar;married;basic.9y;no;no;no;telephone;may;thu;1292;4;999;0;nonexistent;1.1;93.90928770095019;-43.27431340204005;3.938039993661212;5228;no
69;admin.;married;basic.9y;no;yes;no;telephone;jun;fri;253;5;999;0;nonexistent;1.1;92.43308640249457;-41.98560217532306;3.5185979963419;5099;no
32;technician;married;high.school;no;no;no;cellular;nov;tue;490;3;999;0;success;-1.8;94.27059945088833;-35.56189871684578;2.304987740216392;5195;yes
47;technician;single;high.school;unknown;yes;no;cellular;jul;thu;235;1;999;0;nonexistent;-1.8;93.37101166401325;-40.94279941150037;3.2626037586829613;5099;no
38;management;divorced;basic.4y;no;yes;yes;telephone;oct;wed;42;2;999;0;nonexistent;1.4;92.85119739528577;-43.353660641507545;4.32471250270527;5228;no
47;blue-collar;divorced;high.school;no;yes;no;cellular;nov;fri;535;5;22;1;nonexistent;-1.8;93.97262608701061;-41.101977597647135;3.6333789293305547;5099;no
18;entrepreneur;married;professional.course;no;no;no;cellular;jul;thu;11;4;999;0;nonexistent;-1.7;93.89716854673944;-39.33928017862205;3.4505326089139583;5099;no
39;blue-collar;married;university.degree;no;yes;no;telephone;jul;wed;248;2;25;2;nonexistent;-1.7;93.61302331548777;-37.901290733938836;1.7311161148523149;5195;no
38;technician;single;high.school;no;no;yes;cellular;dec;tue;1097;1;999;0;nonexistent;-0.1;93.74147336897853;-37.1658815151756;2.157126658480219;5017;yes
30;unknown;married;university.degree;no;yes;no;telephone;oct;wed;124;1;999;0;failure;-1.8;92.6033698562171;-46.779806228790655;4.524709172335759;5228;no
43;services;married;university.degree;no;no;yes;cellular;jun;thu;164;3;999;0;nonexistent;-1.8;93.99371693361294;-39.46373516915263;2.3958834230998445;4963;no
30;technician;married;professional.course;unknown;yes;no;telephone;jul;mon;33;1;999;0;nonexistent;-1.8;93.19573650518987;-43.41836880721931;4.602495825569648;5099;no
40;blue-collar;married;university.degree;no;no;no;cellular;may;wed;793;2;999;0;nonexistent;-1.7;93.18551645246572;-41.133969372675935;3.623523270546934;5228;no
35;blue-collar;married;basic.9y;no;yes;no;cellular;may;thu;38;2;10;1;nonexistent;1.4;94.15991140947862;-38.998671375778414;2.696918439073385;5017;no
34;admin.;married;high.school;no;no;yes;cellular;jun;thu;130;4;5;1;nonexistent;1.1;92.95753854991783;-39.22061528098193;5.1;5008;no
42;blue-collar;single;basic.4y;unknown;no;yes;cellular;jun;wed;37;2;999;0;nonexistent;1.1;94.15393166352554;-35.069880181481246;1.4343759461788725;5195;no
44;blue-collar;married;professional.course;no;no;no;cellular;may;mon;120;3;17;1;nonexistent;1.4;93.72679039970384;-42.256385576523535;4.381821930143679;5191;no
34;entrepreneur;married;high.school;no;no;no;cellular;may;fri;287;3;999;0;nonexistent;1.4;94.07841356353526;-42.404269628410454;2.1442415845792313;5195;no
31;admin.;single;high.school;no;yes;no;cellular;mar;tue;151;2;999;0;success;1.1;93.00867699082143;-40.25970397079083;0.6;5195;no
38;blue-collar;married;university.degree;no;unknown;no;cellular;jun;fri;478;2;26;1;nonexistent;-1.8;93.967726090455;-35.89589228383661;3.561108791885115;5176;no
44;technician;married;high.school;unknown;yes;no;cellular;may;tue;182;5;999;0;nonexistent;-0.1;93.71283233283073;-43.886713994236125;4.060025911614098;5176;no
46;unemployed;single;high.school;no;yes;no;cellular;may;thu;210;3;999;0;nonexistent;1.1;93.47570497216694;-43.40979260205011;3.657307029446358;5195;no
34;blue-collar;married;professional.course;no;no;yes;telephone;aug;tue;198;2;999;0;nonexistent;-1.8;93.06166539063675;-34.53396640883267;3.7997176857402324;5099;no
29;unknown;single;basic.6y;no;yes;yes;cellular;may;wed;107;3;999;0;nonexistent;1.1;93.45502751780651;-41.965696667308144;1.3483458106787998;5195;no
36;technician;married;university.degree;no;yes;no;cellular;jul;wed;271;2;999;0;failure;-1.7;92.59400667216191;-36.50050147480404;3.4239835393597446;5099;no
40;services;married;professional.course;unknown;yes;no;telephone;jun;thu;211;2;999;0;nonexistent;1.4;92.97827623640609;-40.474793763746646;4.915668426134941;5228;no
18;admin.;single;high.school;no;yes;no;cellular;may;tue;353;1;999;0;nonexistent;-1.8;93.48298280494697;-38.94306903940522;4.465660351042598;5228;no
38;services;married;high.school;unknown;yes;no;cellular;may;mon;270;1;14;1;nonexistent;-0.1;93.24969230235746;-38.55835194281381;3.7975895579747934;5176;no
28;admin.;married;basic.9y;no;yes;no;cellular;jul;wed;50;3;999;0;nonexistent;1.4;93.89841327781974;-45.68850493900889;2.547134647484948;5191;no
36;technician;married;high.school;no;yes;yes;telephone;mar;wed;263;6;999;0;nonexistent;1.4;93.54028942466462;-41.76032599263167;3.8756824169536537;5191;no
36;blue-collar;single;high.school;no;no;no;cellular;may;thu;2;3;999;0;nonexistent;-0.1;93.77451755437363;-39.11469403813806;2.852920157626345;5176;no
33;blue-collar;married;university.degree;unknown;no;no;telephone;jul;tue;44;6;999;0;nonexistent;-1.8;94.1821032521144;-40.25614907299432;4.301304479539482;5228;no
35;admin.;married;professional.course;no;yes;no;telephone;jun;mon;12;2;999;0;failure;1.1;94.24157110322867;-35.55536005967913;1.9192856025466714;5017;no
51;services;single;high.school;unknown;yes;no;telephone;jul;tue;272;2;999;0;nonexistent;1.1;93.91724511662166;-45.86566202646258;5.1;5099;no
36;technician;married;university.degree;no;no;no;telephone;aug;wed;253;4;999;0;failure;-1.7;93.31185034911178;-38.02364444051479;2.133710741089729;5008;no
70;blue-collar;married;basic.9y;no;no;no;telephone;may;fri;302;1;999;0;nonexistent;1.4;94.28045305599251;-32.48782235933895;4.923041956760487;5228;no
34;student;married;professional.course;no;yes;no;cellular;aug;thu;492;3;8;1;nonexistent;1.1;91.6403990140463;-37.25897929919892;1.3226612222999194;5228;no
27;admin.;married;professional.course;no;no;unknown;telephone;may;mon;125;2;999;0;nonexistent;-1.7;93.3239672610989;-36.84381324942094;1.3008695060536524;5008;no
50;services;single;basic.9y;no;no;no;cellular;apr;tue;219;3;999;0;nonexistent;1.1;94.21472615301916;-41.01513736175704;3.2968814969152187;5191;no
29;technician;single;university.degree;no;yes;no;telephone;aug;wed;30;1;999;0;nonexistent;1.1;92.94577758414675;-37.26991612578603;1.0786405336523188;5228;no
34;entrepreneur;married;university.degree;no;no;yes;cellular;jul;fri;188;2;14;1;nonexistent;1.4;94.19536193407879;-34.35736041556863;2.0705385937004808;5195;no
18;management;married;university.degree;no;yes;no;telephone;may;thu;235;1;999;0;nonexistent;-1.7;93.46722138174266;-38.484769639543856;3.7145233829652122;5099;no
37;admin.;married;university.degree;no;no;no;cellular;may;mon;36;5;999;0;success;1.4;93.14359634046535;-37.90375738756833;0.6;5191;no
61;blue-collar;divorced;university.degree;no;yes;no;cellular;aug;tue;116;3;999;0;failure;-1.7;93.86476879979689;-40.251521177411014;3.6080257280808716;5195;no
44;services;divorced;basic.6y;no;yes;yes;telephone;may;mon;945;3;999;0;nonexistent;1.1;94.13003317363892;-39.58202998844856;3.5499323578406834;4963;no
38;blue-collar;single;university.degree;no;no;no;cellular;apr;thu;28;1;999;0;nonexistent;-0.1;93.93261772684993;-35.24109138149955;0.6;5191;no
33;services;married;basic.6y;no;no;no;telephone;oct;tue;36;3;999;0;nonexistent;1.1;93.52749007081853;-39.950678820103604;3.2648099693368122;5195;no
25;entrepreneur;married;university.degree;no;no;no;cellular;jul;wed;41;2;999;0;nonexistent;-0.1;92.37743886112553;-44.72589142309706;4.254137191646762;5176;no
60;management;single;basic.9y;no;no;yes;cellular;jul;wed;49;1;22;1;nonexistent;-1.7;93.35141373160941;-41.69368062443455;3.5621241202115907;5176;no
19;technician;married;university.degree;no;yes;no;cellular;jul;fri;179;4;999;0;nonexistent;-0.1;94.26263795787244;-45.31289476455378;4.488307416310697;5228;no
48;retired;single;basic.9y;no;no;no;cellular;may;tue;30;3;999;0;success;-1.7;93.14625881037568;-36.825658135085014;1.6086614676590574;5099;yes
39;entrepreneur;single;basic.4y;yes;yes;no;telephone;apr;mon;1097;1;999;0;nonexistent;-1.7;94.07255668206192;-42.378320918228916;4.218863866267427;5099;yes
42;blue-collar;married;university.degree;unknown;yes;no;telephone;oct;fri;128;1;999;0;nonexistent;-1.8;92.80151021318211;-37.68350554901518;5.1;5176;no
56;entrepreneur;single;basic.6y;no;yes;no;cellular;jul;tue;269;1;999;0;nonexistent;-0.1;94.1287338252105;-46.093351626081514;5.1;5195;no
28;retired;married;university.degree;no;no;no;cellular;apr;tue;228;1;999;0;nonexistent;1.4;92.5518304654457;-48.71581566645747;1.8242324361075206;5008;no
44;blue-collar;single;high.school;no;yes;no;telephone;aug;wed;719;3;999;0;nonexistent;1.1;93.15785104152587;-45.30024812646369;2.4157195553752517;5195;no
26;admin.;married;basic.6y;no;yes;no;telephone;nov;tue;9;1;999;0;nonexistent;-0.1;93.19294547215277;-33.11172222741232;3.253549594865064;5228;no
62;self-employed;married;basic.4y;unknown;no;no;cellular;aug;tue;378;3;26;1;nonexistent;-1.8;92.6447773628555;-42.09621213994167;3.844456002619431;5191;no
38;admin.;single;university.degree;no;no;no;cellular;may;wed;14;1;999;0;failure;1.1;93.64900151360422;-33.551784068288114;1.7146773339496286;5191;no
26;entrepreneur;divorced;basic.9y;no;no;yes;cellular;jul;fri;28;2;999;0;nonexistent;-1.7;93.36567942916932;-41.86924808023751;5.1;5099;no
37;services;married;professional.course;no;no;no;cellular;aug;fri;4;1;999;0;nonexistent;1.1;93.27121027791989;-29.40669993969612;0.6;5195;no
43;unknown;married;professional.course;no;no;no;telephone;jun;tue;193;4;999;0;nonexistent;-0.1;92.69267053046089;-38.6723344695565;3.237370296262;5176;no
57;admin.;single;university.degree;no;no;no;cellular;nov;thu;157;5;999;0;nonexistent;-1.8;93.03244869178737;-37.05403908015359;1.9157437604127818;5228;no
36;blue-collar;single;high.school;no;no;no;cellular;may;wed;114;3;999;0;nonexistent;1.1;92.69168380137549;-33.2137426828249;4.1663998336275885;5228;no
32;admin.;married;university.degree;unknown;yes;yes;cellular;jun;fri;392;6;999;0;nonexistent;-0.1;94.11263743660834;-35.61719417422536;3.0086720174836037;5176;no
50;unknown;married;basic.9y;no;no;no;telephone;jul;thu;91;1;12;1;nonexistent;-1.7;92.77466319123316;-40.483048698839276;4.210934766032731;5191;no
40;technician;married;high.school;no;no;no;telephone;aug;wed;83;2;999;0;nonexistent;1.1;93.7092522232868;-40.829713819243935;3.249251527152604;5099;no
39;blue-collar;married;basic.6y;unknown;yes;yes;cellular;may;tue;63;4;12;1;nonexistent;1.1;93.88423274925678;-38.33931752265598;2.8794230931541023;5176;no
42;technician;divorced;university.degree;unknown;no;unknown;cellular;may;wed;1864;5;6;1;nonexistent;1.4;92.57203183830418;-37.00675426487132;0.6;5076;no
19;student;married;professional.course;no;unknown;yes;telephone;may;thu;26;1;999;0;nonexistent;-0.1;93.35037923458452;-38.260971660244884;2.0140398757444724;5195;no
38;blue-collar;married;university.degree;no;no;no;telephone;may;wed;63;3;999;0;nonexistent;-1.7;93.02069079522772;-31.710609400202518;4.523292568789215;5176;no
33;retired;single;high.school;unknown;yes;no;cellular;may;mon;422;3;25;1;nonexistent;-1.8;93.25532462692122;-45.05508500502752;1.647390464478147;5191;yes
32;admin.;divorced;high.school;unknown;no;no;cellular;dec;tue;49;1;999;0;nonexistent;1.1;92.93350537694492;-38.11002547174787;4.993290928432702;5228;no
42;management;married;university.degree;no;unknown;no;cellular;aug;wed;766;4;0;1;nonexistent;-1.8;94.32644735650825;-39.41107459189045;2.044440430255266;5099;no
18;blue-collar;married;professional.course;no;yes;no;cellular;apr;thu;586;2;999;0;nonexistent;1.4;92.43578726702582;-33.899768149623604;4.363505073656222;5017;no
28;admin.;married;professional.course;no;yes;no;cellular;jun;mon;189;4;9;1;nonexistent;-1.8;93.37002199492733;-40.393954863310675;0.7820586600410521;5099;no
39;self-employed;married;basic.4y;no;no;no;cellular;may;tue;390;2;999;0;nonexistent;-1.7;93.77037420687358;-38.61093035686384;4.303637364176077;5191;no
44;technician;married;basic.9y;no;no;no;cellular;jul;mon;83;1;999;0;nonexistent;-1.7;94.38752150529021;-45.07136412577343;2.6013744756818307;5191;no
38;blue-collar;married;high.school;no;no;no;cellular;aug;mon;110;2;999;0;nonexistent;-0.1;93.15345105413887;-46.12504153768913;2.4605258186978594;5195;no
26;blue-collar;married;university.degree;no;yes;yes;telephone;jun;fri;70;1;999;0;nonexistent;-1.8;94.01553773934862;-41.003271215404666;1.1201894065480984;5008;no
35;admin.;married;professional.course;unknown;no;no;cellular;aug;fri;1676;4;999;0;nonexistent;-1.8;93.66521801373584;-39.850241838031614;4.518018265514941;4963;no
49;technician;divorced;basic.9y;no;no;no;cellular;nov;fri;27;4;999;0;nonexistent;-0.1;94.44899652252916;-40.799307441210274;3.226938043338351;5099;no
50;management;married;university.degree;no;yes;no;telephone;jun;tue;522;3;999;0;nonexistent;-0.1;93.44092685156988;-37.91009591261689;5.1;5176;no
34;retired;married;university.degree;yes;no;no;cellular;may;tue;394;3;999;0;nonexistent;-1.8;93.8521621808124;-37.8963717376714;3.7280161054297833;5099;no
27;retired;married;university.degree;no;no;no;cellular;may;thu;8;2;999;0;failure;1.1;93.86290642563395;-44.735195100766;1.3849705948622644;4963;no
57;entrepreneur;married;professional.course;no;no;no;cellular;jun;wed;29;4;999;0;failure;-1.7;93.67814818886238;-41.63884681801862;5.018860476454603;5008;no
65;entrepreneur;single;basic.6y;no;no;yes;telephone;aug;wed;99;1;999;0;failure;-1.8;92.97238136732207;-40.60449718918896;4.376111486711672;5008;no
44;blue-collar;married;basic.4y;no;no;yes;cellular;may;mon;151;1;0;2;nonexistent;-0.1;92.96687753122991;-37.73438549316666;2.4485948112239875;5176;no
39;blue-collar;single;professional.course;no;yes;no;cellular;may;thu;81;3;999;0;nonexistent;-0.1;93.20954301937375;-35.26935591148862;3.9183188007657686;5228;no
27;admin.;divorced;high.school;no;no;yes;cellular;jul;fri;200;1;999;0;nonexistent;-0.1;93.7043785680921;-46.27044458694001;5.1;5195;no
41;blue-collar;married;high.school;no;no;no;telephone;aug;wed;109;2;10;1;nonexistent;-0.1;93.29881766843327;-47.8161201416007;3.577757680133982;5099;no
40;admin.;married;basic.4y;unknown;yes;no;cellular;dec;tue;57;3;999;0;nonexistent;1.1;92.85360139818636;-42.999358567103975;5.1;5176;no
31;technician;single;high.school;no;yes;yes;cellular;oct;fri;803;2;19;1;nonexistent;1.4;93.62391717236746;-43.95389104022674;1.0441665102935591;5017;yes
31;blue-collar;married;basic.4y;no;yes;no;telephone;jul;wed;17;1;13;2;nonexistent;1.4;93.41274062311142;-46.42316531214422;2.715194470198867;5191;no
32;technician;married;basic.9y;no;yes;no;cellular;jun;tue;100;4;999;0;nonexistent;1.1;92.74259211014717;-42.60224880019945;4.438372910791456;5017;no
51;blue-collar;married;high.school;no;no;yes;cellular;may;tue;736;2;999;0;nonexistent;-0.1;93.3658479696849;-43.163764885133794;2.116940644267304;5176;no
44;self-employed;married;high.school;no;yes;no;cellular;jul;fri;71;1;999;0;nonexistent;-1.8;93.27235088280555;-33.177476148114586;4.14020110407795;5099;no
52;blue-collar;married;university.degree;unknown;no;no;cellular;apr;fri;160;3;999;0;nonexistent;1.1;93.8101628547244;-42.671924558739995;4.233320736128569;4963;no
38;retired;single;unknown;no;no;no;cellular;may;tue;394;1;15;1;success;-0.1;92.63981306298794;-40.59742047197754;0.8675771447568196;5008;yes
42;admin.;married;basic.4y;no;no;no;cellular;nov;thu;546;2;999;0;nonexistent;-0.1;93.54003204961396;-37.142318162336586;3.3072563081019464;5008;no
37;admin.;married;university.degree;unknown;no;no;cellular;may;tue;281;5;999;0;nonexistent;-0.1;93.6021808726792;-32.192868128551936;4.385697639046737;5195;no
26;management;divorced;university.degree;no;no;no;cellular;may;tue;193;3;5;1;nonexistent;1.1;92.88857470040408;-40.312363374228866;3.6669336385425764;5195;no
44;services;married;high.school;no;no;no;cellular;may;tue;349;2;25;1;nonexistent;1.4;94.02054712683282;-29.46198803043822;5.1;5191;no
32;admin.;married;high.school;no;yes;no;cellular;aug;fri;14;2;999;0;nonexistent;1.4;93.67825534998198;-43.08692474555478;4.046442275653773;5195;no
43;technician;single;university.degree;no;yes;no;telephone;may;fri;111;3;999;0;nonexistent;-0.1;93.18578416398212;-42.940209794893256;4.775000994485465;5099;no
23;admin.;married;basic.6y;no;no;no;cellular;may;tue;816;2;999;0;nonexistent;-0.1;93.32890701620164;-40.35621940658581;4.554281335445686;5099;no
47;admin.;married;professional.course;no;unknown;no;cellular;aug;tue;2072;2;999;0;nonexistent;1.4;93.25678578908098;-42.481839234212224;3.7190711542618513;5099;no
44;student;single;basic.9y;no;yes;no;telephone;oct;mon;588;2;999;0;nonexistent;1.1;93.4512144984605;-39.72208423937941;2.6157369704381024;5195;no
30;blue-collar;single;high.school;no;no;no;telephone;may;thu;600;3;999;0;nonexistent;1.4;94.16241722828843;-38.79942626963797;1.7697911300007818;5099;yes
41;blue-collar;divorced;professional.course;no;no;yes;cellular;oct;tue;374;3;999;0;nonexistent;1.1;92.68308113415561;-42.56197088194791;3.4168727386422857;5099;no
40;services;married;basic.9y;no;yes;no;cellular;may;tue;220;1;999;0;nonexistent;-1.8;93.3453765994544;-30.363203557199583;3.8769935556170045;5228;no
59;housemaid;married;university.degree;no;no;no;cellular;may;mon;257;1;999;0;failure;1.4;92.9964293834448;-47.368361532233166;0.8658840046554871;5099;no
36;admin.;married;high.school;no;no;no;cellular;jul;fri;133;5;999;0;nonexistent;1.1;93.66541761094035;-37.9560545355242;4.159190745517056;5099;no
41;admin.;married;basic.6y;unknown;yes;no;cellular;dec;wed;30;1;999;0;nonexistent;-0.1;93.57993485637556;-43.661044501723744;1.526723094566669;5017;yes
27;technician;single;unknown;no;no;no;cellular;aug;mon;313;1;999;0;nonexistent;-1.8;94.21260439945878;-40.43637685495901;4.204659246338622;5099;no
42;services;married;university.degree;unknown;unknown;no;telephone;apr;fri;334;2;999;0;failure;1.4;93.49011037888623;-40.75728052161416;0.6;5228;no
50;blue-collar;single;high.school;no;no;no;telephone;jun;fri;1033;1;4;1;nonexistent;1.1;94.10892979191084;-42.69671601423054;1.738317740368379;5008;yes
50;services;married;unknown;no;yes;yes;cellular;aug;mon;43;2;999;0;nonexistent;1.1;93.80170132907405;-38.057853510101395;0.8364209608978368;5191;no
41;admin.;divorced;university.degree;no;yes;yes;telephone;may;thu;6;2;18;1;success;-1.8;93.44027052716709;-38.53068914378444;1.8448497035171623;5017;yes
41;admin.;married;basic.6y;no;no;no;cellular;jul;fri;569;1;999;0;nonexistent;1.1;93.70424273963468;-35.45807596432316;3.282275698016934;5228;no
43;retired;single;professional.course;unknown;no;no;cellular;aug;wed;158;5;999;0;nonexistent;-1.8;92.99054021819221;-34.52215325896598;1.6065486179960058;5228;no
43;management;single;basic.9y;no;yes;no;cellular;nov;thu;63;1;999;0;nonexistent;1.1;93.88430370968659;-38.59422690455275;4.160624199849428;5017;no
41;services;single;basic.4y;no;no;no;telephone;nov;mon;29;3;999;0;nonexistent;1.1;93.3515133865015;-44.00013502524122;3.2031569798636625;5228;no
21;technician;divorced;illiterate;unknown;yes;yes;cellular;apr;fri;30;2;999;0;success;-1.8;93.26030829385294;-35.81194333729986;2.2602525262549156;4963;yes
47;admin.;married;high.school;no;yes;no;cellular;nov;fri;325;3;1;3;nonexistent;-1.8;93.29113302008794;-43.82348279602044;4.096641352167728;5191;no
40;blue-collar;married;basic.4y;no;no;no;cellular;nov;tue;303;2;999;0;nonexistent;-1.8;93.7631396359681;-36.143962169560766;2.1659847741515503;5099;no
37;student;married;high.school;no;yes;no;cellular;may;thu;186;2;999;0;nonexistent;-1.7;93.19802993602858;-46.11209937448491;2.157888751291905;5008;no
25;admin.;married;professional.course;no;no;no;telephone;may;wed;82;4;999;0;nonexistent;-1.7;93.01990901379254;-40.108300438263186;1.8913998050526772;5099;no
48;blue-collar;married;basic.4y;no;yes;no;cellular;may;fri;242;5;19;1;nonexistent;-1.8;93.15661673737851;-44.81999712249196;3.9248775511645526;5176;no
59;admin.;married;university.degree;no;yes;yes;cellular;may;wed;283;1;999;0;nonexistent;-0.1;92.68929550540531;-37.40955310492236;5.0592109162768;5017;yes
52;blue-collar;married;university.degree;unknown;no;no;cellular;may;wed;322;1;999;0;nonexistent;-0.1;93.19887867472887;-41.432210544143096;0.6;5076;no
34;blue-collar;married;university.degree;no;unknown;yes;cellular;jul;tue;16;3;4;1;nonexistent;-1.8;93.01955436060476;-42.22524802725181;3.1421705441653085;5228;no
22;admin.;single;high.school;no;yes;yes;cellular;jul;wed;179;1;999;0;nonexistent;-0.1;93.73648611949376;-36.1894779288998;4.069009706181455;5176;no
26;admin.;single;high.school;no;yes;no;cellular;jul;wed;126;3;11;1;nonexistent;1.1;93.2837854209963;-41.34157932377818;3.348997576917258;5008;no
39;entrepreneur;divorced;high.school;no;yes;no;cellular;may;tue;134;1;999;0;nonexistent;-0.1;93.51929076572719;-44.2918121852581;3.345061786346567;5176;no
44;blue-collar;married;basic.4y;no;no;no;telephone;jul;thu;470;2;999;0;nonexistent;-1.7;92.28118719930475;-34.40370065940186;4.633275284938528;5176;no
49;technician;single;university.degree;unknown;no;no;cellular;may;thu;5;2;999;0;nonexistent;1.1;93.4166695565886;-44.53609830815072;3.8040836443416635;5099;no
42;management;single;professional.course;no;yes;yes;telephone;nov;thu;267;1;999;0;failure;-0.1;93.39440095902164;-43.00828018504503;3.010620090081615;5195;no
32;technician;divorced;university.degree;no;yes;yes;cellular;nov;mon;263;6;999;0;nonexistent;1.1;93.8434015919618;-37.33012626072352;2.5298272879543195;5195;no
40;blue-collar;married;university.degree;no;no;yes;telephone;nov;mon;7;1;999;0;failure;1.1;93.96580419570009;-40.16943480218095;5.1;5099;no
33;technician;single;university.degree;no;yes;yes;cellular;dec;tue;1298;3;999;0;nonexistent;1.1;92.54597226748207;-37.17784942960423;5.1;5008;no
44;retired;married;university.degree;no;no;yes;cellular;may;wed;11;1;999;0;nonexistent;-0.1;94.77309408402135;-35.91236344037946;3.838693323150387;4963;no
49;technician;single;unknown;no;no;no;cellular;aug;mon;280;3;999;0;nonexistent;1.1;93.41457762107841;-41.6044915973514;4.27028640933115;5228;no
35;admin.;single;basic.4y;unknown;no;no;cellular;may;thu;135;2;22;1;nonexistent;-0.1;93.30721975011485;-48.469344886423706;3.8091751503224094;5191;no
42;admin.;single;university.degree;no;yes;no;telephone;jul;wed;5;3;20;2;nonexistent;1.4;92.90381238635354;-37.13328196692593;0.905974324957506;5017;no
38;technician;single;basic.6y;no;no;no;telephone;nov;fri;7;1;2;2;nonexistent;1.4;93.9915878895098;-42.51380128484376;1.0583860125425508;5176;no
36;admin.;single;high.school;no;no;no;cellular;may;thu;482;2;999;0;failure;-0.1;93.13621818002689;-34.155633492588215;3.7654614268185416;5195;no
33;retired;single;basic.9y;no;no;no;cellular;apr;thu;77;2;999;0;nonexistent;1.4;94.32206607770749;-40.68145533819148;0.9408436734120801;5228;no
46;entrepreneur;married;university.degree;no;no;no;cellular;jun;wed;103;3;24;2;failure;-1.7;93.38125386874411;-40.97116976677511;0.6;5191;no
50;admin.;married;professional.course;unknown;yes;no;cellular;jul;thu;30;1;999;0;nonexistent;-0.1;93.41079628871742;-42.18951022373633;0.6;5195;yes
44;blue-collar;married;university.degree;no;no;no;telephone;may;tue;190;2;3;1;nonexistent;1.1;94.53015540167047;-39.29633138651799;5.1;5195;no
43;management;married;basic.9y;no;yes;no;telephone;may;wed;565;2;999;0;nonexistent;1.1;93.4636592913573;-43.22135993498904;3.9500661299910567;5195;no
41;admin.;divorced;basic.9y;no;yes;no;cellular;may;wed;45;1;999;0;nonexistent;-0.1;93.03389698565572;-36.427067156078316;3.7015916740984456;5176;no
30;technician;single;basic.9y;no;no;no;telephone;may;mon;170;1;11;1;nonexistent;1.1;93.46141385480114;-37.19328591446552;2.649295088734461;5176;no
54;technician;married;university.degree;unknown;unknown;no;cellular;may;fri;178;1;999;0;nonexistent;1.4;93.78427791890545;-43.84023454764559;0.6;5176;no
39;management;married;unknown;no;no;no;cellular;jun;wed;238;3;999;0;nonexistent;1.1;93.46048601177691;-41.37041958188848;4.503237625085152;5191;no
38;unemployed;single;basic.9y;no;unknown;yes;cellular;jun;thu;30;5;999;0;nonexistent;-1.7;93.31158580720782;-44.74159233124032;3.9599956834182355;5008;no
47;technician;married;professional.course;no;no;no;cellular;jun;thu;626;1;999;0;nonexistent;1.1;94.34597044036217;-44.29981051911983;2.486227417709344;5099;no
39;blue-collar;married;high.school;unknown;yes;yes;telephone;aug;fri;1210;2;999;0;nonexistent;1.1;93.38641313219924;-37.60330800622511;5.1;5099;no
39;admin.;single;professional.course;no;yes;no;cellular;may;mon;543;3;999;0;failure;1.4;93.71630627352565;-38.077062124787695;4.705443421757323;5176;no
29;retired;married;university.degree;no;yes;no;cellular;may;wed;139;7;999;0;nonexistent;-1.7;92.77962127521116;-43.99738450731714;5.1;5176;no
31;admin.;married;basic.9y;unknown;unknown;no;telephone;aug;mon;200;2;999;0;nonexistent;1.4;93.70268289499968;-43.95815857622607;3.4371367239870367;5176;no
38;entrepreneur;single;basic.9y;unknown;yes;no;cellular;jun;mon;18;3;999;0;failure;1.1;92.92945443988106;-36.77313119140095;3.633412698761582;5228;no
52;technician;married;basic.9y;no;no;no;telephone;may;thu;86;2;999;0;nonexistent;1.1;94.07175466659442;-38.29399623411608;5.1;5195;no
28;admin.;married;basic.9y;no;no;no;telephone;may;tue;264;3;999;0;nonexistent;1.1;93.53494438758247;-44.61333666001898;4.162122336195368;5099;no
28;technician;married;university.degree;no;no;no;cellular;aug;mon;220;2;999;0;nonexistent;-1.8;92.60209927408367;-35.740201318571394;3.744716710657156;5017;no
31;services;married;basic.9y;no;yes;no;telephone;may;wed;7;2;999;0;nonexistent;1.1;93.34202362270487;-40.19882157308149;3.8003879809897283;5191;no
46;technician;married;basic.4y;unknown;yes;no;cellular;may;mon;142;3;999;0;failure;-1.7;94.75661305175048;-36.45617323724365;4.191135579092557;5228;no
37;admin.;single;basic.9y;no;no;no;telephone;apr;thu;16;2;999;0;nonexistent;-0.1;94.15546541359228;-37.37589462929021;5.002361452668328;5191;no
31;technician;divorced;basic.6y;unknown;yes;no;cellular;may;mon;165;1;999;0;nonexistent;-1.8;93.57388107405791;-44.28295192643762;4.071589718326729;5176;no
46;housemaid;married;university.degree;unknown;no;no;telephone;may;fri;409;3;999;0;nonexistent;-1.7;93.0712633966765;-40.22313670245938;1.409142606318694;5176;no
30;services;single;high.school;no;yes;yes;telephone;apr;mon;3;1;999;0;nonexistent;1.4;93.84450957574688;-43.60704590794392;4.573902221476839;5076;no
40;technician;divorced;high.school;no;yes;no;cellular;may;thu;352;1;999;0;nonexistent;1.1;93.67400115554976;-39.30687612898488;3.497328767855221;5099;no
26;management;married;university.degree;unknown;no;no;telephone;jun;tue;453;2;999;0;nonexistent;-1.8;93.38857523969183;-37.804349894821634;3.4966965056103017;5191;no
54;technician;married;high.school;no;no;no;cellular;apr;mon;324;1;27;1;success;-1.7;92.76978800406985;-37.86983718874915;3.8397867264548173;5099;yes
51;management;married;university.degree;no;yes;no;cellular;jul;tue;228;4;999;0;nonexistent;1.1;93.52156969912558;-37.07153013100319;3.1305298762701854;5017;no
40;admin.;married;university.degree;no;no;no;telephone;jul;fri;611;1;999;0;nonexistent;-1.7;93.21189695403459;-38.46432762317197;3.7886889153604857;5099;no
55;housemaid;married;professional.course;no;yes;no;telephone;may;tue;191;2;19;1;success;-0.1;93.71048859213924;-44.39000531581994;5.1;4963;no
33;blue-collar;married;university.degree;no;no;no;cellular;jul;mon;74;4;999;0;nonexistent;-1.8;93.12700108214872;-37.214140889583135;4.174887731338104;5195;no
28;blue-collar;single;basic.4y;no;no;yes;telephone;jul;mon;146;4;999;0;nonexistent;-0.1;93.65698092858462;-36.27433204745939;1.1589281458677458;5228;yes
55;management;married;professional.course;no;yes;yes;telephone;may;mon;99;3;6;1;nonexistent;1.4;94.66888166191278;-38.47386257064489;5.1;5017;no
30;technician;married;basic.9y;no;no;no;telephone;may;wed;28;4;999;0;nonexistent;-1.7;94.68589550082856;-40.56438711319852;1.9728535490680488;5191;no
39;admin.;married;basic.9y;no;yes;no;cellular;jul;thu;111;5;999;0;nonexistent;1.1;93.70163322022589;-41.12705505669695;3.43049362655569;4963;no
63;blue-collar;married;basic.6y;no;yes;no;cellular;jul;mon;77;3;29;1;nonexistent;1.4;94.33097758382921;-45.47275972266142;5.1;5228;no
32;services;married;high.school;no;yes;no;telephone;may;tue;267;1;999;0;nonexistent;1.4;93.28624025859834;-36.4499227098652;4.729054447680256;5228;no
39;blue-collar;married;university.degree;no;unknown;yes;telephone;sep;tue;404;2;999;0;nonexistent;-0.1;93.0192252345357;-40.805591540386246;4.095952917978891;5195;no
49;blue-collar;married;basic.9y;no;yes;yes;cellular;apr;fri;123;2;999;0;nonexistent;1.4;94.12915753906053;-37.39613490155416;4.865527119991329;5191;no
46;services;married;high.school;no;yes;yes;cellular;apr;tue;1029;1;14;2;nonexistent;-1.7;93.0451667861827;-42.79822391110301;0.825338917419226;5195;yes
27;technician;single;basic.4y;no;yes;no;cellular;may;tue;564;1;999;0;nonexistent;-1.7;94.13801827361164;-30.6402274148456;3.2510460674089394;5099;no
49;admin.;married;university.degree;unknown;yes;no;cellular;jul;tue;392;3;999;0;nonexistent;-0.1;92.82015228358873;-37.20741907707721;2.281932234388555;5099;no
36;self-employed;married;basic.9y;no;no;no;telephone;jun;wed;46;4;26;1;nonexistent;-1.8;93.7078021922528;-41.01194366341515;3.746123878634168;5076;no
47;blue-collar;single;basic.4y;unknown;yes;no;telephone;may;mon;115;3;999;0;nonexistent;1.1;92.97350663418442;-46.02590658034698;5.067939868718624;5176;no
25;services;married;university.degree;no;no;no;cellular;may;fri;91;1;999;0;nonexistent;1.1;93.15545173467761;-37.774267257648965;3.857223929322708;5017;no
60;housemaid;divorced;basic.4y;no;no;no;cellular;may;thu;83;4;999;0;failure;-1.7;94.05789804617906;-40.11690779184335;4.5680777586793955;5008;no
36;blue-collar;married;basic.9y;no;yes;no;telephone;jul;wed;143;3;999;0;success;1.1;94.20700619554371;-49.68224137035764;4.347588358756054;5099;no
45;technician;single;basic.6y;unknown;yes;no;telephone;may;fri;39;3;999;0;nonexistent;-1.8;93.17008883395665;-44.054104052385846;2.8451997643084805;5228;no
30;services;married;high.school;no;yes;no;cellular;may;thu;215;4;999;0;success;1.4;94.07735562763955;-41.82573407170835;1.716652226439677;4963;yes
22;blue-collar;married;university.degree;no;no;no;cellular;nov;thu;242;2;999;0;nonexistent;-1.8;93.30264039591702;-34.03607426813165;1.0279653029781088;5228;no
35;blue-collar;married;professional.course;no;yes;no;cellular;nov;fri;67;1;999;0;nonexistent;1.1;93.53616245497521;-39.66933129042147;3.5702829955965067;5195;no
48;technician;married;high.school;no;no;no;cellular;nov;fri;625;3;999;0;nonexistent;-1.7;93.19761031734954;-35.75609944196153;3.9099694743776388;5176;no
49;blue-collar;married;university.degree;no;yes;no;telephone;may;mon;267;1;999;0;nonexistent;-0.1;93.2174719730183;-38.51936919787033;4.513397673677689;5191;no
33;blue-collar;single;professional.course;no;yes;no;cellular;may;thu;50;1;14;1;nonexistent;1.1;93.15866230494814;-36.684993159258575;4.258103999314384;5008;no
55;retired;married;basic.4y;no;yes;no;cellular;apr;mon;1177;3;28;1;nonexistent;-0.1;92.79533969980164;-36.652357533177025;5.037527792739772;5176;no
29;admin.;single;basic.6y;no;no;no;cellular;nov;mon;285;4;999;0;nonexistent;-0.1;93.15606159490402;-32.25906881294469;0.8960027854988404;5076;yes
36;admin.;married;university.degree;no;no;no;cellular;jul;thu;74;4;20;1;nonexistent;1.4;93.14303556492798;-49.11176479200954;3.4353200012783867;5228;no
44;blue-collar;single;high.school;unknown;yes;no;cellular;aug;thu;67;1;999;0;nonexistent;-0.1;94.47359464498871;-40.24930922814995;1.5056113470779995;4963;yes
28;services;married;university.degree;no;yes;no;cellular;jun;fri;425;3;16;2;nonexistent;1.4;93.95772295111237;-37.84164153434513;4.2162370273810215;5008;no
18;blue-collar;married;basic.6y;no;yes;no;cellular;oct;wed;158;4;999;0;nonexistent;-1.8;93.27773305307059;-35.35437762730373;1.1073841407975684;5099;no
48;technician;married;basic.4y;no;no;no;cellular;may;fri;43;3;999;0;nonexistent;-1.7;93.40234034902124;-38.868340603604466;1.0964295331623466;5195;no
41;blue-collar;single;basic.9y;no;no;no;telephone;aug;fri;395;1;999;0;success;-1.7;93.64307042822813;-42.58576543852277;1.2695604223959474;5099;yes
40;admin.;married;basic.6y;unknown;no;no;cellular;apr;thu;56;3;999;0;nonexistent;-1.8;93.49228560283034;-42.98294162033032;0.6397364762243203;5195;no
29;management;divorced;basic.4y;no;no;no;cellular;may;thu;860;1;999;0;nonexistent;-1.7;93.17522108881818;-41.39675222515646;0.8488551115221448;5176;no
40;technician;divorced;university.degree;no;no;no;telephone;may;mon;356;3;999;0;nonexistent;-1.7;93.88775463294054;-38.268708835000346;3.1717589443400254;5017;no
34;services;single;professional.course;unknown;no;no;telephone;may;mon;89;2;14;1;nonexistent;1.4;93.27345701166578;-40.02235723454227;1.6482744826935307;5099;no
31;admin.;single;university.degree;unknown;no;unknown;cellular;may;thu;133;3;26;1;nonexistent;-0.1;93.82480596699872;-41.12081281907233;4.978294113446642;5017;no
50;technician;single;high.school;no;no;no;cellular;may;wed;443;3;999;0;success;1.1;94.0955421434333;-40.42723367985393;3.740895568271185;5195;no
30;retired;married;university.degree;unknown;yes;no;cellular;may;mon;52;6;999;0;nonexistent;1.1;93.64402849962819;-34.61971897432127;4.597259109746104;5099;no
39;admin.;married;university.degree;no;yes;no;telephone;jun;tue;502;1;19;1;nonexistent;-0.1;93.31740299625433;-44.93323785164269;4.745530930433946;5228;no
40;blue-collar;married;basic.9y;unknown;no;no;telephone;may;tue;1060;2;25;2;nonexistent;-1.8;93.94532471894745;-37.15182584948754;1.9136838709659831;5195;yes
32;retired;divorced;basic.6y;unknown;no;no;cellular;may;thu;1093;2;999;0;nonexistent;-1.8;94.0419991442801;-45.53124735629028;3.6141821523051187;5017;no
35;services;married;university.degree;no;yes;no;cellular;jul;tue;1581;3;999;0;failure;-1.7;94.32118910459793;-40.74767254522675;0.6;5076;yes
45;admin.;single;professional.course;no;unknown;no;telephone;may;wed;2;1;999;0;nonexistent;1.1;94.2640813108881;-42.1188993420067;3.412197516033124;5176;no
51;blue-collar;married;university.degree;no;yes;yes;cellular;may;mon;30;1;17;1;nonexistent;-1.7;93.2872714526255;-46.23321756735255;4.832779737697976;5099;no
39;self-employed;married;university.degree;no;yes;no;telephone;may;wed;13;3;999;0;nonexistent;-1.7;92.63619525797047;-43.7152973952849;2.0084617627645653;5076;no
44;blue-collar;married;basic.6y;unknown;unknown;no;cellular;dec;mon;93;5;999;0;nonexistent;1.4;93.3947475101234;-31.437272564922566;2.114133245480227;5228;no
34;admin.;divorced;university.degree;no;no;no;cellular;may;mon;7;2;999;0;nonexistent;-1.8;93.17579822866001;-40.51197842102369;5.1;5191;no
34;services;single;university.degree;no;yes;no;cellular;jun;fri;324;1;999;0;nonexistent;-0.1;93.6767180584526;-51.98665811962023;3.338908826730268;5191;no
31;blue-collar;single;university.degree;no;yes;no;cellular;jun;wed;466;2;999;0;nonexistent;-1.8;93.43479319164679;-40.00227619667175;4.999571267760581;4963;no
43;management;married;basic.6y;no;yes;no;cellular;aug;tue;71;3;999;0;nonexistent;1.4;92.74443762007864;-36.24319039730923;5.1;5191;no
32;admin.;married;high.school;no;yes;no;telephone;jun;thu;367;2;21;1;nonexistent;-1.8;94.06361309125805;-38.23744918151913;4.287806084794692;5195;no
34;blue-collar;single;university.degree;unknown;yes;no;cellular;jul;fri;246;4;999;0;success;-0.1;93.17026399488135;-45.0382170776087;2.420068209390021;5176;no
36;blue-collar;married;university.degree;unknown;no;no;telephone;aug;mon;44;2;999;0;failure;-1.8;93.49553438216203;-50.40428361813633;2.68923531226968;5099;yes
25;technician;single;high.school;no;yes;no;telephone;may;wed;13;1;999;0;nonexistent;-1.8;94.15602318437652;-41.337942353178434;3.990327839709701;5228;no
31;admin.;single;basic.4y;no;yes;no;telephone;jul;wed;226;2;999;0;nonexistent;-0.1;93.32342550255785;-40.245576307077364;5.064696622454427;5099;no
42;blue-collar;married;university.degree;no;yes;no;telephone;sep;tue;89;3;999;0;nonexistent;-0.1;93.31184166533687;-45.577745807114354;3.240099349840122;5176;no
33;management;married;high.school;no;no;no;cellular;aug;fri;261;4;5;1;nonexistent;1.1;93.89607855130873;-42.8592926985541;0.6;5099;no
59;admin.;single;high.school;no;no;no;telephone;may;wed;106;4;999;0;nonexistent;-1.8;93.87761776691923;-45.902137141705396;4.489643992455443;5228;no
49;blue-collar;married;basic.9y;unknown;yes;no;cellular;apr;thu;76;3;999;0;nonexistent;-0.1;92.70080676864183;-30.29683189341635;4.665290201007265;5099;no
50;blue-collar;married;university.degree;no;yes;no;cellular;jul;thu;108;4;999;0;nonexistent;1.1;93.6629441206984;-39.68966132156241;2.1843694913531984;5191;no
27;admin.;divorced;high.school;unknown;yes;yes;cellular;jul;tue;615;3;999;0;failure;1.1;93.72564403339159;-43.79339844045516;0.6;5191;no
33;entrepreneur;single;university.degree;no;yes;no;cellular;jul;tue;418;1;999;0;nonexistent;-0.1;92.86734110991422;-41.30664279009031;4.09215471043021;5176;no
35;technician;married;unknown;unknown;no;no;telephone;jul;tue;9;3;17;1;nonexistent;-0.1;94.14709224059648;-39.43006782360724;5.1;5191;no
38;blue-collar;divorced;basic.6y;no;no;no;cellular;jul;thu;133;2;999;0;nonexistent;1.1;93.84210374908459;-43.7882552326545;2.2328755216137166;5099;no
57;management;married;basic.9y;unknown;yes;no;cellular;may;thu;6;4;999;0;failure;1.1;94.16483679377762;-39.35308274425624;1.4518102098467274;5195;no
23;admin.;divorced;basic.6y;no;yes;no;telephone;may;thu;113;1;999;0;nonexistent;-1.7;93.94008650187007;-37.11446524045578;4.8319243975436335;5099;no
38;unknown;married;basic.9y;no;yes;no;cellular;aug;tue;389;1;23;1;nonexistent;-1.7;93.42874975647487;-38.234146462445544;0.6;5195;no
34;student;married;high.school;unknown;yes;no;telephone;may;mon;1013;4;999;0;nonexistent;-1.7;93.53400917506822;-37.916636775292496;1.192094101759432;5099;no
40;admin.;single;university.degree;no;yes;no;cellular;apr;mon;1118;2;999;0;nonexistent;1.4;93.10041285994723;-38.62269913318944;3.1971494462477796;5195;no
40;self-employed;married;illiterate;no;yes;yes;cellular;apr;mon;179;2;999;0;nonexistent;-1.8;93.74803684411425;-50.7251190599454;1.7309858773709557;5195;no
34;blue-collar;married;university.degree;no;no;no;cellular;jul;tue;489;5;999;0;nonexistent;-1.7;92.66238407553229;-49.793391864768495;3.981129584870136;5228;no
39;admin.;married;basic.4y;no;yes;no;cellular;may;wed;254;5;18;1;nonexistent;1.1;93.50248670109136;-36.86510655381541;2.1493681704827465;5228;no
39;technician;married;high.school;no;no;no;cellular;nov;tue;19;6;999;0;nonexistent;1.4;92.91648002030583;-38.530741031736596;4.267759709370322;5008;no
29;entrepreneur;single;high.school;yes;no;no;cellular;may;fri;47;1;999;0;nonexistent;-0.1;94.03076692276419;-41.314930229327985;2.813950925836231;5191;no
61;admin.;married;university.degree;no;yes;no;telephone;apr;wed;90;3;999;0;success;-0.1;92.22543361974633;-45.579025344161316;4.425936416453101;5228;no
38;student;divorced;basic.4y;no;no;no;cellular;jul;tue;351;2;999;0;nonexistent;1.1;93.01221927890542;-43.28513372856076;1.9949620975257039;5195;no
57;blue-collar;married;basic.4y;no;yes;yes;cellular;may;tue;122;5;999;0;nonexistent;1.4;93.27064142561005;-36.147287334022934;4.1456300910681465;5099;no
47;technician;divorced;basic.4y;no;yes;no;cellular;nov;thu;114;4;1;1;nonexistent;-1.8;93.3301338159263;-40.48845604913274;4.549126934030474;5191;no
39;services;married;professional.course;no;yes;no;cellular;aug;fri;563;1;999;0;nonexistent;1.1;93.66403580103562;-42.46459752936173;4.36335797489127;5099;no
35;blue-collar;married;university.degree;yes;unknown;no;telephone;may;wed;102;2;999;0;nonexistent;1.1;93.35647435955114;-39.7544352374255;3.965599517334983;5195;no
42;entrepreneur;single;high.school;unknown;yes;no;cellular;sep;tue;277;4;999;0;nonexistent;1.1;93.15304335362967;-39.20561077717784;5.1;4963;no
20;unknown;married;basic.4y;no;yes;yes;cellular;mar;fri;512;1;999;0;nonexistent;1.1;93.71751827350793;-41.10663297212309;4.514648554841955;5099;no
24;blue-collar;single;unknown;no;no;unknown;telephone;nov;thu;108;4;6;1;nonexistent;-0.1;93.86590909875046;-39.22925989035763;4.817526469848702;5176;yes
31;admin.;divorced;basic.4y;unknown;unknown;no;telephone;nov;mon;42;4;999;0;nonexistent;-1.7;94.35545244160676;-35.77818878973493;0.6314061432264557;5176;no
25;self-employed;divorced;basic.9y;unknown;no;no;cellular;may;tue;123;1;4;1;nonexistent;-1.7;93.25569528479589;-39.67577025217733;4.734519503233672;5099;no
39;technician;divorced;basic.4y;no;no;no;cellular;may;fri;76;4;999;0;nonexistent;-0.1;93.43249847374642;-39.41401024599959;1.6620972766847597;5099;no
40;management;married;high.school;no;yes;no;cellular;may;mon;91;6;999;0;nonexistent;-1.8;93.63579828057765;-39.49127471864858;4.332805507856957;5008;no
57;blue-collar;married;basic.9y;no;no;no;cellular;may;tue;471;5;999;0;nonexistent;1.1;93.0033674271586;-34.77959088723398;4.194430923331152;5228;no
43;admin.;single;professional.course;no;yes;no;cellular;may;mon;315;1;11;1;nonexistent;1.1;92.96380221608494;-35.722938666861126;3.680342329754708;5228;no
41;entrepreneur;single;high.school;unknown;no;no;telephone;may;fri;789;2;999;0;nonexistent;-1.8;93.81325267741467;-39.550683058487145;3.9949808507520146;5176;no
41;technician;married;university.degree;no;unknown;no;telephone;jun;fri;133;3;999;0;nonexistent;1.1;94.02259635623098;-36.71967111408376;3.6150203447590705;5076;no
42;admin.;married;basic.6y;no;yes;yes;cellular;may;fri;727;2;999;0;nonexistent;-1.7;93.42696167237317;-37.20645419633737;4.741769530401232;5195;no
36;admin.;single;professional.course;no;no;no;cellular;jul;thu;170;1;999;0;failure;-0.1;93.74808630583621;-40.488227150084896;3.4701470021450893;5008;no
37;management;divorced;university.degree;no;yes;no;cellular;jun;fri;120;1;999;0;failure;-1.7;93.32839891231568;-40.58664415376864;4.259033735918503;5099;no
31;entrepreneur;married;university.degree;no;no;no;cellular;may;tue;267;4;999;0;success;1.4;93.86913252385865;-45.637500702724346;2.4224267324103583;5228;no
22;blue-collar;married;professional.course;no;yes;no;cellular;dec;thu;29;6;999;0;nonexistent;-1.7;93.28214448279631;-45.84343932057096;4.320259109276177;5228;no
35;blue-collar;single;basic.9y;no;no;no;cellular;nov;fri;170;4;999;0;nonexistent;1.1;94.26102265555274;-36.557171087575064;3.4832680995440586;5228;no
42;admin.;single;basic.9y;no;no;no;cellular;jun;fri;49;2;999;0;nonexistent;1.1;93.73389990142716;-32.322945551713;4.759155931204788;5195;no
50;blue-collar;married;basic.6y;unknown;yes;no;cellular;mar;fri;363;2;11;1;nonexistent;-1.8;93.05500664963871;-38.39487725532123;4.131728233171242;5076;no
36;self-employed;single;high.school;unknown;yes;yes;telephone;may;tue;71;1;999;0;nonexistent;-1.8;93.303295921869;-40.803966919237034;1.90183022684284;5076;no
30;admin.;single;university.degree;no;yes;yes;cellular;may;mon;71;3;999;0;success;-0.1;93.38220581688412;-39.409687168256276;3.413318647533291;5099;no
39;management;married;university.degree;no;yes;no;cellular;may;thu;459;2;999;0;nonexistent;-0.1;93.37661995667415;-39.589287391328234;5.1;5176;no
31;admin.;married;professional.course;unknown;no;no;cellular;jul;fri;198;3;999;0;nonexistent;-1.7;93.63557873329044;-45.54827604258599;1.731558251757906;5099;yes
26;admin.;married;basic.6y;unknown;no;no;cellular;jun;wed;60;3;7;2;nonexistent;1.1;93.39412824206556;-37.373005362155446;1.2014254564986686;5099;no
28;admin.;married;professional.course;unknown;yes;no;cellular;dec;thu;97;1;999;0;nonexistent;-1.8;92.73783054134582;-38.54625867143945;1.1116371028914456;5228;no
42;services;married;university.degree;no;yes;no;telephone;apr;thu;195;1;999;0;nonexistent;-1.7;93.47137487357095;-47.45775198149356;3.5773648149937083;5195;no
41;blue-collar;divorced;professional.course;no;no;no;telephone;jun;mon;133;3;999;0;nonexistent;-0.1;93.14501599844117;-38.2954858481488;3.991884465008753;5017;no
45;student;married;high.school;no;yes;yes;cellular;may;thu;164;1;999;0;nonexistent;-0.1;93.60877814782037;-37.63865365764497;5.1;5228;no
42;admin.;single;high.school;no;no;no;cellular;aug;tue;909;1;16;1;nonexistent;-1.7;93.61157563090913;-45.79975349793701;1.1497230567098553;4963;yes
51;admin.;married;basic.9y;no;yes;no;telephone;jun;thu;191;5;3;1;nonexistent;-0.1;92.84289225318334;-36.64239696872693;4.251958707109641;5228;no
55;blue-collar;married;high.school;no;yes;no;cellular;nov;tue;66;2;999;0;nonexistent;-0.1;92.73491091472661;-41.66698633578115;4.050553165685585;5176;no
46;technician;divorced;basic.6y;no;yes;no;cellular;mar;tue;24;3;999;0;nonexistent;1.4;93.45757558354319;-36.82505136112741;1.9947015364053597;5008;no
33;management;single;professional.course;no;yes;no;telephone;may;tue;257;3;999;0;nonexistent;1.4;93.55981749342502;-40.70083020880171;5.097625722840117;5099;no
43;blue-collar;married;basic.9y;no;yes;no;telephone;oct;fri;342;2;4;1;failure;1.4;93.23407600269626;-33.05797830017969;4.71973740061501;5076;no
36;blue-collar;single;high.school;no;yes;no;cellular;may;thu;53;2;999;0;nonexistent;1.4;93.64223394434781;-40.75058198183357;4.25302005286605;5228;no
42;services;married;high.school;no;no;no;cellular;aug;mon;169;1;999;0;nonexistent;1.1;93.70400616604478;-38.53700682147579;0.8170815627086373;5176;no
39;blue-collar;divorced;high.school;no;no;no;cellular;jun;tue;124;1;999;0;nonexistent;1.1;93.8186422485111;-48.470062792367365;4.754410975747771;5195;no
39;services;single;basic.9y;no;yes;no;cellular;may;tue;304;5;999;0;nonexistent;1.1;93.01795404342117;-43.84736269435481;3.318472124020416;5195;yes
42;blue-collar;divorced;basic.4y;no;yes;no;telephone;may;wed;193;3;999;0;nonexistent;1.1;93.87293046274766;-37.63436090306021;3.4843441219307665;5191;no
58;unknown;single;university.degree;no;no;no;telephone;may;mon;7;3;999;0;nonexistent;1.1;93.12165619974627;-35.732713243643964;3.0391269113720485;4963;no
46;housemaid;single;basic.6y;no;yes;no;cellular;may;tue;230;1;999;0;nonexistent;-1.7;93.11062118519385;-47.06068160157258;5.1;5176;no
41;technician;married;high.school;no;no;no;cellular;nov;mon;958;1;999;0;nonexistent;1.4;93.85666442613847;-41.251221790983934;0.6;5176;no
40;student;single;professional.course;no;yes;no;cellular;may;fri;1803;1;8;1;nonexistent;-1.8;93.50940782238041;-34.30394201365963;0.7030934754512645;5099;yes
53;technician;married;professional.course;no;yes;no;cellular;jun;wed;316;3;999;0;nonexistent;1.4;93.30221824239375;-41.05839948277282;4.099553983432378;5228;no
31;entrepreneur;married;basic.4y;no;unknown;no;cellular;may;wed;629;2;999;0;nonexistent;-1.7;92.80364579768528;-42.40277391229644;5.1;5228;no
46;unemployed;single;high.school;no;no;yes;cellular;jul;tue;250;3;999;0;nonexistent;-0.1;93.90320205208069;-46.28960939991171;4.55352436322867;5099;no
65;student;single;high.school;no;no;yes;cellular;may;tue;756;3;17;1;nonexistent;1.1;92.91459009489178;-40.89384434794775;0.6;5017;yes
44;student;married;basic.9y;unknown;yes;no;telephone;apr;thu;396;3;999;0;nonexistent;1.1;92.3361046110525;-35.940607446412784;5.1;5191;no
33;entrepreneur;married;basic.6y;no;no;no;cellular;nov;fri;2539;2;999;0;nonexistent;-1.7;93.08282982412999;-37.65252364872224;3.890279229115453;5228;no
30;blue-collar;single;basic.6y;no;yes;unknown;cellular;may;mon;95;1;999;0;nonexistent;-0.1;93.8121715790409;-38.55564087359521;4.039257758440757;5076;no
37;unknown;single;professional.course;no;yes;no;telephone;jul;wed;1523;5;0;1;nonexistent;-1.7;93.37403420755759;-34.13997501527298;2.0264299129539434;5076;yes
50;management;single;university.degree;no;no;no;telephone;jul;thu;510;5;999;0;nonexistent;-0.1;93.27682099422428;-36.88377875817849;4.35649001491077;5176;no
48;entrepreneur;married;basic.9y;no;no;no;telephone;jul;mon;136;4;999;0;failure;1.1;92.92962216460926;-40.3213824716166;2.366301435641596;5176;no
37;retired;married;basic.4y;no;no;no;telephone;may;tue;344;3;17;2;failure;1.4;93.49664858080017;-39.88485542691127;1.3781609013628429;5099;no
48;technician;married;unknown;no;no;no;cellular;aug;mon;75;2;999;0;nonexistent;-1.8;93.48768998881305;-44.07504403509263;3.793484383610857;5017;no
50;technician;married;basic.9y;no;no;no;cellular;may;fri;73;2;19;1;nonexistent;1.1;92.71811801041423;-42.316589376051;4.281028906470653;4963;no
40;blue-collar;divorced;basic.9y;no;no;no;telephone;jul;thu;762;3;999;0;failure;-1.8;92.52570338074736;-47.58646051571881;2.3258148107919503;5099;no
34;admin.;married;unknown;no;yes;no;telephone;jul;fri;132;1;999;0;nonexistent;-1.8;94.09430792484972;-35.84537842099036;3.0468020235970386;5008;no
62;technician;single;basic.4y;no;yes;no;cellular;nov;mon;27;3;999;0;nonexistent;-1.7;94.49296287536086;-32.54332476101397;2.0594478988130875;5076;no
25;blue-collar;single;university.degree;no;unknown;no;telephone;aug;thu;351;1;999;0;nonexistent;1.1;93.94007006212483;-32.22726002144454;4.462256755456194;5228;no
41;admin.;divorced;basic.6y;no;no;no;telephone;jul;fri;118;1;999;0;nonexistent;1.4;93.52239975994942;-40.79694875098121;3.7800728106073764;5195;no
36;blue-collar;married;university.degree;no;no;yes;cellular;nov;thu;7;4;999;0;nonexistent;-0.1;93.22995519634702;-41.09140504709573;2.843133734770532;5076;no
45;blue-collar;single;basic.4y;no;yes;no;cellular;may;wed;111;1;999;0;nonexistent;-1.8;93.44553545063098;-39.16741674960527;0.7387267234774262;5008;no
44;admin.;married;high.school;no;yes;unknown;telephone;may;mon;97;1;999;0;nonexistent;-1.7;93.81342941038778;-36.78586189385844;4.988153673424884;5008;no
32;blue-collar;married;university.degree;unknown;yes;yes;telephone;may;mon;272;2;999;0;nonexistent;-1.7;93.66978251360759;-46.90905008118303;5.1;5099;no
32;services;single;basic.4y;no;yes;no;cellular;jun;tue;275;4;999;0;nonexistent;-1.7;94.67987797829348;-45.92637723379967;5.1;5195;no
39;admin.;divorced;university.degree;no;yes;no;telephone;may;tue;728;4;999;0;nonexistent;1.1;93.84793900805917;-46.18786876136973;3.490449583897172;5017;no
50;admin.;married;basic.9y;no;yes;no;telephone;jul;fri;35;2;999;0;nonexistent;-1.7;93.82831506022329;-41.83230236943503;3.8033603748925677;4963;no
34;admin.;single;university.degree;no;yes;no;cellular;apr;tue;160;1;999;0;nonexistent;-1.7;93.91209904254313;-42.206610504974485;3.022800615810662;5176;no
36;admin.;married;university.degree;unknown;yes;no;cellular;jul;thu;424;5;999;0;nonexistent;-0.1;93.66526824652446;-36.08611834446048;2.0825469704716237;5017;yes
44;admin.;married;basic.9y;no;no;no;cellular;may;tue;238;2;999;0;nonexistent;-1.8;93.40762593203044;-43.94265039629304;4.029725469500199;5191;no
54;student;married;basic.6y;unknown;no;yes;cellular;jun;thu;945;3;999;0;nonexistent;-1.8;93.30160688502495;-45.45593981238512;3.906290402699085;5228;no
42;admin.;married;basic.6y;no;yes;no;telephone;jun;mon;307;1;999;0;nonexistent;-1.7;93.67477144402545;-41.595198472321734;5.1;5176;no
19;management;single;university.degree;no;no;no;cellular;dec;mon;625;4;999;0;nonexistent;-1.7;93.99842146035768;-39.60759329113066;3.1477144460190276;5076;yes
25;blue-collar;married;professional.course;no;yes;no;cellular;may;tue;119;3;999;0;failure;1.1;93.61625997364177;-42.793146124926615;0.6;5099;no
29;technician;single;professional.course;no;no;no;telephone;may;wed;174;1;999;0;nonexistent;1.1;93.03609375937569;-38.374130256963795;2.5492321901626855;5076;no
28;blue-collar;married;high.school;no;no;no;cellular;may;thu;494;1;999;0;nonexistent;-1.8;93.06804537050667;-45.3277843625518;4.464712624390187;5195;no
53;student;single;university.degree;no;yes;no;telephone;aug;mon;815;3;7;2;failure;-1.7;93.63064571116276;-48.017689357309735;3.1266357274592402;5176;no
41;blue-collar;married;high.school;no;no;no;cellular;oct;wed;219;3;9;2;nonexistent;1.4;93.65373525528183;-37.78045477134948;5.082101046706234;5099;no
49;blue-collar;married;professional.course;no;yes;no;cellular;aug;fri;144;7;999;0;nonexistent;-1.8;92.89474293141909;-41.44230695150074;1.2558093821980791;5099;no
37;unknown;divorced;university.degree;no;yes;no;telephone;may;tue;593;3;28;1;nonexistent;-0.1;92.78161156881595;-46.05183123735543;3.0784125853736857;5017;yes
38;admin.;married;high.school;unknown;no;yes;telephone;jul;wed;52;2;999;0;nonexistent;-0.1;93.26750424912606;-44.961579280964806;2.5178385971536335;5228;no
34;blue-collar;married;university.degree;unknown;yes;no;cellular;nov;tue;16;2;999;0;nonexistent;-1.7;93.07640091136905;-44.901630885604284;1.7780790167798286;5008;no
38;blue-collar;married;university.degree;no;yes;yes;telephone;aug;wed;57;1;999;0;nonexistent;1.4;93.63812706892222;-39.485999636603644;4.391504712594271;5195;no
37;blue-collar;single;university.degree;no;yes;no;cellular;may;tue;262;3;999;0;nonexistent;1.1;93.77914582676517;-37.4898071183799;4.53721091772517;5099;no
44;unemployed;single;basic.4y;no;no;no;cellular;jun;wed;30;2;999;0;failure;-1.7;93.59969535585142;-44.305055313890826;3.8012496150613813;5228;no
37;blue-collar;single;high.school;no;no;no;cellular;jun;thu;1383;3;999;0;nonexistent;1.1;93.47059256662126;-37.74706822452985;4.940637634746375;5228;no
41;blue-collar;married;professional.course;no;no;no;cellular;sep;fri;493;4;11;1;nonexistent;-0.1;93.35646909806533;-45.95591364521253;1.7510744255236539;5176;no
43;blue-collar;married;basic.6y;no;yes;no;cellular;nov;fri;129;2;999;0;success;-1.7;93.73925735501341;-42.459033041771;3.018308670147346;5076;yes
39;admin.;divorced;university.degree;no;yes;no;cellular;nov;thu;141;6;7;2;nonexistent;1.4;92.96878867165157;-40.30441706792721;4.426042920594;5099;no
60;admin.;married;professional.course;no;no;no;cellular;apr;thu;89;1;2;1;nonexistent;1.4;94.58124593765446;-36.860282885168765;5.1;5076;no
34;admin.;single;university.degree;no;yes;no;cellular;aug;fri;331;6;999;0;nonexistent;-1.7;92.86693243449653;-39.980760985805354;1.6910594607496332;5191;no
35;admin.;married;university.degree;no;unknown;no;telephone;jul;fri;203;2;999;0;nonexistent;-0.1;93.61992909969737;-36.54399660092049;3.160152607507732;5191;no
29;blue-collar;married;basic.9y;no;yes;yes;telephone;may;thu;215;4;999;0;nonexistent;1.1;94.09209726203014;-32.710753956942995;3.7642454501427536;5195;no
41;admin.;married;professional.course;no;yes;yes;cellular;jul;thu;138;1;999;0;nonexistent;-1.7;92.92540730206345;-36.046309252514355;4.779056012592406;5191;no
48;technician;married;professional.course;no;yes;no;telephone;jul;wed;389;1;999;0;nonexistent;1.1;93.55784200981508;-38.991484821798345;0.6;5191;no
40;unemployed;married;university.degree;no;no;no;cellular;oct;fri;52;4;999;0;nonexistent;1.1;94.60267205192677;-43.20874099698492;4.284307888486795;5008;no
62;technician;single;university.degree;unknown;yes;no;cellular;aug;mon;86;2;999;0;nonexistent;-0.1;93.17318089026152;-35.94098809416037;2.3581816240794886;4963;no
35;blue-collar;married;university.degree;no;no;no;telephone;aug;fri;30;3;999;0;nonexistent;1.1;93.26296202933723;-42.91435076991688;3.3284889940309013;5195;no
26;admin.;married;university.degree;no;no;no;telephone;aug;fri;30;3;999;0;nonexistent;1.1;93.61707054729213;-36.04084157483455;1.6414700922282495;4963;yes
37;admin.;married;high.school;no;no;no;telephone;apr;mon;396;2;6;3;nonexistent;1.4;93.00192098125845;-41.042595618132765;4.964580154360986;5008;no
24;technician;single;basic.4y;no;yes;no;telephone;jul;mon;76;2;999;0;nonexistent;-0.1;93.80275989043511;-45.55107854461246;4.2110262117046995;5195;no
44;admin.;married;basic.6y;no;no;no;cellular;apr;mon;82;1;28;1;success;1.4;92.87183731058414;-43.490892602066644;5.1;5099;no
25;admin.;married;university.degree;no;yes;no;cellular;aug;tue;395;3;999;0;failure;-1.8;93.95911958200891;-52.50049092162593;4.616336555963536;5017;no
36;technician;divorced;university.degree;no;no;yes;cellular;may;fri;112;2;999;0;failure;-0.1;92.93757427618814;-38.476887248094485;5.1;5099;no
32;management;married;basic.9y;no;no;yes;cellular;jul;wed;301;2;999;0;nonexistent;-1.8;93.64819653548099;-43.40210584005266;4.854454554366989;5099;no
37;unemployed;married;high.school;no;no;no;cellular;may;mon;72;6;999;0;nonexistent;1.1;93.85248947748387;-49.03431634323523;4.8074726641973635;5195;no
30;admin.;married;high.school;no;yes;no;cellular;may;tue;624;1;7;1;failure;-1.7;93.23916610989389;-40.40419199742736;1.624548205566103;5099;no
31;services;married;unknown;no;yes;yes;telephone;jul;mon;192;6;27;1;nonexistent;1.4;93.5273819529842;-39.81141400879588;5.1;5228;no
41;admin.;single;professional.course;no;no;no;cellular;sep;fri;64;1;999;0;nonexistent;1.1;93.79125276648877;-43.22248644726216;4.290158575915628;5017;no
45;admin.;single;university.degree;unknown;yes;no;telephone;aug;fri;380;6;999;0;nonexistent;-1.8;92.95353780601612;-42.861575171474385;2.6212613046992956;5017;no
26;retired;divorced;unknown;no;no;no;telephone;mar;tue;271;2;999;0;failure;-1.8;93.23453098915607;-35.35727307275276;1.2283155974465272;5008;yes
52;blue-collar;single;high.school;no;no;no;telephone;may;tue;38;5;999;0;nonexistent;1.4;92.80412197174762;-39.64751951228354;3.414166205410056;5195;no
36;blue-collar;divorced;basic.9y;no;yes;no;cellular;jun;fri;520;1;999;0;nonexistent;1.1;93.82734757049346;-47.72652568324549;5.0136172172812925;5195;no
39;blue-collar;married;unknown;no;no;no;cellular;aug;mon;340;5;999;0;nonexistent;-0.1;93.33333579061193;-40.90866753728421;4.780653406544751;5191;no
41;admin.;divorced;university.degree;no;no;no;cellular;jul;thu;36;3;999;0;nonexistent;1.4;93.78322921575294;-41.17341055742952;4.046789080053879;5176;no
35;entrepreneur;married;university.degree;no;no;no;cellular;apr;wed;392;2;999;0;nonexistent;1.1;94.29491973474447;-47.15023750505791;3.4896855892454717;5008;no
53;student;married;university.degree;no;yes;no;cellular;jul;wed;673;3;4;1;nonexistent;-0.1;92.93006073289679;-42.41309301109189;1.938642400716607;5008;no
37;admin.;single;university.degree;no;yes;no;telephone;jul;thu;611;2;999;0;nonexistent;-1.8;93.0514853039864;-48.46629892449458;1.2344534478159457;5191;no
27;admin.;single;high.school;unknown;no;no;telephone;may;wed;183;5;999;0;nonexistent;-0.1;93.07938167527244;-46.94475703942457;2.316724706819909;5099;no
57;technician;married;high.school;no;no;yes;cellular;jun;mon;136;1;999;0;nonexistent;1.4;94.07467365603003;-48.39760442583194;1.2150636725583979;5176;no
59;services;married;basic.9y;no;no;no;cellular;aug;fri;1033;1;999;0;nonexistent;-0.1;93.38488286325246;-44.42603617521847;5.1;5195;no
31;technician;divorced;high.school;yes;no;no;cellular;may;fri;283;2;26;2;nonexistent;-1.7;94.00781125528967;-34.09596183007735;3.8439083690792604;5195;no
47;services;divorced;basic.9y;no;yes;no;cellular;nov;mon;266;2;999;0;nonexistent;-0.1;94.81743955053034;-38.02754231341814;1.8627811237152545;4963;yes
59;unemployed;married;university.degree;unknown;yes;no;telephone;oct;wed;278;4;999;0;nonexistent;-1.8;92.80102008875825;-37.90320594062764;0.6;5195;no
42;blue-collar;married;professional.course;no;yes;no;telephone;jun;tue;73;3;6;1;failure;1.4;93.18285662787622;-41.60178611360149;0.7919181130236913;5228;no
43;self-employed;married;basic.6y;no;no;no;cellular;jul;fri;383;1;11;1;nonexistent;-0.1;93.95559498250225;-41.11086958113388;5.021663150369184;5099;no
51;technician;married;university.degree;no;no;no;cellular;nov;wed;171;2;999;0;nonexistent;1.1;93.25659203052709;-36.39741186801387;3.978923483950294;5099;no
53;services;single;high.school;no;yes;no;telephone;aug;fri;311;4;999;0;nonexistent;-1.7;92.86125208326101;-38.53791625193658;5.1;5017;no
46;retired;married;professional.course;no;yes;no;cellular;may;thu;142;2;999;0;nonexistent;1.4;92.93875643788198;-35.98623849900854;1.332240676629427;5099;no
26;blue-collar;married;university.degree;no;yes;yes;telephone;jun;fri;44;2;999;0;nonexistent;1.1;93.08315179192046;-44.47055561583352;1.9252242904546075;4963;no
28;blue-collar;divorced;university.degree;no;no;no;cellular;jun;tue;140;3;999;0;nonexistent;-0.1;92.6848493800037;-37.030427715799895;1.9044154927197787;5195;no
37;admin.;married;basic.6y;no;no;no;cellular;may;mon;83;2;999;0;nonexistent;1.1;93.22909104094018;-31.862888379909034;2.743037557151969;4963;no
53;management;married;professional.course;no;no;no;telephone;may;fri;215;4;0;1;nonexistent;-1.7;93.86854376925889;-42.01560880328208;4.222816121509449;5228;no
27;admin.;divorced;basic.6y;no;no;no;cellular;may;thu;116;2;20;1;nonexistent;-0.1;92.94945921460055;-41.6707450235333;4.2072480430054044;5076;no
38;blue-collar;married;illiterate;no;no;no;cellular;jun;fri;325;6;999;0;nonexistent;-0.1;93.69591423378529;-37.64059927792029;1.2273850804607533;5099;no
50;retired;single;university.degree;no;no;no;cellular;may;thu;204;3;999;0;failure;-0.1;93.24907273971483;-35.01628952736881;4.150843455263594;5191;no
31;admin.;married;basic.4y;no;yes;no;telephone;jun;mon;413;2;999;0;nonexistent;1.4;93.81460515091406;-41.600101093585195;3.6888361193577826;5099;no
34;unknown;married;university.degree;no;no;no;cellular;may;mon;44;1;999;0;nonexistent;-0.1;92.6765637409585;-47.06025636422061;5.1;5176;no
24;technician;single;professional.course;no;no;no;cellular;aug;fri;747;1;999;0;nonexistent;1.1;93.31936733263164;-42.77400542817937;0.8162314779143519;5191;no
32;admin.;married;professional.course;no;yes;no;telephone;jun;tue;331;4;999;0;nonexistent;1.4;93.91753934424314;-44.04963480559062;4.060184928559381;5195;no
30;admin.;married;basic.6y;no;no;no;cellular;jun;mon;669;3;3;1;nonexistent;-1.7;94.11152627920147;-50.92331485891657;2.5021160058504375;5017;yes
38;blue-collar;single;illiterate;no;yes;no;telephone;aug;mon;728;2;999;0;nonexistent;1.4;93.60034566874481;-36.851280071607036;4.273739334591374;5228;no
29;admin.;married;basic.9y;no;yes;no;cellular;jun;mon;1178;6;999;0;nonexistent;-0.1;93.37280190098724;-43.474215000725394;4.195567808902294;5176;no
51;blue-collar;divorced;professional.course;no;yes;no;cellular;may;wed;26;1;999;0;nonexistent;1.1;93.52671211369687;-38.911191618889525;0.9562469365930976;5176;no
29;blue-collar;single;basic.4y;unknown;yes;no;cellular;aug;wed;139;4;999;0;failure;-0.1;93.48534234422422;-33.07575236928508;2.6793806972920144;5195;no
35;admin.;married;basic.4y;no;no;no;telephone;nov;thu;28;2;999;0;nonexistent;-0.1;94.00771906304969;-48.56943372286823;3.5618394668471773;5099;no
32;services;divorced;high.school;no;yes;no;cellular;jul;fri;175;3;999;0;failure;-0.1;93.13528246990401;-40.50993764506528;0.9954041065891747;5176;no
35;blue-collar;married;university.degree;unknown;yes;no;telephone;may;wed;188;1;999;0;nonexistent;1.4;92.8065336252638;-38.50137940499824;3.609733441826007;5191;no
67;services;married;basic.4y;no;yes;no;cellular;may;tue;89;5;999;0;failure;1.1;93.731074366693;-42.170858417458135;4.855470424316456;5099;no
31;entrepreneur;single;basic.9y;unknown;unknown;no;telephone;nov;mon;124;1;999;0;nonexistent;-1.8;93.4848437370947;-40.299043782612145;4.016677491279397;5228;no
45;admin.;single;basic.9y;no;yes;no;cellular;oct;fri;428;2;29;1;nonexistent;-1.8;93.38576757089216;-40.739848967263526;1.2854810528454508;5076;yes
28;blue-collar;single;high.school;no;yes;no;cellular;aug;thu;20;3;999;0;nonexistent;1.1;94.40635131875152;-46.33574831866875;3.7508045934166807;5195;no
51;entrepreneur;married;basic.6y;no;no;no;cellular;may;mon;282;4;999;0;failure;-1.8;93.03938686389289;-36.009238904689006;0.7619629372415337;5191;no
41;management;single;basic.4y;no;yes;no;cellular;may;mon;33;1;14;4;nonexistent;-1.8;92.51821434432412;-39.13814081364431;3.9689105950641728;5191;no
42;blue-collar;married;university.degree;no;yes;no;cellular;may;tue;55;3;999;0;nonexistent;-1.7;93.75607575886173;-42.29110626681102;4.551822446187858;5228;no
45;management;married;university.degree;no;unknown;no;cellular;may;fri;36;4;29;1;nonexistent;1.1;93.12619418368782;-43.7735100013112;5.052600903197635;5008;no
53;blue-collar;single;high.school;no;yes;no;cellular;aug;tue;185;3;999;0;success;-1.7;93.47954722477752;-45.736207037516536;1.0119374047888232;5008;yes
56;student;divorced;basic.9y;no;yes;yes;cellular;may;thu;93;3;999;0;nonexistent;-0.1;94.39277704278274;-38.85775331524873;2.5753629844271533;5099;no
53;blue-collar;single;university.degree;no;yes;no;cellular;may;thu;370;2;999;0;nonexistent;1.1;92.43568803551932;-38.651147640301986;4.599889288378295;5195;no
29;admin.;married;high.school;no;yes;no;telephone;jul;mon;133;5;999;0;nonexistent;-1.7;93.11944354705915;-37.63111030483202;3.3912974861751692;5176;no
48;entrepreneur;divorced;university.degree;no;no;no;telephone;may;thu;4;4;999;0;nonexistent;-0.1;94.01034202394615;-33.12366456086248;3.952184657266978;5228;no
38;technician;single;high.school;no;no;no;cellular;aug;fri;131;1;12;1;nonexistent;-0.1;94.14866168649405;-40.11557017956828;4.75146334946987;5008;yes
53;management;married;basic.9y;unknown;no;no;cellular;may;mon;21;1;999;0;nonexistent;-0.1;93.13222377314794;-40.694223617670005;3.3041912732679686;5076;no
19;unemployed;married;university.degree;no;yes;no;cellular;may;fri;280;4;999;0;nonexistent;-1.8;93.5158010446041;-43.683607554223144;1.4805057260033256;5191;no
42;admin.;married;basic.6y;no;yes;no;cellular;may;wed;949;3;999;0;nonexistent;1.1;93.67143411533164;-33.85292505863687;3.2433640895270157;5099;no
26;admin.;married;basic.6y;no;no;no;cellular;apr;tue;76;2;999;0;nonexistent;1.1;93.63753836412566;-32.25798138939343;5.1;5191;no
45;admin.;divorced;basic.9y;no;yes;no;telephone;may;fri;257;2;999;0;nonexistent;1.1;93.09224800420003;-47.86446424059646;4.25494226063501;5195;no
34;admin.;married;university.degree;unknown;no;no;cellular;jun;mon;446;5;2;1;nonexistent;1.1;93.46080787094283;-42.61879482753579;5.1;5099;no
29;student;divorced;high.school;no;no;no;cellular;may;fri;497;3;999;0;nonexistent;-1.8;93.18471462444148;-29.585082127437815;5.1;5099;no
21;services;married;professional.course;no;yes;no;cellular;nov;thu;318;2;999;0;nonexistent;-0.1;93.72968702968072;-49.333264257584474;0.654928906736924;5017;no
33;services;divorced;university.degree;unknown;no;yes;telephone;jul;thu;38;3;999;0;nonexistent;1.1;92.82946032795607;-43.48120549771083;3.1586474178931825;5195;no
42;unemployed;single;professional.course;no;no;no;cellular;jun;mon;296;3;999;0;nonexistent;1.4;93.14850813792678;-37.96401533586619;4.290901888990037;5195;no
44;student;married;university.degree;no;yes;no;cellular;jul;fri;1181;5;0;1;nonexistent;1.1;93.00928754240317;-32.84805170133072;3.7338855051822604;5228;no
38;housemaid;divorced;university.degree;no;yes;no;cellular;may;wed;1156;1;6;2;nonexistent;-1.8;93.5912053363631;-33.200674525326036;5.1;5228;no
36;services;divorced;high.school;unknown;no;no;telephone;may;thu;64;3;999;0;failure;-0.1;93.76307250324525;-38.5681964563147;1.4342753124077159;4963;no
45;technician;married;basic.6y;no;no;yes;cellular;may;tue;1160;4;2;1;nonexistent;-1.8;93.59659534075082;-40.410186130506155;3.959676833184981;5228;no
66;admin.;married;professional.course;no;yes;no;cellular;jul;fri;68;2;999;0;failure;1.1;94.25498033146975;-36.55527530203428;0.8882843058697697;5191;no
44;entrepreneur;married;university.degree;unknown;no;no;telephone;jul;fri;867;1;999;0;nonexistent;-1.8;93.43071037189146;-35.994118371638194;0.9999099057031671;5228;no
29;admin.;single;high.school;yes;yes;no;cellular;jul;fri;263;3;999;0;nonexistent;-0.1;93.02119960104699;-41.44349281787017;3.260622174442534;5195;no
26;admin.;single;professional.course;unknown;yes;no;telephone;aug;fri;2344;2;999;0;nonexistent;-0.1;93.15639185715679;-36.65648184610439;4.553949530304572;5008;no
37;services;married;basic.9y;no;yes;no;telephone;may;tue;319;2;17;1;success;-1.7;93.08181036826018;-41.224666362973394;0.734603138738172;5099;yes
46;retired;married;high.school;no;yes;no;cellular;nov;fri;403;3;0;2;failure;-0.1;93.34758547479886;-45.70189187318268;3.600259910420508;5195;no
32;services;married;university.degree;no;yes;yes;telephone;nov;mon;153;4;999;0;failure;-0.1;92.75863947492465;-35.04358434478868;4.96526394481417;5099;no
31;blue-collar;divorced;high.school;no;yes;no;cellular;aug;mon;442;3;28;1;failure;-1.8;93.54412486292583;-31.60623752848008;1.6258392577281524;5099;no
30;retired;single;professional.course;unknown;yes;no;cellular;nov;fri;126;2;999;0;nonexistent;-0.1;93.68457474207462;-42.88720914493073;3.0230050432766244;5228;no
29;admin.;married;professional.course;unknown;no;no;telephone;may;thu;141;6;6;1;nonexistent;-1.7;93.58889799094227;-43.489959837402296;0.9322798358585433;5191;no
46;admin.;married;high.school;no;yes;no;cellular;jul;thu;114;1;999;0;nonexistent;-0.1;94.18456904073416;-53.61382737913694;3.461223540740545;5176;no
35;technician;divorced;basic.6y;unknown;yes;no;telephone;may;fri;75;1;20;1;nonexistent;-1.7;94.39159379444438;-37.82332754567022;1.4418339498109698;5008;yes
46;entrepreneur;married;basic.6y;no;no;no;cellular;aug;fri;10;3;999;0;nonexistent;1.1;93.45115199006482;-34.826711628505215;4.5406355792377955;4963;no
35;admin.;married;professional.course;no;yes;no;cellular;mar;fri;94;4;999;0;failure;-0.1;94.04526882088224;-42.12742886362014;1.4996646368434456;5099;no
24;technician;married;university.degree;no;no;no;telephone;may;fri;9;5;999;0;nonexistent;1.1;92.8087600799576;-36.27135027276526;1.5495496172141205;5017;no
62;admin.;single;basic.4y;no;yes;no;telephone;may;wed;143;1;11;1;nonexistent;1.1;94.38484430182244;-44.59076864631077;3.4238498907519985;5195;no
35;admin.;single;high.school;unknown;yes;no;cellular;nov;mon;66;2;999;0;nonexistent;1.4;93.57192736727129;-43.39882538270145;1.1005145342762088;5017;yes
48;entrepreneur;married;university.degree;no;yes;no;cellular;jul;thu;137;1;999;0;nonexistent;-0.1;93.70223425971352;-49.51721919874894;2.2153926970559437;5008;no
38;admin.;single;professional.course;no;no;yes;telephone;may;mon;25;1;999;0;nonexistent;-1.8;93.08093425042586;-40.004401998977194;4.58004538500032;5195;no
55;admin.;married;high.school;no;yes;no;cellular;may;fri;485;1;999;0;nonexistent;1.1;93.87706780910413;-39.74626265469784;3.1336190115874967;5176;no
51;admin.;married;university.degree;unknown;no;no;cellular;aug;thu;47;3;999;0;nonexistent;-1.7;93.62946408489475;-40.67262911033244;1.9884514387114023;5228;no
58;blue-collar;married;basic.9y;unknown;yes;no;cellular;aug;mon;37;3;15;2;nonexistent;-0.1;94.00596042935754;-36.837122249835154;1.1012685425540294;5191;no
41;technician;single;university.degree;no;yes;no;cellular;apr;mon;75;1;999;0;nonexistent;1.1;93.32240294294733;-34.01434592875497;2.5970527106425463;5191;no
33;admin.;married;high.school;no;yes;no;cellular;jul;tue;116;1;999;0;nonexistent;-1.8;93.38625128334796;-41.3195801923653;4.470963087952296;5099;no
34;unknown;single;high.school;no;no;no;cellular;aug;thu;18;5;999;0;failure;-0.1;93.31488260494005;-32.42226194121256;3.135058562091503;5191;no
48;housemaid;divorced;high.school;unknown;yes;no;telephone;jul;wed;78;1;999;0;failure;1.1;94.06416155105553;-41.09262126728698;2.147789349217657;5176;no
26;blue-collar;married;high.school;no;yes;no;telephone;nov;tue;52;4;999;0;nonexistent;1.4;92.73180326432063;-41.2462083022473;3.071145913865923;5099;no
35;admin.;single;basic.9y;no;no;yes;cellular;may;mon;444;1;999;0;nonexistent;1.4;93.96516629823859;-40.69625192303534;1.7793267070298244;5099;no
33;admin.;married;university.degree;no;yes;no;telephone;jul;thu;344;1;23;1;nonexistent;-0.1;94.06123341481324;-32.07104576958031;0.6521990281069102;5176;no
29;blue-collar;married;high.school;no;no;no;telephone;nov;thu;156;2;999;0;nonexistent;1.1;94.3513297884959;-42.82639360018296;2.1239082834656653;5191;no
38;housemaid;married;high.school;no;no;no;telephone;may;mon;132;2;999;0;nonexistent;-1.8;93.820588555351;-37.14469039305661;4.566266439137798;5228;no
56;blue-collar;married;high.school;no;yes;no;cellular;jun;wed;480;1;999;0;nonexistent;-1.7;93.05516096259868;-39.864784225938664;4.3343671169239055;5008;no
44;blue-collar;married;professional.course;no;no;no;telephone;may;wed;485;1;999;0;nonexistent;1.1;93.83861925987775;-38.321570682011235;1.3417280526183906;5008;no
41;housemaid;single;professional.course;no;yes;yes;cellular;nov;mon;627;2;999;0;nonexistent;-1.7;94.39883003507016;-43.37195673452533;4.573668491400012;5228;no
32;unknown;single;high.school;no;no;no;cellular;aug;fri;24;3;999;0;nonexistent;-0.1;93.63064530080408;-45.241078182724856;2.0279214448022547;5228;no
54;blue-collar;divorced;basic.4y;no;yes;no;cellular;jul;mon;214;2;999;0;nonexistent;-1.7;93.31386562352009;-35.828420396144864;4.925045390129316;5228;no
21;student;married;university.degree;no;yes;no;cellular;nov;fri;246;2;27;1;nonexistent;1.4;94.51730678016067;-39.273866731230235;4.840921569568721;4963;no
40;admin.;married;high.school;no;yes;no;cellular;may;wed;140;1;999;0;nonexistent;1.1;92.71307071417365;-42.820485951951454;3.910149735473275;5195;no
41;admin.;single;basic.9y;no;no;no;cellular;jul;tue;3;4;999;0;failure;-1.7;93.27326343611662;-47.403308959043635;2.620634617813846;5191;no
34;blue-collar;married;basic.6y;unknown;no;yes;cellular;may;wed;11;3;999;0;nonexistent;1.1;94.28605724932105;-42.234014745553395;4.393979220507526;5195;no
49;blue-collar;married;basic.4y;no;no;no;cellular;may;tue;72;3;999;0;nonexistent;1.4;92.94563461954793;-41.86280285254081;4.461328643309199;5195;no
44;admin.;single;university.degree;no;unknown;no;telephone;aug;thu;365;2;999;0;nonexistent;-0.1;94.1769788245661;-34.511472268604734;3.847613213951325;5099;no
37;technician;married;university.degree;no;no;no;cellular;may;thu;221;4;22;2;success;-1.8;92.54199752017622;-45.653502633322866;2.239371754331732;5076;yes
41;management;married;basic.9y;no;no;no;cellular;may;thu;399;1;999;0;nonexistent;-0.1;93.91134375985507;-37.28450009670715;1.2324212652547162;5008;no
36;admin.;divorced;high.school;no;yes;yes;cellular;jul;fri;476;4;999;0;nonexistent;1.4;93.9597701695868;-34.51355442565498;5.1;5176;no
53;blue-collar;married;high.school;no;yes;no;cellular;may;wed;295;3;999;0;nonexistent;-0.1;92.91161753509063;-43.106198340843434;4.317522938332693;5228;no
44;admin.;married;university.degree;unknown;no;no;telephone;apr;fri;1638;1;999;0;nonexistent;-1.8;93.50765978892328;-47.20844417446001;3.1573086836896955;5076;no
46;unemployed;married;high.school;no;no;no;telephone;apr;mon;530;4;999;0;nonexistent;1.1;92.8122159936665;-35.01332998426418;3.540968899851685;4963;no
31;management;married;high.school;no;yes;no;cellular;apr;tue;102;4;999;0;nonexistent;-1.7;92.98179378780435;-29.863154643380895;3.7988863632187373;5099;no
38;blue-collar;married;university.degree;unknown;yes;no;cellular;sep;fri;372;2;999;0;nonexistent;1.4;93.51215547542584;-43.191833465288255;4.091165895702817;5191;no
28;admin.;divorced;university.degree;unknown;yes;no;cellular;may;mon;116;2;19;1;nonexistent;-0.1;94.42532688425656;-42.12344372837434;5.1;5099;no
48;technician;married;basic.9y;no;no;no;telephone;aug;thu;20;3;999;0;nonexistent;1.1;94.15045077451313;-43.07805921943389;4.855166204822447;5191;no
30;admin.;single;basic.6y;no;yes;yes;cellular;may;mon;404;1;1;1;nonexistent;-1.8;92.81752413324492;-42.12711901387937;1.7689864691203092;5191;no
45;technician;married;high.school;unknown;no;yes;cellular;may;wed;50;1;999;0;nonexistent;1.1;93.88196845107502;-41.19761253087109;3.007819059471833;5191;no
47;blue-collar;married;professional.course;no;yes;yes;cellular;may;mon;39;5;23;1;success;-0.1;92.84383733123067;-38.9140257559906;0.6;5008;yes
38;technician;married;basic.4y;no;yes;yes;cellular;may;fri;134;1;999;0;nonexistent;1.1;94.1946913288719;-45.499265276224975;0.7971152212586534;5008;no
31;technician;married;high.school;no;no;no;cellular;jul;thu;138;1;999;0;nonexistent;1.4;92.9100022105772;-38.28238115663184;5.1;5228;no
37;admin.;married;high.school;no;yes;no;cellular;may;fri;1602;2;999;0;nonexistent;1.4;94.01501633163133;-45.732945519683696;4.226502497336746;4963;no
32;services;married;basic.4y;no;yes;no;cellular;may;tue;266;1;999;0;nonexistent;1.4;93.2627447838451;-34.55156338941361;1.5;5176;no
18;technician;divorced;university.degree;no;yes;no;cellular;jul;mon;130;7;27;1;nonexistent;-1.7;92.51154631363542;-32.80045694201743;3.605176670481002;5176;no
58;technician;single;high.school;no;yes;yes;cellular;aug;tue;694;1;14;1;nonexistent;1.4;93.44578865143403;-36.847359609316655;4.468394921719512;5195;no
36;blue-collar;single;basic.9y;no;no;no;cellular;nov;wed;231;5;999;0;nonexistent;-0.1;93.21281899467577;-45.73742134509772;3.480469610737814;5191;no
38;unemployed;married;basic.9y;no;no;yes;cellular;jul;mon;424;2;999;0;nonexistent;1.1;93.87902877266524;-38.42758543635675;4.348100925550173;5099;no
29;blue-collar;married;university.degree;no;no;no;telephone;jun;fri;1123;4;3;1;nonexistent;1.4;93.04445019245492;-41.654389917922465;5.1;5195;no
36;admin.;married;university.degree;unknown;yes;yes;cellular;nov;fri;322;3;5;1;nonexistent;1.4;94.09755740887299;-40.86025866291611;5.1;5176;no
23;admin.;married;university.degree;no;no;yes;cellular;jun;tue;3;5;999;0;nonexistent;-1.7;94.5502665556314;-46.56976461661152;4.847113796296111;5176;no
34;technician;married;professional.course;unknown;yes;no;cellular;may;mon;93;2;999;0;nonexistent;-0.1;93.0610909500338;-39.574329333215104;4.148440576929474;5176;no
33;retired;single;unknown;no;no;no;cellular;aug;mon;469;1;999;0;nonexistent;-1.7;93.27830296850414;-37.55250202385488;3.8042655536796866;5099;no
21;admin.;single;basic.9y;no;no;yes;cellular;mar;mon;1110;3;5;1;nonexistent;-1.7;94.55187822161608;-36.694813530034786;4.806201052221979;5099;yes
44;services;married;basic.9y;no;no;no;cellular;nov;wed;110;1;29;1;nonexistent;-0.1;93.71373553183656;-36.60387078803899;4.220315722000182;5228;no
43;admin.;married;unknown;no;no;yes;cellular;aug;fri;718;6;999;0;nonexistent;-1.7;93.19942866970868;-43.26645043364672;4.247763551497896;5228;no
29;technician;single;university.degree;no;no;yes;cellular;apr;tue;40;1;999;0;nonexistent;-1.8;93.64331028024817;-40.96902197810352;1.0113272885149738;5191;no
43;admin.;married;university.degree;unknown;no;no;cellular;may;thu;12;3;999;0;nonexistent;1.1;93.23662191348016;-40.916448384313775;3.628375694219286;5176;no
43;self-employed;married;university.degree;no;no;yes;telephone;nov;mon;877;3;999;0;nonexistent;1.1;93.40443969120247;-40.31343272245404;4.801488373853452;5191;no
30;blue-collar;married;high.school;no;yes;no;telephone;aug;mon;365;3;999;0;nonexistent;1.1;93.42992452247684;-40.55568067343815;3.3191465274011303;5017;no
49;technician;divorced;professional.course;no;no;no;telephone;may;fri;420;2;999;0;success;1.1;93.5900655938434;-40.091048886804344;1.8052099608008638;5076;yes
30;blue-collar;married;high.school;no;no;no;telephone;nov;tue;129;2;999;0;nonexistent;-1.7;93.86205373909873;-39.701506851573576;0.8452877962184102;5228;no
66;technician;married;high.school;no;no;no;telephone;oct;thu;325;1;999;0;failure;-1.8;94.116118469853;-41.79602668653648;0.6;5099;no
57;blue-collar;single;university.degree;no;yes;yes;cellular;jun;tue;241;3;999;0;failure;-0.1;93.70443638271175;-39.27710099332847;4.648211373086151;5076;no
36;housemaid;married;basic.6y;unknown;yes;no;telephone;jun;fri;55;4;999;0;nonexistent;-0.1;93.19358533812841;-46.99723454388581;1.0741454868301066;5191;no
44;blue-collar;divorced;basic.9y;unknown;yes;no;telephone;jun;mon;3;4;20;2;nonexistent;-1.7;94.20272873585071;-43.41650258873573;3.7009655263659766;5176;no
40;technician;single;basic.9y;no;no;no;telephone;may;fri;117;5;999;0;nonexistent;1.4;94.08621748485979;-35.926540511663525;3.025876349071061;5195;no
38;blue-collar;married;professional.course;no;yes;no;telephone;apr;thu;317;2;999;0;nonexistent;-1.7;93.0874578315526;-40.58196653587494;1.5698731648200384;5228;no
34;admin.;married;basic.6y;no;no;no;telephone;aug;wed;407;1;999;0;nonexistent;1.1;93.63207754592031;-39.565961277611464;1.887677682006868;5191;no
39;unknown;married;basic.9y;no;yes;no;cellular;may;tue;563;1;18;1;nonexistent;-0.1;93.4810318136359;-42.967896261783395;3.2393227249634444;5195;no
40;services;married;basic.9y;no;no;no;telephone;may;tue;293;1;999;0;nonexistent;-0.1;93.30981567803738;-33.574093326012964;0.6076525971769792;5099;yes
33;technician;single;university.degree;no;yes;no;telephone;jun;mon;156;3;999;0;nonexistent;-1.8;93.71152396030969;-41.836368624003626;1.5138156208045193;5228;no
36;services;married;basic.4y;unknown;unknown;no;cellular;jun;tue;74;1;25;1;nonexistent;-1.7;94.4431112104632;-51.3407791636487;2.723220436205392;4963;yes
34;technician;single;professional.course;unknown;yes;no;cellular;jun;fri;30;3;999;0;nonexistent;-0.1;93.56166278996723;-42.988111657788956;3.2823965070945604;5228;no
57;management;single;university.degree;no;no;no;cellular;jul;fri;242;3;999;0;nonexistent;-0.1;93.01373544367397;-35.74758157297918;5.000317530658936;5195;no
53;admin.;married;professional.course;unknown;yes;yes;cellular;nov;wed;139;1;999;0;nonexistent;1.1;93.255464269745;-39.0688399611743;3.626588277827551;5195;no
56;unknown;married;university.degree;no;yes;yes;cellular;apr;wed;16;3;999;0;nonexistent;1.1;92.98462795521117;-48.08410399716074;2.8008494747565233;5176;no
36;blue-collar;married;university.degree;no;no;no;telephone;aug;mon;1197;2;17;2;success;-0.1;93.41848282652845;-41.55644218526122;1.7830800012707044;5195;yes
39;blue-collar;married;high.school;no;yes;no;cellular;nov;fri;121;3;999;0;nonexistent;1.1;93.89133210106236;-46.70721776448739;4.608437772714934;5191;no
38;student;divorced;basic.6y;no;no;no;cellular;nov;thu;114;4;999;0;success;-1.8;93.03021059263341;-43.55891542807896;2.73538178809307;5099;yes
22;blue-collar;married;basic.9y;no;no;no;cellular;jun;fri;178;2;999;0;nonexistent;-1.8;92.83803781403091;-43.561260557783285;4.962648247812809;5228;no
22;admin.;single;basic.6y;no;no;yes;telephone;jul;thu;201;2;999;0;nonexistent;-1.8;92.47456810967846;-33.46858472632698;3.0472153477127373;5076;no
29;technician;married;university.degree;no;yes;no;telephone;jul;wed;42;5;9;1;nonexistent;-1.8;92.80700132039941;-44.34745289672022;1.2770873262731366;5228;no
36;student;single;basic.9y;no;no;no;cellular;may;wed;326;1;999;0;failure;-1.7;94.25340623963434;-43.658990328344444;1.5632291556910656;5099;no
34;unknown;married;high.school;no;yes;no;cellular;may;fri;61;3;0;2;nonexistent;1.1;94.29148804700723;-47.16458445282915;0.6;5099;no
52;admin.;single;high.school;unknown;yes;no;cellular;jul;tue;37;2;999;0;nonexistent;-0.1;93.33045799241381;-47.78470178544375;4.148158641214782;5076;no
43;blue-collar;single;illiterate;no;no;no;cellular;jun;tue;93;7;999;0;nonexistent;1.1;94.12702000670177;-43.28027590396896;4.822848283181359;5099;no
47;management;married;high.school;no;no;no;telephone;jul;wed;236;2;999;0;nonexistent;1.1;93.54483636707158;-41.93001326976851;2.8096337714562196;5099;no
50;admin.;married;university.degree;no;no;no;cellular;aug;mon;605;2;999;0;nonexistent;1.4;93.26336131622989;-40.83117450254797;3.7154610719253895;5228;no
49;blue-collar;single;basic.9y;unknown;yes;no;cellular;nov;fri;298;1;999;0;nonexistent;1.4;94.52846567353741;-31.960757562915774;4.5658789478087165;5191;no
46;technician;married;university.degree;no;yes;yes;telephone;aug;wed;657;5;999;0;nonexistent;-1.7;93.41671680427376;-37.766806786343295;4.365810982898005;5176;no
48;admin.;married;university.degree;no;no;yes;telephone;jul;thu;27;5;999;0;nonexistent;-0.1;93.910087247267;-46.319993207875;3.664397152058539;5228;no
33;admin.;single;basic.9y;no;no;yes;cellular;may;wed;176;1;999;0;nonexistent;1.1;93.34228188584493;-34.615170099228706;4.2338411376674925;5099;no
43;admin.;single;professional.course;no;yes;no;cellular;jul;mon;304;2;999;0;nonexistent;-0.1;92.60920849711259;-39.40051175074304;3.598125997433929;5099;no
58;student;married;high.school;no;no;no;cellular;aug;fri;61;3;999;0;nonexistent;-1.7;93.45856281777131;-42.32352279533056;3.5074090172824457;5195;no
57;technician;married;high.school;no;yes;no;telephone;apr;mon;316;3;999;0;failure;1.4;93.5551010857008;-38.53686094900441;4.844640971319924;5195;no
44;student;married;university.degree;unknown;no;no;cellular;may;tue;139;1;11;1;nonexistent;-1.7;92.9151121902668;-42.246227419489195;2.801695539512311;5099;yes
42;blue-collar;single;professional.course;no;no;no;cellular;jul;tue;646;5;999;0;nonexistent;1.1;93.459293550155;-41.68430058299988;4.816303708189238;5191;no
35;retired;married;basic.4y;no;no;yes;cellular;jul;mon;52;2;999;0;nonexistent;-1.7;93.1384901851426;-38.91600532772942;1.5655753637310688;5195;no
28;admin.;married;university.degree;unknown;yes;no;telephone;nov;mon;119;3;999;0;nonexistent;-0.1;94.1174902468009;-36.718900610461226;3.490224592756758;5099;no
33;admin.;married;high.school;no;yes;no;cellular;jun;mon;125;2;999;0;nonexistent;1.1;93.15514018072939;-42.28083675306937;2.5567937508394554;5228;no
59;blue-collar;single;high.school;no;yes;no;cellular;may;tue;49;1;2;1;failure;-1.8;93.35336330181066;-35.27547463882315;1.2309944368334218;5191;no
30;admin.;single;basic.4y;unknown;yes;no;cellular;may;thu;160;3;999;0;nonexistent;1.1;93.32478735469063;-41.42472303415622;1.69898388263932;5176;no
29;technician;married;basic.6y;no;no;no;cellular;apr;wed;1718;3;999;0;nonexistent;-1.7;93.41772777811843;-37.107315005724374;4.099906712022963;5228;no
19;services;divorced;university.degree;unknown;no;unknown;cellular;jun;wed;106;2;999;0;nonexistent;1.4;92.84471458134902;-41.635678151924026;1.522984023910281;5176;no
31;admin.;divorced;university.degree;no;yes;no;telephone;nov;thu;649;4;999;0;failure;-1.7;93.47089267188632;-41.817367267439444;0.6;5099;yes
56;blue-collar;married;university.degree;no;no;unknown;cellular;aug;wed;3;2;999;0;nonexistent;1.1;94.27146115078658;-36.90179748659305;0.7493923970414028;4963;no
46;housemaid;married;university.degree;no;no;no;telephone;nov;fri;101;3;999;0;nonexistent;-1.7;93.4796898361073;-45.89089766834505;2.8923631031929036;5008;no
52;technician;divorced;professional.course;unknown;no;no;cellular;jun;thu;73;1;999;0;nonexistent;-1.8;94.0759170908146;-40.7767383962255;2.938881829832458;5176;no
50;technician;married;high.school;no;no;no;cellular;jun;tue;0;2;999;0;failure;-1.8;92.55875701126526;-45.339567567728245;4.737368692081741;5195;no
55;services;divorced;unknown;no;yes;yes;cellular;jul;tue;2009;1;26;1;nonexistent;1.4;92.39916689843463;-40.316685904462226;4.48508997199469;4963;no
43;self-employed;married;university.degree;unknown;yes;no;cellular;aug;tue;58;2;999;0;nonexistent;1.4;94.05139774095046;-33.12281943068684;2.965523061020126;5228;no
32;retired;married;basic.9y;unknown;no;no;cellular;jun;mon;89;2;999;0;nonexistent;-1.8;93.46543993198293;-38.40422892109373;2.642216147929717;5195;no
55;blue-collar;married;high.school;no;no;no;telephone;may;tue;25;3;999;0;nonexistent;-1.8;93.60182652076297;-38.10375587138102;3.073631831916879;5191;no
58;admin.;divorced;high.school;no;no;no;cellular;apr;wed;127;1;999;0;nonexistent;1.1;93.48712143555791;-45.034252515509365;5.1;4963;no
41;blue-collar;single;basic.9y;no;no;no;cellular;may;wed;542;7;999;0;failure;-1.8;93.88479675590699;-42.7704540006582;5.1;5191;no
40;self-employed;married;university.degree;no;yes;no;cellular;may;fri;61;4;2;1;success;-1.7;93.00228154363747;-39.720529645288586;0.6;4963;yes
30;blue-collar;single;basic.9y;no;no;no;cellular;jul;mon;404;2;999;0;failure;-1.8;93.58893034114682;-42.896276200676155;0.6;5017;yes
38;management;married;illiterate;no;yes;no;telephone;jun;tue;108;3;7;1;success;1.4;93.795198135436;-40.284305451745325;3.7050175641557628;5191;no
28;management;married;high.school;no;yes;no;cellular;aug;fri;131;2;999;0;nonexistent;-0.1;93.18081448930224;-36.67465941968101;3.151851008523301;5191;no
40;technician;married;high.school;no;yes;no;cellular;aug;tue;717;2;999;0;nonexistent;1.4;93.22885101764291;-41.3166593049671;4.108941898008461;5195;no
33;admin.;married;basic.4y;no;yes;no;cellular;may;tue;100;3;4;1;nonexistent;-0.1;92.84053282460275;-42.13456183670843;1.1204190634049525;5076;no
47;technician;single;high.school;unknown;yes;no;telephone;oct;thu;217;6;999;0;nonexistent;-0.1;93.02316566368543;-33.9156773114943;3.5588465210774034;5008;no
29;technician;married;basic.6y;no;no;no;telephone;may;mon;167;3;8;1;nonexistent;1.4;92.4814270452865;-45.10926800037135;1.7845417960998042;5191;no
36;services;married;professional.course;no;no;no;telephone;jul;tue;97;2;999;0;nonexistent;-1.7;93.8556333933916;-45.654377431709214;4.399730441544884;5191;no
34;retired;married;university.degree;no;yes;no;telephone;nov;tue;257;4;15;1;nonexistent;-0.1;92.20655533031056;-41.16932977661861;3.898405195341685;5191;no
18;admin.;married;high.school;unknown;yes;no;cellular;may;thu;34;4;999;0;success;-0.1;92.73724888832018;-43.93770407459648;4.628057259860696;5228;no
32;blue-collar;married;high.school;no;no;no;cellular;aug;thu;567;2;999;0;failure;-1.7;93.5850426775664;-35.530097687313926;1.1989564611887766;5099;yes
31;management;married;university.degree;no;yes;unknown;cellular;apr;mon;45;2;6;2;nonexistent;-1.7;93.335735144592;-38.876134667260175;0.6;5176;no
24;retired;single;basic.9y;no;yes;no;cellular;may;thu;80;1;999;0;nonexistent;-0.1;93.31672410522427;-35.7351446831981;2.699225284385595;5017;no
46;admin.;married;university.degree;no;yes;no;cellular;jul;fri;47;1;999;0;nonexistent;1.1;93.77122405917578;-34.35712010460206;4.858964410852436;5008;yes
18;blue-collar;single;basic.9y;no;yes;yes;cellular;oct;fri;155;2;999;0;nonexistent;-0.1;93.25016269043196;-37.69465441953177;1.7860469165842083;5176;no
18;technician;married;basic.9y;no;yes;no;cellular;apr;thu;250;2;999;0;nonexistent;1.1;93.56143272602732;-34.75242505772767;0.6;5176;no
42;technician;married;professional.course;unknown;yes;no;telephone;may;wed;278;2;999;0;failure;-1.7;93.61058034687704;-41.021668643385304;4.156785005625209;5176;no
42;blue-collar;married;basic.9y;no;yes;no;cellular;jul;wed;304;3;999;0;nonexistent;1.1;93.55355563776922;-40.12060307182721;3.1267755433388267;5017;no
35;services;married;high.school;no;yes;no;cellular;oct;thu;97;3;999;0;nonexistent;-1.8;93.25305958422929;-38.11811249674631;3.062693695938687;5176;no
45;blue-collar;married;unknown;unknown;yes;no;cellular;jun;fri;502;2;999;0;nonexistent;1.1;93.55792047235697;-31.968350658127097;4.562562333823656;5191;no
46;blue-collar;married;university.degree;no;yes;no;cellular;aug;mon;91;1;999;0;nonexistent;1.4;94.2555553296426;-39.03762597332377;4.7580380279028525;5176;no
49;blue-collar;divorced;professional.course;no;yes;no;cellular;may;wed;324;1;999;0;nonexistent;-1.7;93.51194001984561;-41.99987114959497;2.156531381565354;5176;no
27;admin.;married;university.degree;no;yes;no;telephone;aug;mon;235;1;999;0;nonexistent;-1.7;93.08308853545856;-40.48766320037201;4.976133642555716;4963;no
42;admin.;single;university.degree;unknown;yes;no;cellular;apr;thu;471;1;999;0;nonexistent;1.1;93.99038766740715;-47.018313466947305;4.427931517452227;5191;no
36;technician;single;professional.course;unknown;yes;no;cellular;aug;fri;39;6;999;0;nonexistent;-1.8;94.46817644024166;-44.610864130666954;2.1445355225447438;5228;no
46;blue-collar;single;basic.4y;unknown;no;no;telephone;may;fri;113;4;999;0;nonexistent;-1.8;93.01857193603252;-44.7096698772947;5.071696318671394;5191;no
55;unemployed;married;university.degree;no;yes;no;cellular;jun;wed;748;1;999;0;success;1.1;93.95832094899488;-39.63865444212228;4.073250467677607;5099;yes
40;blue-collar;married;high.school;no;no;no;cellular;jul;thu;126;2;999;0;nonexistent;1.1;92.97596620841844;-40.17006417470743;3.068770098737372;4963;no
43;services;married;professional.course;no;no;yes;telephone;aug;tue;207;4;999;0;nonexistent;-1.8;94.12005268720775;-39.647945820744624;3.300707127903627;4963;no
42;services;single;high.school;no;yes;no;telephone;mar;wed;159;5;999;0;nonexistent;1.4;93.44994066938321;-34.28086453796826;5.1;5195;no
30;management;married;high.school;no;yes;no;cellular;oct;mon;90;4;999;0;nonexistent;1.1;94.42157360009874;-40.33957629328701;3.496971455611284;5228;no
35;blue-collar;married;unknown;no;yes;no;cellular;jul;thu;60;1;999;0;nonexistent;-0.1;93.50667408404651;-37.24266341432744;2.6173225327474734;5191;yes
42;technician;married;professional.course;no;yes;no;cellular;may;mon;154;5;999;0;failure;1.1;94.25459158691054;-35.428257886759596;3.74624936110979;5195;no
48;management;divorced;basic.6y;no;yes;yes;cellular;may;tue;23;2;999;0;nonexistent;1.4;93.22739267004093;-43.27197084934512;3.8985672096962087;5176;no
54;entrepreneur;married;high.school;no;yes;no;cellular;jul;tue;300;3;999;0;nonexistent;-1.7;92.77808146421778;-44.499414842032266;5.1;5176;no
59;blue-collar;married;high.school;no;yes;yes;cellular;may;wed;236;2;999;0;nonexistent;-0.1;93.54989022338623;-41.17066391957615;3.829823450071138;5195;no
38;admin.;single;basic.6y;no;yes;no;telephone;may;mon;7;2;999;0;nonexistent;-1.8;94.26975792502161;-39.22691867800917;4.880886697834337;5076;no
40;blue-collar;married;high.school;unknown;yes;no;cellular;jun;mon;1011;3;14;2;nonexistent;-1.7;93.43433583194029;-45.49086140310884;1.932555862316316;5017;yes
34;technician;married;high.school;no;no;no;cellular;may;mon;96;1;19;1;nonexistent;-1.8;94.49910608500969;-52.47094388837423;4.949240343670198;5008;no
41;retired;single;professional.course;no;no;no;telephone;sep;tue;30;2;999;0;nonexistent;-0.1;93.63506897929334;-36.877568313425236;3.7646723853032067;5228;no
37;services;married;university.degree;unknown;no;unknown;cellular;may;mon;98;2;999;0;nonexistent;-0.1;94.71867432179587;-45.852491025334515;4.404905674927337;5191;no
45;admin.;married;high.school;no;no;no;cellular;apr;thu;465;2;999;0;nonexistent;-0.1;93.45574811837635;-44.34835074198608;1.0387415448431048;5195;no
33;admin.;married;basic.6y;no;yes;yes;cellular;jul;wed;96;1;999;0;failure;1.4;93.98833056842875;-37.698834442098004;3.622550837330815;5195;no
18;technician;single;basic.4y;no;yes;no;cellular;aug;mon;87;3;10;1;nonexistent;-1.8;93.99476926042114;-43.945251873979075;1.1023483146974509;4963;yes
22;management;divorced;basic.9y;no;yes;yes;cellular;aug;tue;241;2;999;0;failure;-1.8;93.34145244330746;-49.26416590686895;4.744752834587038;5017;no
29;technician;married;high.school;no;yes;no;telephone;may;mon;267;1;999;0;nonexistent;-0.1;93.90607710929619;-39.7799169731435;4.019223236386099;5099;no
55;blue-collar;married;high.school;no;yes;no;telephone;nov;fri;168;1;18;1;nonexistent;-1.8;93.50636271826897;-37.596130485228;1.1607896549982728;5195;no
49;admin.;married;university.degree;unknown;yes;no;telephone;may;wed;694;3;999;0;nonexistent;-1.7;94.12835283988908;-34.96412709564099;4.2733784189015855;5099;no
40;technician;married;university.degree;no;yes;no;telephone;may;wed;207;1;999;0;nonexistent;-0.1;93.69521032752361;-37.12846908425271;3.2272015915092247;5195;no
40;technician;married;university.degree;no;yes;yes;cellular;aug;thu;618;2;999;0;nonexistent;-0.1;93.05868558613497;-34.91810941972594;5.1;5195;no
31;retired;single;basic.4y;no;no;no;cellular;may;fri;6;2;999;0;nonexistent;1.4;93.4460011672617;-45.018436158011966;0.6;5228;no
33;management;married;university.degree;no;no;unknown;cellular;jun;mon;307;3;999;0;nonexistent;-0.1;93.25511253362421;-32.88599756828635;1.3322719898418167;5099;no
38;technician;single;high.school;no;yes;no;cellular;may;thu;40;4;999;0;nonexistent;-0.1;93.3165252305683;-43.75263485089008;1.0467445567279279;5228;no
30;retired;married;professional.course;no;yes;no;cellular;aug;wed;128;3;999;0;nonexistent;-1.7;93.13515346652244;-43.05557186082905;3.622788177531226;5099;no
61;admin.;single;professional.course;no;unknown;no;cellular;may;tue;793;1;999;0;nonexistent;-1.7;92.94883627202056;-40.270239921052756;3.2752323308556504;4963;no
55;admin.;single;high.school;no;yes;no;cellular;jun;fri;98;4;16;1;success;-1.8;93.27640011990906;-39.639856089073646;0.6;5099;yes
57;management;married;university.degree;no;no;no;telephone;may;tue;396;2;999;0;nonexistent;-1.8;94.3049328023325;-44.083768065149926;4.302034919575672;5099;no
32;blue-collar;married;high.school;no;yes;no;cellular;jul;wed;218;2;18;1;nonexistent;-1.8;93.20981316049381;-37.72791086474158;4.624468965274216;5228;yes
41;technician;married;university.degree;no;yes;no;telephone;jul;wed;14;3;24;1;nonexistent;-1.7;93.99584910449038;-38.90628864180124;3.0189776668542185;5008;no
58;entrepreneur;married;basic.9y;no;no;no;cellular;may;wed;527;1;999;0;nonexistent;1.1;94.13039317613648;-40.82823392946216;3.8349465359846144;5191;no
26;housemaid;single;professional.course;no;no;yes;telephone;may;wed;319;1;19;1;failure;1.4;93.55202936996602;-38.68205614674557;1.7332281654651558;5195;no
42;housemaid;single;university.degree;no;yes;no;cellular;apr;thu;599;1;999;0;nonexistent;-1.7;94.14518377368323;-42.5737124061572;3.2541206632751267;5076;no
32;blue-collar;married;university.degree;no;yes;no;cellular;nov;tue;113;3;999;0;nonexistent;-0.1;92.8143742340678;-37.72557773301835;4.7722092269603245;5195;no
40;technician;married;basic.4y;no;unknown;no;cellular;may;fri;17;1;999;0;nonexistent;-0.1;92.83382568255719;-39.96604074396432;2.0616913113414017;5228;no
59;technician;single;basic.4y;no;yes;no;cellular;jun;fri;281;1;999;0;nonexistent;-1.8;94.15786713742008;-43.05598996071405;3.2863963717495843;5017;no
49;blue-collar;married;basic.4y;unknown;yes;no;cellular;may;wed;30;2;999;0;nonexistent;1.1;93.59822957151184;-40.13493037754274;3.9403163607404994;5099;no
39;blue-collar;single;high.school;unknown;no;no;cellular;may;tue;179;2;999;0;nonexistent;-1.8;94.33824837078103;-41.49604175629251;4.220484924102395;5008;no
43;blue-collar;divorced;university.degree;unknown;yes;no;cellular;aug;wed;690;3;999;0;nonexistent;1.4;92.65445681824191;-43.13163779508703;5.062488111073689;4963;no
18;services;single;professional.course;no;yes;yes;cellular;apr;wed;790;3;999;0;nonexistent;-1.7;94.22649506927392;-37.66463511729396;1.0728202635126975;5017;no
37;technician;married;university.degree;unknown;no;yes;telephone;may;fri;113;2;999;0;nonexistent;-1.8;93.63295428210775;-40.15822652784346;4.322465804178418;5228;no
35;self-employed;married;professional.course;no;no;no;cellular;may;fri;99;1;999;0;success;-1.7;93.22514828431844;-36.902481978671155;3.9915066755342146;5176;no
37;admin.;married;university.degree;no;yes;no;cellular;apr;tue;348;1;999;0;nonexistent;-1.8;94.05798096577837;-40.11308893162303;3.0450451130394924;5195;no
33;technician;married;university.degree;no;no;no;telephone;may;thu;1244;2;2;1;nonexistent;1.1;92.69253104199298;-40.69143023906493;1.993575071565266;5195;no
42;services;married;university.degree;unknown;yes;no;cellular;may;thu;14;3;999;0;nonexistent;-1.8;92.85768021855321;-38.815842052609746;5.1;5008;no
37;admin.;divorced;high.school;no;no;no;cellular;nov;fri;41;3;999;0;nonexistent;-0.1;93.8046275368255;-39.1575396189995;5.1;5228;no
39;services;divorced;basic.4y;no;yes;no;cellular;may;tue;226;2;16;1;nonexistent;-1.7;92.33654190957074;-41.987714156703994;4.339886637007124;5228;no
41;technician;married;professional.course;unknown;yes;no;cellular;may;tue;297;4;999;0;nonexistent;1.1;93.65182828239678;-45.510334947861026;1.2296533475181808;5195;no
43;blue-collar;divorced;university.degree;no;yes;no;cellular;may;tue;108;3;13;1;nonexistent;1.1;94.27781154313739;-49.058403526942584;3.6491869108383552;5099;no
32;unknown;married;university.degree;no;yes;yes;cellular;jun;thu;629;2;999;0;nonexistent;-1.7;93.80615746481878;-37.40654130911821;3.0343090604748033;5191;no
30;blue-collar;married;basic.6y;no;yes;yes;telephone;may;mon;5;5;999;0;nonexistent;-1.7;93.43657792995718;-39.65783893762447;4.318079340467479;5176;no
42;admin.;married;basic.4y;no;yes;yes;cellular;jul;tue;772;7;7;1;nonexistent;1.1;93.53238999162531;-44.07929943478098;4.3205074722547545;5195;no
19;technician;married;basic.9y;no;no;no;cellular;jun;mon;53;2;11;1;failure;1.4;92.81739926707725;-36.97088255715389;2.3485670930532154;4963;yes
33;blue-collar;married;high.school;no;yes;no;cellular;jul;fri;141;5;999;0;nonexistent;-0.1;92.71018232433238;-45.94713096201655;1.9355410979883916;5195;no
42;admin.;single;professional.course;yes;no;yes;cellular;jun;fri;70;2;999;0;nonexistent;-0.1;93.47085450409143;-38.369599600602626;4.616453424168866;5017;yes
34;blue-collar;married;high.school;no;yes;no;cellular;may;thu;167;1;999;0;nonexistent;-1.7;92.81626333880892;-41.44021105157916;3.400683057440569;5228;no
42;management;divorced;professional.course;no;no;no;cellular;oct;tue;89;1;11;1;nonexistent;1.1;93.05182803285467;-40.53356657815254;3.430867743054558;5191;no
39;blue-collar;married;basic.9y;no;yes;no;cellular;aug;mon;22;5;28;1;nonexistent;-1.7;92.85122884805753;-41.8890631201643;0.6;5176;no
48;technician;married;basic.9y;no;no;no;telephone;may;wed;273;3;3;1;success;-1.8;94.07297702632032;-35.813641976302094;4.38841623136533;5191;no
41;admin.;married;basic.9y;unknown;yes;yes;telephone;jul;tue;81;7;999;0;nonexistent;-0.1;93.61971443587433;-36.8764328630833;2.578943156195087;5228;no
45;admin.;married;unknown;no;yes;no;telephone;jun;fri;239;1;999;0;failure;-1.8;94.15635579890093;-47.051423962206606;4.1949799420283025;5195;no
53;management;single;basic.4y;no;yes;no;telephone;jul;fri;129;4;999;0;nonexistent;-0.1;92.32720352571206;-38.33536444569223;5.1;5099;no
35;admin.;single;high.school;no;yes;yes;cellular;jul;thu;907;2;999;0;nonexistent;-0.1;93.33636704421802;-40.295716688772956;0.9004336217105363;5228;no
41;retired;married;basic.6y;no;yes;yes;telephone;may;fri;428;4;999;0;nonexistent;-1.8;94.187397892342;-40.86724092276337;3.9194179112433734;5191;no
33;blue-collar;married;basic.9y;no;yes;no;telephone;may;fri;456;3;999;0;nonexistent;1.1;94.28676203594203;-40.84794906371726;3.641395669000176;5008;no
46;admin.;divorced;basic.4y;no;yes;yes;cellular;may;tue;2145;5;999;0;nonexistent;1.1;92.96031448271151;-42.791774109324955;4.844572227821346;5191;no
35;services;married;basic.4y;no;yes;no;telephone;aug;mon;128;1;15;1;nonexistent;-0.1;93.2952412367804;-39.210008795000135;4.444844292841819;4963;no
42;admin.;married;basic.6y;no;no;no;cellular;aug;tue;55;2;999;0;nonexistent;-0.1;93.16656867666244;-45.295894118698186;4.002854037933807;5191;no
49;blue-collar;married;university.degree;no;no;yes;telephone;may;thu;494;2;999;0;success;-0.1;93.22184089054349;-33.07238318051503;3.728775296875087;5195;yes
33;admin.;married;professional.course;no;yes;no;cellular;jul;thu;748;6;999;0;nonexistent;-1.8;93.79721038744997;-42.437249455767464;4.261106391749819;5191;no
25;admin.;divorced;basic.6y;no;yes;no;telephone;jul;fri;453;4;7;1;nonexistent;-1.7;92.7462853827523;-38.41610772705449;1.4976237501422756;5176;yes
28;admin.;divorced;university.degree;no;no;yes;cellular;mar;fri;102;1;999;0;nonexistent;-1.8;93.977010149161;-42.24706166607985;0.6;5176;no
59;retired;married;basic.6y;no;no;no;telephone;jul;wed;24;3;999;0;failure;-1.8;92.57559853310126;-42.677867090830276;5.1;5228;no
34;technician;single;basic.6y;no;no;no;cellular;may;fri;62;1;999;0;nonexistent;1.4;93.54250792093805;-37.82941803622678;3.106200137725827;5228;no
52;retired;divorced;high.school;no;yes;no;cellular;aug;tue;895;2;1;1;failure;-1.8;94.40808740521301;-40.53213030923581;3.2193443419769285;5099;no
26;unknown;single;professional.course;unknown;no;no;cellular;aug;thu;611;3;4;2;failure;1.1;93.7237594828132;-40.642502227300376;5.1;5191;yes
40;technician;married;university.degree;no;no;no;cellular;jul;tue;13;5;999;0;failure;1.4;93.90713621933807;-34.36883247146174;4.332655154131165;5076;no
47;student;married;university.degree;unknown;yes;no;cellular;jul;thu;517;1;999;0;nonexistent;-0.1;92.90605319219668;-38.77090598683653;3.2946794905689267;5076;no
44;admin.;divorced;university.degree;no;no;no;cellular;aug;wed;267;1;999;0;nonexistent;1.1;93.54801201596979;-43.98879206022736;4.986601285328514;5228;no
44;admin.;married;high.school;no;unknown;no;telephone;aug;mon;328;2;999;0;nonexistent;-0.1;93.23022789940941;-42.9768345080689;1.1967362804101793;4963;no
38;technician;married;university.degree;no;no;no;cellular;may;fri;280;1;999;0;failure;1.1;93.66317848082907;-38.071534969693126;5.1;5195;no
24;admin.;married;professional.course;no;no;no;telephone;jul;mon;340;7;999;0;nonexistent;1.1;93.03300521618793;-38.058103688169275;2.315964034008264;5176;no
21;housemaid;married;university.degree;no;no;no;cellular;jul;wed;119;2;999;0;nonexistent;1.1;94.17874686168001;-39.081323212617356;5.0869631976549705;5195;no
42;technician;married;university.degree;no;yes;no;cellular;jul;tue;40;3;999;0;nonexistent;1.4;93.64849616740923;-41.0243993768774;3.040932448693792;5228;no
42;entrepreneur;married;high.school;no;no;no;cellular;nov;tue;23;3;999;0;nonexistent;-1.7;93.75213819293919;-40.84974676595881;5.1;5191;no
49;admin.;married;university.degree;no;yes;no;cellular;aug;thu;76;4;999;0;nonexistent;-1.7;93.72543764774825;-40.9396247998346;4.955328046568924;5191;no
26;services;married;professional.course;unknown;yes;no;cellular;jul;fri;26;1;999;0;nonexistent;-1.8;93.57043507718724;-31.6968839540608;5.1;5228;no
27;blue-collar;married;high.school;no;no;yes;telephone;apr;wed;30;3;999;0;nonexistent;1.4;93.83892535864238;-39.789001968164726;5.088464254006989;5176;no
42;technician;single;professional.course;no;no;no;telephone;may;fri;1293;3;15;1;nonexistent;-0.1;92.67531337970702;-35.30932725627331;4.120761451299458;5099;no
33;entrepreneur;married;basic.4y;no;yes;no;telephone;aug;mon;954;3;999;0;nonexistent;1.4;94.16873307623848;-41.55752012987979;3.2630987487705134;5099;no
36;blue-collar;married;basic.9y;no;no;no;cellular;jul;mon;371;2;999;0;nonexistent;1.4;94.01484959092593;-35.23472719253961;3.71835767970877;5076;no
26;technician;married;basic.9y;no;no;no;telephone;oct;thu;64;4;999;0;nonexistent;-1.8;93.12477307145774;-41.966863282894174;2.7910796902415047;5195;no
43;technician;married;university.degree;no;no;no;cellular;jul;thu;64;1;999;0;nonexistent;1.4;93.09533295821883;-44.799421149464564;3.463280775053032;5008;no
37;technician;married;basic.9y;no;yes;yes;cellular;jun;fri;225;3;26;1;nonexistent;1.4;93.27057454969065;-45.5370949188784;4.5406890793667465;5017;no
42;retired;married;high.school;no;yes;yes;cellular;aug;fri;275;4;999;0;nonexistent;1.4;93.61618533550971;-43.87887311290548;4.161797696939852;5008;no
48;admin.;married;professional.course;no;yes;no;telephone;may;wed;72;5;999;0;nonexistent;1.1;92.69989513735365;-42.32468796063224;4.021127887894223;5008;no
27;technician;married;basic.9y;no;yes;no;telephone;jun;wed;161;1;999;0;nonexistent;-1.8;93.11246490274196;-45.447991886926964;2.2883454446954294;5228;no
42;admin.;married;professional.course;no;yes;no;telephone;aug;wed;226;2;2;2;nonexistent;-1.7;92.86701731594742;-40.034082190764146;2.782080791313372;5099;no
30;admin.;married;basic.4y;no;yes;no;cellular;jul;tue;395;2;999;0;nonexistent;-1.7;94.37711429162621;-38.0694168590506;4.3456664905898;5099;no
49;technician;single;basic.9y;no;yes;no;telephone;nov;fri;325;3;999;0;nonexistent;-1.8;93.8416752366375;-41.56971288132328;4.503328153974915;5176;no
25;admin.;married;professional.course;no;unknown;unknown;telephone;may;fri;322;3;999;0;nonexistent;-1.7;93.42724927197428;-42.140805548476116;3.406749151962628;5195;no
35;admin.;married;high.school;no;yes;no;cellular;nov;mon;964;1;17;1;nonexistent;-0.1;93.14663433157142;-44.41515182442588;3.7732477838690244;5195;no
52;admin.;single;professional.course;no;yes;yes;telephone;dec;tue;125;3;999;0;nonexistent;-1.7;93.01603307215883;-42.08346126951784;5.1;5191;no
27;technician;married;high.school;no;no;no;cellular;jul;mon;263;1;28;1;nonexistent;-0.1;94.10296615427904;-36.74801743134011;5.1;5195;no
27;admin.;married;high.school;no;yes;no;cellular;jul;mon;378;4;999;0;nonexistent;1.1;93.12916056676536;-37.295110572448024;3.0124603506168395;5099;no
52;blue-collar;married;basic.4y;no;yes;no;telephone;nov;mon;68;2;23;1;nonexistent;-0.1;94.10598881395626;-39.026189838258766;4.132290890215396;5176;no
33;entrepreneur;married;university.degree;unknown;yes;no;cellular;aug;thu;87;6;999;0;nonexistent;1.1;91.72343867524374;-35.67358610599575;0.7567067161586412;5076;no
57;housemaid;divorced;professional.course;unknown;yes;no;cellular;jul;mon;269;6;999;0;nonexistent;1.4;93.92754479739015;-34.29421659034434;2.6788824881303013;5195;no
34;technician;divorced;university.degree;no;yes;no;telephone;jul;tue;101;2;999;0;nonexistent;-0.1;93.81530251691359;-40.01273430983325;3.9848454492742698;5228;no
42;unknown;married;university.degree;no;yes;no;cellular;may;fri;1388;1;999;0;nonexistent;1.1;93.48917416820633;-34.402397339063754;5.0741901013944615;5195;no
56;services;married;basic.9y;no;no;no;cellular;aug;fri;95;1;999;0;nonexistent;-0.1;93.7456535643351;-44.65315326293808;4.989655395420173;4963;no
18;admin.;single;university.degree;no;no;no;telephone;may;thu;166;3;999;0;nonexistent;1.1;93.15167765555466;-34.95740479227701;4.94824267630448;5076;no
31;management;single;basic.9y;no;no;no;cellular;jun;wed;1537;6;999;0;nonexistent;1.4;94.0024302994041;-42.734662394493164;3.9904122006606957;5195;no
42;services;single;professional.course;no;no;no;cellular;nov;mon;491;5;22;2;nonexistent;-1.7;94.21977841823161;-37.40575492964795;4.730310413020038;5228;no
61;entrepreneur;married;basic.6y;no;yes;no;cellular;jul;wed;42;3;999;0;nonexistent;1.4;93.06936089427813;-35.860458315784086;2.000370832036529;5228;no
42;technician;married;professional.course;no;no;no;cellular;may;fri;164;5;19;1;nonexistent;-1.8;94.07058551956948;-44.02148255165142;4.160101041225139;5228;no
21;technician;single;basic.4y;unknown;no;yes;telephone;aug;thu;406;4;999;0;nonexistent;-1.7;93.54177459755162;-41.75469877391059;3.8772723029490637;5195;no
45;blue-collar;married;university.degree;no;yes;no;telephone;may;fri;147;1;999;0;nonexistent;1.4;92.71590645510435;-36.50811971359011;5.1;5017;no
60;admin.;married;high.school;no;no;yes;cellular;aug;thu;72;2;3;2;nonexistent;1.4;94.0120136462761;-42.349927715330665;2.95148046111182;5191;no
32;technician;divorced;basic.6y;no;no;no;telephone;jun;tue;41;4;999;0;nonexistent;-1.7;93.17174939789214;-36.66155877522563;5.1;5017;no
48;unemployed;divorced;basic.9y;no;yes;no;cellular;may;fri;465;3;8;1;nonexistent;-1.7;93.5406757110733;-46.53835739049092;1.8443227381853506;4963;yes
47;admin.;single;basic.9y;no;yes;yes;cellular;nov;tue;1493;2;999;0;nonexistent;1.1;93.96578717002333;-44.34682847017084;1.763828981008237;5017;no
47;admin.;single;basic.9y;unknown;no;no;cellular;aug;fri;207;5;999;0;nonexistent;-1.8;94.05354250727657;-35.64746728813768;3.3766701334907605;5099;yes
56;blue-collar;single;illiterate;no;yes;no;cellular;jul;mon;75;2;999;0;nonexistent;-0.1;92.81725402715631;-43.74356104154397;4.2944418595318385;5228;no
53;entrepreneur;married;professional.course;no;yes;no;cellular;may;wed;837;1;999;0;nonexistent;-1.7;93.51431777461116;-38.225407819233915;3.340704854833987;5099;yes
35;technician;married;professional.course;unknown;yes;no;telephone;may;wed;84;5;28;1;failure;1.1;92.92140579093703;-34.17852458728138;3.778693246634005;5099;no
29;technician;married;basic.6y;no;no;no;cellular;may;tue;257;1;16;1;nonexistent;-1.8;93.09785649963112;-35.10151557620308;4.760903838529912;5195;no
32;entrepreneur;married;high.school;no;yes;no;telephone;aug;fri;108;2;999;0;failure;-1.8;93.93846210537917;-48.44740157123515;0.6;5228;no
41;admin.;married;basic.4y;no;no;no;telephone;aug;wed;700;1;999;0;nonexistent;1.4;94.3092774241496;-46.16155408378431;0.622181655900007;5076;no
47;unemployed;married;university.degree;no;yes;yes;telephone;aug;fri;263;1;999;0;nonexistent;1.1;92.93335224778666;-49.11286266839467;5.1;5195;no
38;student;married;university.degree;unknown;yes;no;cellular;may;fri;229;5;999;0;nonexistent;1.1;92.81349292580119;-44.1051306268422;3.330403130278611;5191;no
55;retired;married;university.degree;no;yes;yes;telephone;aug;fri;347;5;999;0;nonexistent;-0.1;93.06860432584675;-38.1115763935182;3.431252860896797;5195;no
32;blue-collar;married;university.degree;no;yes;no;cellular;jul;wed;504;2;999;0;nonexistent;-1.7;93.18337966831926;-43.90984279182909;3.2088622785884406;5099;no
50;blue-collar;married;high.school;no;no;no;cellular;aug;wed;156;2;999;0;nonexistent;-0.1;93.10597772016295;-41.895258807823474;3.6709733291487927;5195;no
56;blue-collar;single;unknown;no;no;no;telephone;nov;wed;48;4;999;0;failure;1.1;94.1875264724864;-34.943659777762846;3.482554897067338;5195;no
43;admin.;married;university.degree;no;no;no;telephone;may;wed;1205;3;999;0;nonexistent;-1.8;94.02218845331323;-41.050007983862216;3.5020532470488783;5099;yes
35;admin.;single;university.degree;no;no;no;telephone;nov;tue;255;3;999;0;nonexistent;1.1;94.60802044338573;-39.86483195703287;1.4729682435358717;5195;no
46;admin.;divorced;high.school;unknown;no;no;cellular;jul;wed;298;2;999;0;success;-1.7;93.44757536357402;-34.50933729712505;2.4523215907402793;4963;yes
42;technician;married;professional.course;unknown;yes;no;telephone;aug;fri;35;3;999;0;nonexistent;1.1;93.87301645565697;-44.61494255285802;0.6;5099;no
57;student;married;university.degree;no;yes;no;telephone;nov;fri;52;4;999;0;nonexistent;-1.7;92.91400667571143;-38.46878792755871;5.1;5195;no
18;admin.;married;basic.9y;unknown;no;no;cellular;jun;tue;1345;7;6;1;nonexistent;-1.7;93.21909807506276;-41.91255308127228;4.589072798132449;5099;no
28;services;married;high.school;no;no;yes;telephone;may;thu;52;3;999;0;nonexistent;1.1;93.183640568954;-37.86204778512959;3.8027287842254838;5099;no
44;admin.;married;basic.9y;no;yes;no;cellular;jul;wed;124;2;999;0;nonexistent;-1.8;93.67381051366608;-38.88129564599937;3.2394280172212633;5191;no
35;technician;married;basic.9y;no;yes;no;telephone;nov;wed;244;4;21;1;failure;-0.1;93.5628103870823;-35.91469361150991;4.122978832160591;4963;no
33;blue-collar;married;university.degree;unknown;no;no;cellular;may;fri;458;4;999;0;nonexistent;1.1;92.50350792954757;-44.68665373736787;4.558978311514048;5228;no
37;admin.;married;high.school;no;yes;no;cellular;apr;fri;15;2;999;0;failure;-1.7;93.8496356557196;-43.79359182632959;0.6;5008;yes
18;blue-collar;single;high.school;no;yes;yes;telephone;jul;thu;36;2;999;0;nonexistent;-1.7;93.7605313071841;-41.4173223252235;4.248812821078858;5017;no
54;management;married;unknown;no;no;no;cellular;nov;fri;44;4;9;1;nonexistent;-1.8;93.99028433762022;-37.79948930390432;5.1;5195;no
38;admin.;single;basic.9y;no;no;no;cellular;nov;tue;53;1;999;0;nonexistent;-1.7;93.36119364927954;-34.97051705555515;3.8927118983686695;5008;no
36;technician;married;university.degree;no;no;no;cellular;may;wed;150;2;999;0;nonexistent;1.4;93.68187586176117;-43.351640371172365;2.690579556166009;5008;no
30;blue-collar;married;university.degree;no;yes;no;telephone;oct;tue;126;1;999;0;nonexistent;1.1;93.74534981827992;-37.979406217070874;4.898789429913148;5017;no
58;housemaid;single;professional.course;no;no;no;cellular;jun;wed;40;5;999;0;failure;-1.7;94.58858503711028;-45.4606366923903;1.9265918953243433;5176;no
23;housemaid;single;high.school;unknown;yes;no;cellular;jul;thu;48;4;999;0;nonexistent;1.4;92.61221988924147;-35.84541852817868;2.832806390993669;5195;no
18;management;married;basic.4y;no;unknown;yes;cellular;nov;mon;899;2;10;1;nonexistent;1.1;94.08596959609886;-36.9533309638891;4.542114941821036;5228;no
34;services;married;high.school;no;yes;yes;telephone;may;thu;748;1;999;0;nonexistent;1.1;93.84212003439787;-45.05627638848723;3.4017091606898027;5099;no
38;technician;single;university.degree;unknown;yes;no;telephone;may;fri;113;2;2;1;nonexistent;-0.1;93.69816680164911;-41.12529817127418;0.6;5191;no
38;management;married;basic.9y;unknown;yes;no;telephone;nov;wed;363;3;999;0;success;1.1;93.46872883401917;-44.70309187782293;5.1;5228;no
31;unknown;married;university.degree;no;no;no;cellular;may;tue;339;4;999;0;nonexistent;-1.7;93.66208657668177;-35.031381525115044;4.058424532525423;5099;no
25;student;married;unknown;no;no;no;cellular;apr;mon;128;1;999;0;nonexistent;-0.1;93.58871656474285;-39.34930483179777;5.066616959229189;5008;no
44;retired;single;university.degree;no;yes;no;telephone;may;mon;68;2;999;0;nonexistent;1.1;93.63237027907357;-38.624446495365454;3.2172101457180986;5195;no
24;admin.;married;university.degree;no;no;no;cellular;may;thu;187;3;999;0;nonexistent;-1.8;93.10294441500561;-47.38608907525356;2.984464682929856;5176;no
34;entrepreneur;married;basic.9y;no;yes;no;cellular;jun;thu;209;1;999;0;nonexistent;-1.8;93.25633760205004;-38.36115910436844;5.1;5099;no
41;technician;divorced;university.degree;yes;no;yes;cellular;apr;tue;57;1;0;1;nonexistent;-0.1;93.55975476428549;-44.43109759272263;4.44625201084507;5176;no
35;technician;single;professional.course;no;no;no;telephone;aug;mon;321;1;999;0;failure;-0.1;92.8021083439857;-32.302274146499656;4.70933595292907;5176;no
61;technician;married;high.school;no;yes;no;telephone;oct;mon;15;4;20;1;nonexistent;-0.1;93.74293871589171;-40.32537855309373;5.1;5008;no
49;blue-collar;divorced;university.degree;no;no;yes;cellular;jul;fri;267;1;9;1;nonexistent;1.4;93.44561885142636;-37.967113577596834;3.7777481521616343;5008;no
41;admin.;married;high.school;no;no;no;telephone;nov;mon;18;4;999;0;nonexistent;-1.7;93.0684747260351;-41.476869999602215;4.860093087810134;5191;no
36;blue-collar;married;basic.9y;no;no;no;cellular;may;mon;321;2;999;0;nonexistent;1.1;93.40930703804771;-36.815929321927996;2.109745266559141;5176;no
27;services;single;basic.9y;no;no;no;cellular;mar;thu;267;3;999;0;nonexistent;-1.7;93.83842377128484;-40.36037478115666;3.1641561433741083;5195;no
65;services;married;high.school;no;no;no;telephone;jul;mon;923;1;999;0;nonexistent;-1.8;93.51373116368019;-37.9777727386623;0.6;5195;no
35;technician;married;professional.course;no;unknown;no;telephone;oct;thu;120;1;999;0;nonexistent;-1.8;93.7501148380317;-37.685557885816564;0.6;5017;no
32;retired;single;high.school;no;no;no;telephone;may;mon;30;1;2;2;nonexistent;1.1;93.5668912426002;-45.12058226582697;3.1730262087698176;5008;no
43;housemaid;divorced;basic.9y;no;yes;no;telephone;may;wed;186;1;999;0;nonexistent;1.1;93.81638903288442;-38.39041847205525;4.360229153169436;5099;no
31;admin.;single;university.degree;unknown;yes;no;cellular;jul;tue;113;2;14;1;nonexistent;1.1;94.01587213133664;-37.645946063694446;1.2770762156867252;4963;yes
47;management;married;unknown;no;no;no;cellular;may;fri;7;1;999;0;failure;-1.7;92.76733020316854;-41.542711375374104;5.1;5176;no
43;admin.;single;university.degree;no;yes;no;cellular;may;tue;979;3;999;0;nonexistent;-0.1;93.10510299885938;-31.327035308233214;3.0715103951051113;5195;no
26;entrepreneur;married;basic.4y;no;no;no;cellular;oct;thu;39;3;999;0;nonexistent;1.4;93.55640042495614;-40.54692605201135;2.4054992191168294;5099;no
49;technician;single;university.degree;no;yes;no;telephone;oct;thu;296;2;999;0;nonexistent;1.4;93.4136141959372;-36.64138950016475;4.0604126645025005;4963;no
49;blue-collar;single;basic.6y;no;unknown;no;cellular;may;fri;341;2;999;0;nonexistent;1.4;93.15939101225504;-43.596088412908706;4.790756132944953;5228;no
41;management;divorced;unknown;no;yes;no;cellular;may;mon;469;6;17;1;nonexistent;-0.1;92.34958405460686;-40.88872049958987;5.1;5191;no
37;admin.;married;university.degree;no;no;no;cellular;jul;tue;160;3;999;0;nonexistent;-0.1;94.16327003351036;-35.00794369514408;4.0432005254638845;5076;no
20;technician;single;university.degree;no;no;no;cellular;may;thu;630;3;9;1;nonexistent;-0.1;93.03706010193855;-41.27851354797992;2.6247423227784497;5176;no
39;technician;divorced;professional.course;no;yes;no;cellular;aug;mon;451;2;999;0;nonexistent;1.4;93.95586043489668;-42.70410580540499;3.797735284945098;5099;no
29;entrepreneur;married;professional.course;no;no;no;telephone;apr;tue;3;3;999;0;nonexistent;-1.7;92.96128879685743;-37.67549611680179;3.491627499095106;5099;no
48;blue-collar;married;professional.course;unknown;yes;no;cellular;apr;tue;31;1;999;0;nonexistent;-0.1;93.93519264770264;-33.75608440930096;4.417487318234177;5099;no
52;blue-collar;married;university.degree;no;yes;no;cellular;jun;thu;184;1;25;1;nonexistent;1.4;92.67994690602937;-38.68825186277991;4.091786655860036;4963;no
55;admin.;married;basic.9y;no;yes;no;cellular;aug;wed;120;1;999;0;nonexistent;1.1;93.2211780581498;-39.10158811099047;3.7925006413396036;5228;no
48;technician;single;basic.9y;unknown;no;no;cellular;jul;thu;157;2;999;0;nonexistent;1.1;92.87271597748402;-35.19882990561987;1.1715477423009524;5017;no
64;admin.;married;high.school;no;yes;no;telephone;jul;fri;27;6;21;1;nonexistent;-1.7;94.47133704235682;-44.44498316456476;4.660986763114514;5017;no
31;housemaid;divorced;professional.course;no;no;no;cellular;oct;thu;430;3;999;0;nonexistent;-1.7;93.22867456043913;-38.87529044696634;3.5619491765195646;5176;no
33;admin.;married;high.school;no;no;no;cellular;jun;tue;78;1;999;0;nonexistent;1.4;93.18888879358504;-42.75569531928292;4.002428185286217;5017;no
43;blue-collar;divorced;high.school;no;yes;yes;cellular;apr;tue;996;2;999;0;nonexistent;1.1;92.90408149216994;-35.257465759453034;4.918933913431285;5099;no
39;admin.;divorced;professional.course;no;yes;no;telephone;nov;thu;367;2;3;1;nonexistent;-0.1;93.80381132519072;-40.71224493424427;4.39778037605544;5191;no
34;blue-collar;married;university.degree;no;yes;no;cellular;mar;tue;117;1;999;0;success;-1.7;93.69268610454365;-38.36946314998695;2.0524345047270636;5191;yes
52;housemaid;married;university.degree;no;yes;no;cellular;jun;thu;15;3;999;0;nonexistent;-0.1;94.0429495039797;-42.047134914846424;1.2561072174211472;5195;no
28;unknown;single;professional.course;unknown;no;no;cellular;aug;fri;283;6;999;0;nonexistent;-1.8;93.82230636316092;-46.04336526025241;4.549617296914375;5191;no
49;blue-collar;married;basic.6y;unknown;yes;no;telephone;sep;tue;114;2;999;0;nonexistent;-1.8;93.33101856136585;-30.902113702261744;4.991417752988994;5176;no
44;retired;married;high.school;no;yes;no;cellular;oct;mon;1173;2;999;0;nonexistent;1.1;92.67710870395037;-45.486463927043815;3.5956970666040795;5176;no
26;admin.;married;high.school;no;no;no;cellular;may;wed;27;7;26;2;nonexistent;1.1;93.0967353517093;-34.97833387761346;1.1087678680475963;5191;no
43;admin.;single;unknown;no;yes;no;cellular;may;wed;199;2;999;0;nonexistent;1.1;93.64199233482236;-39.61362619213261;3.643872009023843;5176;no
23;admin.;married;university.degree;no;no;no;cellular;may;mon;48;4;999;0;nonexistent;-1.7;94.27920662318715;-35.45150332778015;1.7828526915001346;5099;yes
38;unemployed;single;professional.course;no;yes;no;cellular;nov;fri;103;4;999;0;failure;-1.8;94.39456432290073;-44.35683739162068;4.524003772557692;5176;no
39;services;married;university.degree;unknown;no;no;telephone;nov;fri;3;3;5;2;failure;1.1;92.95179934725579;-39.594678204783776;2.4915835549971623;5099;no
40;technician;married;basic.6y;no;yes;no;cellular;jun;fri;29;5;999;0;nonexistent;-0.1;93.46935944942867;-45.64301215677125;1.8883693783396542;5017;no
45;admin.;married;professional.course;no;yes;no;cellular;nov;mon;192;4;999;0;nonexistent;-1.8;93.55449683335759;-34.32780127035069;0.6716065104296554;5099;no
31;technician;married;university.degree;no;no;no;cellular;nov;thu;49;3;999;0;nonexistent;-1.7;93.61847005471265;-34.38218597143412;3.07574163617642;5228;no
24;unknown;married;professional.course;no;no;no;cellular;may;tue;18;1;999;0;failure;1.1;93.58619614508592;-43.91750089311549;4.735576131565971;4963;no
37;retired;married;basic.4y;no;yes;no;cellular;may;tue;211;1;999;0;nonexistent;1.4;93.05149187450958;-38.40397521438511;4.327314942726067;5176;no
26;unknown;single;university.degree;no;no;yes;cellular;aug;wed;5;1;999;0;nonexistent;1.1;93.44950789302581;-37.46297834606848;4.247975583452803;5228;no
33;admin.;married;professional.course;no;no;no;cellular;jun;wed;173;1;999;0;nonexistent;1.1;93.25650519301087;-37.121178232105166;3.1732772093510224;5195;no
36;technician;married;basic.6y;no;yes;yes;cellular;jun;mon;27;3;999;0;nonexistent;-1.8;93.56990541319189;-38.643787676913746;4.043331309115727;5228;no
38;blue-collar;married;basic.6y;no;no;no;cellular;may;thu;94;4;999;0;nonexistent;1.1;94.18842674457844;-38.90134182806132;3.2450761710994254;5176;no
36;blue-collar;single;high.school;no;no;no;telephone;jul;wed;486;1;999;0;nonexistent;1.1;93.48791828470796;-38.139478511920856;4.585571990756607;5099;no
38;admin.;married;professional.course;no;no;no;cellular;jul;mon;45;1;11;1;nonexistent;1.1;93.09908084917556;-42.21535030189013;0.6;4963;no
51;services;married;high.school;unknown;yes;no;cellular;may;mon;171;4;9;1;nonexistent;-1.8;94.27459972853882;-37.25691156398495;3.7843724829083536;5195;no
47;entrepreneur;married;university.degree;no;yes;no;telephone;jul;fri;5;2;999;0;nonexistent;-0.1;93.53915111959992;-40.478939144856454;0.6;5195;no
34;admin.;married;university.degree;no;yes;no;cellular;sep;mon;483;1;19;2;nonexistent;-1.8;93.48187618821548;-31.9623195853232;1.5404039123890292;5099;yes
46;technician;divorced;high.school;no;yes;no;cellular;may;tue;133;3;999;0;nonexistent;-1.8;93.58705061532473;-36.487565564917105;1.495104796329801;5008;no
53;admin.;married;basic.9y;no;yes;yes;cellular;may;fri;7;1;999;0;nonexistent;-1.8;93.66004839917106;-44.76956554065144;4.2695846162702065;5195;no
49;blue-collar;divorced;university.degree;no;no;no;telephone;may;mon;75;3;999;0;nonexistent;1.1;94.60968981712575;-38.26499856796615;3.6116079274459563;5008;yes
32;admin.;married;basic.9y;no;yes;no;telephone;jul;wed;14;1;999;0;failure;-0.1;94.70695412722331;-36.610304995201446;2.8795399520266765;5076;no
36;student;married;illiterate;unknown;yes;no;telephone;jul;mon;89;2;12;1;nonexistent;1.4;93.75730117055632;-36.20712388864853;0.6;5195;no
45;technician;married;high.school;no;no;no;cellular;jul;thu;370;1;21;2;nonexistent;1.1;93.81767313857817;-37.752846135629795;3.9027669297818295;5228;no
36;admin.;married;professional.course;yes;yes;no;cellular;nov;mon;332;1;999;0;failure;-1.8;93.37631197070763;-36.517694591783574;4.4342080167318745;5176;no
62;admin.;married;professional.course;unknown;yes;no;cellular;jun;wed;87;1;999;0;nonexistent;1.4;92.97406669128868;-37.84310267776531;3.9159740712886943;5228;no
57;management;married;university.degree;unknown;yes;no;cellular;jun;thu;22;1;999;0;nonexistent;1.1;94.18933980613481;-39.91614732099899;3.625320912242177;5228;no
33;admin.;married;university.degree;no;yes;no;cellular;aug;mon;90;2;999;0;failure;1.1;92.52811908415529;-39.06444086723289;2.9973284822861332;5191;no
39;admin.;married;basic.9y;no;yes;no;telephone;aug;fri;18;3;999;0;nonexistent;-0.1;93.48402024243553;-35.65614227778804;4.238762796338198;5176;no
34;admin.;single;high.school;no;no;no;telephone;may;tue;296;2;999;0;nonexistent;-1.8;94.06948386408108;-33.744461786560755;0.6;5076;no
55;blue-collar;married;basic.4y;no;yes;no;cellular;aug;thu;26;3;999;0;success;1.1;93.7560603287207;-36.80653592494429;5.1;5017;no
36;unemployed;single;basic.9y;no;no;no;cellular;may;wed;162;3;17;1;success;-0.1;94.02452145128761;-42.08986164559869;1.9674820466202898;5228;no
48;admin.;married;basic.9y;no;yes;yes;cellular;aug;mon;75;1;999;0;nonexistent;-0.1;93.24120779529333;-38.028272034464706;0.6;5191;no
38;blue-collar;divorced;university.degree;no;yes;no;telephone;oct;mon;1464;1;999;0;success;-0.1;93.41433217434289;-40.492991539073174;1.4253803329464785;5076;yes
46;management;single;basic.9y;unknown;yes;no;cellular;aug;thu;183;2;22;2;success;-1.7;93.8483902618968;-41.305933796267354;4.361024231814329;5195;yes
48;admin.;married;university.degree;no;no;no;telephone;may;mon;109;3;8;1;failure;-1.7;93.48730431727463;-38.76205962068706;3.4874277473837973;5195;no
54;blue-collar;married;high.school;unknown;yes;no;telephone;may;tue;673;2;5;2;failure;-0.1;93.16070566074605;-37.09700566983374;3.2574249394643155;5076;yes
43;blue-collar;married;basic.6y;no;yes;no;telephone;may;fri;297;2;999;0;nonexistent;-0.1;94.01387051418865;-36.47015007097077;4.212104861878846;5191;no
44;unemployed;single;university.degree;no;no;no;cellular;aug;tue;1386;1;8;2;failure;-1.7;93.71281887701862;-44.82643395145115;1.4532561972457625;4963;yes
41;technician;married;basic.6y;no;yes;no;cellular;may;tue;667;3;999;0;nonexistent;1.1;92.97398992717164;-38.45091403573212;2.6433505839507383;5195;no
41;blue-collar;married;high.school;no;yes;no;cellular;aug;wed;147;4;999;0;nonexistent;1.4;92.93992951273282;-33.349095179741035;0.7326496303232694;5228;no
49;blue-collar;married;basic.4y;unknown;yes;yes;cellular;may;fri;199;1;999;0;nonexistent;1.1;93.52753539592715;-49.4893399239844;1.1864935763032392;5076;no
26;blue-collar;married;basic.9y;no;yes;yes;cellular;jul;fri;4;2;999;0;nonexistent;1.1;93.24836865764458;-34.78039961659763;4.583382041335964;5191;no
36;self-employed;married;university.degree;no;no;no;cellular;jun;mon;448;4;999;0;success;1.1;93.40909602410545;-45.43320880929938;5.1;5176;no
32;management;single;basic.4y;no;no;yes;telephone;apr;fri;1054;1;999;0;nonexistent;-0.1;92.98093495091325;-42.26772649946249;3.6927640385691323;5228;no
32;admin.;divorced;professional.course;no;no;no;cellular;may;wed;37;2;25;1;nonexistent;1.4;93.9102526871384;-42.04578386745436;3.833675388004448;5099;no
51;blue-collar;married;basic.4y;no;no;yes;cellular;jun;mon;147;5;999;0;nonexistent;-0.1;94.07798571474649;-36.065179448224434;2.782045752545315;5099;no
29;entrepreneur;single;basic.9y;unknown;no;no;telephone;aug;mon;362;4;999;0;nonexistent;-1.8;92.94073555475913;-50.89712962372443;4.69881628430266;5176;no
41;management;married;high.school;no;no;no;cellular;apr;mon;30;2;23;1;nonexistent;-0.1;92.91375507835271;-35.68890432907309;4.124492339152252;5017;no
29;admin.;married;basic.6y;no;yes;no;cellular;jun;fri;30;2;21;1;nonexistent;1.1;94.14295340262251;-36.881285008660825;3.189987352585196;5076;no
42;blue-collar;married;unknown;no;no;no;telephone;jul;fri;97;5;999;0;nonexistent;1.1;93.98873036943895;-41.49098001310847;5.1;5008;no
39;technician;married;professional.course;no;yes;no;cellular;nov;wed;157;2;999;0;nonexistent;-1.7;93.12206460161728;-36.5858209679381;5.1;5191;no
32;entrepreneur;married;university.degree;no;yes;no;telephone;jul;fri;540;1;999;0;nonexistent;-1.8;93.74658991505335;-35.48067255011521;1.8439793841812864;5176;no
50;entrepreneur;single;university.degree;unknown;no;yes;telephone;may;mon;261;1;999;0;nonexistent;1.1;93.50392440839211;-39.94893742134477;1.9893356064788714;5008;no
31;admin.;single;professional.course;no;no;yes;cellular;jun;tue;945;1;999;0;nonexistent;-1.7;93.12661571848585;-44.49164367919657;1.1718702217350425;4963;yes
33;technician;married;university.degree;no;yes;no;telephone;jul;fri;327;1;999;0;nonexistent;-0.1;93.84464430533582;-40.454919277545386;3.9332250791694805;5195;no
23;unemployed;married;university.degree;no;no;no;cellular;jun;wed;1;3;999;0;nonexistent;1.4;93.4186555438288;-34.02970240184148;4.415711590030667;5017;no
37;admin.;married;university.degree;no;yes;unknown;telephone;may;fri;222;1;9;1;nonexistent;-1.7;93.62037646711671;-41.42870955746651;0.6;5228;yes
27;blue-collar;single;basic.9y;unknown;yes;no;cellular;jun;tue;315;2;999;0;nonexistent;-1.7;94.02275326551761;-46.48475665465325;4.170289244044492;5176;no
48;blue-collar;married;high.school;unknown;yes;no;telephone;sep;thu;199;1;999;0;nonexistent;1.1;92.9458585467237;-40.77837369378137;2.9109970977582647;5076;no
58;admin.;married;university.degree;no;no;yes;cellular;oct;wed;404;4;999;0;failure;-1.8;94.32802256804867;-40.60738636196399;1.6853510567642;5191;no
59;student;married;high.school;no;yes;no;cellular;jul;fri;415;3;999;0;nonexistent;1.1;93.51778401950442;-38.62708953352663;5.1;5076;no
53;services;married;basic.9y;unknown;yes;no;cellular;may;fri;163;2;999;0;nonexistent;-0.1;93.84221829537488;-48.74872516950025;3.6883748086690704;5195;no
31;services;divorced;university.degree;no;yes;no;telephone;jul;tue;151;1;17;1;nonexistent;-0.1;92.86753558815877;-38.85012430571618;4.065005329366631;5191;no
39;admin.;married;university.degree;no;no;no;cellular;may;fri;6;3;8;1;nonexistent;1.4;93.75560789096458;-32.724544405500716;1.6613063498721168;5099;no
35;blue-collar;married;basic.4y;no;yes;no;telephone;may;fri;129;1;999;0;nonexistent;-0.1;92.76676662072886;-44.215613085477855;4.989174875192802;4963;yes
29;technician;married;university.degree;no;yes;no;telephone;aug;wed;169;1;999;0;nonexistent;-1.7;93.6526213687631;-43.81067793798072;4.524457895241441;5228;no
38;technician;married;basic.4y;unknown;yes;no;cellular;dec;fri;38;3;999;0;nonexistent;-1.8;93.51986217905633;-40.17996565402889;4.936276808281543;5099;no
40;management;single;high.school;no;no;no;cellular;nov;thu;57;3;999;0;nonexistent;1.4;92.99103506741773;-47.60728200621216;3.795011731838102;4963;no
36;retired;single;basic.9y;no;no;no;telephone;jul;wed;184;3;999;0;nonexistent;1.1;93.63251324363264;-39.67500384036798;4.546855203855837;5228;no
43;management;single;high.school;no;no;no;cellular;jun;tue;113;2;999;0;nonexistent;1.1;93.06317815308553;-44.52007456246331;0.8527379015892805;5191;no
38;unemployed;married;professional.course;no;yes;unknown;cellular;nov;thu;220;1;999;0;nonexistent;1.1;93.06443849558013;-38.14005419459195;4.733970057591224;5191;no
34;technician;married;university.degree;no;yes;no;telephone;aug;tue;75;7;999;0;nonexistent;1.1;93.62076314719128;-45.349117409373804;3.22576583296379;5099;no
42;entrepreneur;married;university.degree;no;yes;no;cellular;may;mon;55;1;999;0;nonexistent;1.1;93.14662338427624;-31.225472029885207;3.9379248948000596;5176;no
48;unknown;married;high.school;unknown;yes;no;cellular;aug;tue;754;1;999;0;nonexistent;1.1;94.3335038930527;-42.23246262571763;4.796200886915364;5195;no
43;technician;married;high.school;no;no;yes;telephone;jul;wed;435;6;999;0;success;1.1;93.37066519352693;-35.725542197710155;2.971128133904074;5195;no
39;admin.;married;university.degree;no;yes;no;cellular;may;mon;5;1;999;0;nonexistent;1.1;93.39399711188976;-35.938387065349744;5.07154623857762;5099;no
42;blue-collar;single;basic.4y;no;no;no;cellular;jun;thu;265;2;999;0;nonexistent;1.4;93.81774821584072;-51.291339516542294;4.1005561509690205;5195;no
59;technician;married;high.school;no;yes;no;cellular;may;tue;554;3;999;0;nonexistent;-1.7;93.14256977632876;-34.985697874482504;5.1;5228;no
31;services;married;basic.4y;unknown;yes;no;cellular;aug;fri;5;3;999;0;nonexistent;-1.8;93.4172771124748;-42.17751999487443;3.477724672771371;5099;no
42;technician;married;high.school;no;no;yes;telephone;aug;wed;57;3;999;0;nonexistent;-1.7;93.55415758990088;-37.00585111501491;2.7497698205224412;5176;no
46;services;single;high.school;no;yes;yes;telephone;jul;mon;1528;2;999;0;nonexistent;-1.8;94.47996223669327;-32.43549293013619;4.176842627729569;5191;no
32;management;married;basic.4y;no;yes;no;cellular;jul;mon;307;5;9;1;success;-0.1;93.56585414967788;-34.48921531132475;2.29144914552018;5195;yes
37;technician;single;university.degree;unknown;yes;no;cellular;may;thu;30;2;999;0;nonexistent;-0.1;94.06774041034704;-37.67468586854287;4.736749551048177;5191;no
41;retired;single;university.degree;no;yes;no;telephone;may;thu;719;2;999;0;nonexistent;-1.8;94.1076722358615;-45.37122802604593;3.2916094912582112;5076;no
28;services;single;university.degree;no;yes;no;cellular;nov;fri;223;3;999;0;nonexistent;1.4;92.57747387920953;-37.90886417960848;2.9002935439040716;5176;no
36;management;married;university.degree;no;yes;no;telephone;jun;fri;97;3;8;1;nonexistent;-1.7;92.73144616662404;-44.14032218034126;3.9501408208787483;5076;yes
24;services;married;high.school;unknown;no;no;cellular;may;thu;417;3;999;0;nonexistent;-1.7;93.67450184307881;-41.068031167433205;4.613155192380473;5176;no
54;admin.;single;basic.9y;no;yes;no;cellular;may;thu;80;3;999;0;nonexistent;1.1;93.27918592228116;-41.284835555935665;2.561356146381293;5017;yes
20;admin.;married;high.school;unknown;yes;no;cellular;may;tue;316;1;999;0;nonexistent;1.1;93.62935610688945;-38.304749317061095;2.0176031778884713;5195;yes
35;admin.;divorced;basic.6y;no;yes;no;telephone;may;fri;889;1;999;0;nonexistent;-1.8;93.08730905402376;-42.32486184753878;3.9012358388660666;5191;no
19;admin.;married;university.degree;no;no;no;telephone;aug;wed;30;1;14;3;nonexistent;-1.8;94.6339654179446;-39.47790405273521;1.4455171003382938;4963;yes
57;admin.;divorced;university.degree;no;yes;no;telephone;may;thu;21;2;999;0;success;1.1;93.65449110185239;-37.289355916731225;5.1;5195;no
55;technician;single;university.degree;no;no;no;telephone;aug;wed;219;1;999;0;nonexistent;-1.7;93.98538267428745;-41.25046960628479;4.356156251288604;5099;no
58;admin.;married;university.degree;no;yes;no;cellular;aug;wed;342;1;999;0;nonexistent;1.1;93.97452098356824;-48.30993582904395;4.425750328400729;5099;no
37;blue-collar;single;university.degree;no;yes;no;telephone;may;mon;555;3;4;1;nonexistent;1.4;94.10937671937621;-35.83856106981787;2.228307079848786;5228;no
52;technician;single;university.degree;no;yes;no;cellular;aug;mon;801;4;999;0;success;-0.1;93.7948145573557;-39.05776002156668;0.6;5228;no
35;admin.;married;basic.9y;no;yes;no;cellular;jul;mon;1451;1;999;0;nonexistent;-0.1;93.1089303865144;-41.080165602378045;4.1815840126798385;5176;no
44;admin.;single;professional.course;no;no;yes;cellular;may;fri;468;2;999;0;nonexistent;-0.1;94.1888486662245;-39.945697031817645;0.6;5228;yes
43;retired;married;high.school;unknown;yes;no;telephone;aug;tue;51;1;21;2;nonexistent;-0.1;94.22267315066031;-35.609242774951866;4.641709011313428;5228;no
41;technician;married;basic.9y;no;no;no;cellular;may;wed;165;2;999;0;nonexistent;-1.8;93.62568522534747;-41.34127568620696;3.675534086953601;5176;no
30;blue-collar;single;high.school;unknown;yes;no;cellular;jul;fri;746;4;999;0;failure;-1.7;93.78794217474157;-45.16699479889135;1.9108444901750228;5191;yes
46;technician;married;high.school;unknown;no;no;cellular;jul;mon;73;4;5;1;nonexistent;-1.7;92.88824630938917;-42.69488544108843;0.939368717995037;5076;yes
42;blue-collar;married;basic.4y;no;yes;yes;telephone;may;fri;594;7;999;0;success;-1.7;93.91967589105263;-38.98517602617177;3.6329401886048838;4963;yes
36;unemployed;married;high.school;no;no;no;cellular;jun;fri;135;1;12;1;nonexistent;-1.8;94.22235815166994;-39.18365310003011;4.909167281709162;5191;no
51;admin.;divorced;high.school;no;yes;no;telephone;aug;wed;623;2;12;1;success;-1.7;93.72310344439374;-46.20956063544715;1.0755065823078782;5099;yes
28;services;married;professional.course;unknown;yes;no;cellular;may;fri;122;4;999;0;nonexistent;-1.7;93.25827075850614;-33.395610903908626;4.5052945912798545;5099;no
29;housemaid;single;high.school;unknown;yes;no;cellular;may;tue;63;3;999;0;failure;1.4;92.82096272177587;-28.45330439841682;0.6;5099;no
31;management;single;university.degree;no;yes;no;cellular;may;wed;31;1;1;1;nonexistent;-1.7;93.26453565193232;-33.38392793113723;4.485253502060958;5008;no
29;blue-collar;married;university.degree;no;no;no;telephone;jul;thu;8;5;999;0;nonexistent;1.1;92.8669052507744;-38.439474719639435;4.257129483132251;5017;no
34;management;married;basic.6y;no;yes;no;cellular;jun;wed;39;2;999;0;nonexistent;-1.7;94.60651366575223;-41.82032751990615;1.0395570488736077;5228;no
43;admin.;married;high.school;no;no;no;telephone;jul;fri;91;2;25;1;nonexistent;-0.1;93.6359609091338;-36.42749841108982;4.092274432175406;5099;no
31;services;single;basic.4y;unknown;yes;no;cellular;aug;tue;277;5;999;0;nonexistent;-0.1;93.87756299998514;-39.286796002574256;4.449839491362886;5099;no
46;management;married;university.degree;no;no;no;cellular;jul;fri;33;2;999;0;nonexistent;1.1;92.48902029764153;-40.86832425879475;0.9090839801936427;5176;no
53;blue-collar;married;basic.4y;unknown;yes;yes;cellular;aug;fri;20;1;999;0;nonexistent;-0.1;93.35729779689436;-42.21141058281945;3.710578991732665;5191;no
57;technician;divorced;professional.course;no;yes;no;cellular;jul;wed;249;1;28;1;nonexistent;-0.1;92.9422467572012;-44.297398016048724;3.6500342890632296;5195;no
23;technician;married;university.degree;no;yes;no;cellular;may;tue;65;1;999;0;failure;-1.7;94.05476848398322;-38.63300380278499;1.25980859206211;5176;no
48;technician;married;basic.9y;no;yes;yes;telephone;nov;mon;544;2;999;0;nonexistent;1.1;93.81839944445098;-36.84260690864299;3.747082448113157;5191;no
43;admin.;married;high.school;no;yes;no;cellular;oct;mon;225;2;999;0;nonexistent;1.1;92.13748324471966;-40.70333739212893;1.432807821342156;5099;no
35;services;single;high.school;unknown;no;yes;telephone;jun;mon;1383;1;999;0;nonexistent;-0.1;93.80787767387537;-41.131852377231255;3.7265620281473075;5228;no
38;blue-collar;single;professional.course;no;yes;no;cellular;oct;thu;91;6;20;1;nonexistent;-0.1;93.91851633178618;-37.523099670745495;2.8564124333148326;5008;yes
38;admin.;single;basic.9y;unknown;no;no;cellular;aug;tue;133;2;999;0;nonexistent;-1.7;93.0979091537642;-44.75104074179629;4.35858015463357;5099;no
49;admin.;single;university.degree;no;no;no;cellular;nov;fri;14;3;999;0;nonexistent;1.4;93.37651557633684;-43.08113139758386;1.2743402322053505;5191;no
48;retired;married;professional.course;no;no;no;cellular;aug;mon;22;5;999;0;nonexistent;-1.7;93.49457376106854;-43.94304638074323;4.150356118565821;5176;no
51;management;married;high.school;no;yes;no;cellular;jun;thu;34;2;999;0;nonexistent;-1.7;93.45776891618972;-35.48273778609133;3.0146731493950174;5099;no
32;housemaid;divorced;basic.6y;no;no;yes;cellular;jul;fri;268;3;999;0;failure;-1.7;93.47574197375549;-36.76513346912155;4.287256466440333;5195;no
39;technician;married;university.degree;no;no;no;telephone;aug;mon;129;1;17;1;nonexistent;1.1;93.82032404324234;-52.663144384980924;3.5952388890836864;5099;no
52;technician;single;basic.6y;no;unknown;no;telephone;aug;mon;47;3;999;0;failure;-1.7;93.60376294202338;-42.18154817985167;1.0466595280507107;5176;no
40;admin.;single;university.degree;no;yes;no;telephone;apr;wed;201;3;999;0;success;-0.1;93.93498987827142;-34.98168145053524;4.135293022621168;5191;no
53;blue-collar;married;professional.course;unknown;no;no;cellular;may;wed;99;1;999;0;nonexistent;-0.1;94.10822631682238;-44.07757880020823;4.614147355110426;5176;no
37;management;married;university.degree;no;yes;no;cellular;sep;fri;128;1;999;0;nonexistent;-1.8;93.74469062500258;-50.31978806356352;5.1;5099;no
53;blue-collar;married;unknown;unknown;no;no;cellular;apr;fri;380;1;999;0;nonexistent;-0.1;93.6277932564017;-36.407968272306285;5.1;5228;no
34;admin.;married;basic.4y;no;no;no;telephone;jul;tue;144;4;999;0;nonexistent;-0.1;92.5874567367081;-38.24012145610024;1.8682047114541853;5191;no
21;admin.;single;university.degree;no;no;no;telephone;may;fri;696;3;999;0;nonexistent;1.1;93.50462224002898;-43.65657587236562;4.946853926884476;5099;no
44;blue-collar;married;basic.9y;no;no;no;cellular;jul;fri;13;1;999;0;nonexistent;1.1;93.53251437110968;-43.71738775966836;1.0471250597617972;5176;no
39;entrepreneur;divorced;university.degree;no;yes;no;telephone;aug;mon;30;4;17;1;success;1.1;94.65760453927628;-40.592388694568776;1.8274780241990882;5228;yes
18;blue-collar;married;university.degree;no;no;no;cellular;aug;fri;50;2;999;0;nonexistent;-1.7;93.74677952245558;-41.49931880116051;1.842157966106873;5195;yes
35;services;married;professional.course;no;yes;no;cellular;sep;wed;51;4;29;1;nonexistent;-0.1;93.05495825920599;-40.51831488173835;3.9063076120267817;5228;no
48;blue-collar;married;university.degree;no;no;no;telephone;may;fri;85;1;999;0;failure;1.1;94.10514656910038;-31.935690283938204;4.7453281002302745;5099;no
36;management;married;basic.9y;no;yes;yes;telephone;may;tue;306;3;999;0;nonexistent;-1.8;93.95361306215374;-40.96686776967464;4.664854546758888;5191;no
52;retired;married;high.school;no;no;no;telephone;may;thu;70;2;15;1;nonexistent;-0.1;93.23728950446464;-43.593744541389505;5.1;5195;no
34;unemployed;married;professional.course;unknown;yes;no;telephone;may;wed;40;4;999;0;nonexistent;-1.7;93.20843369214302;-38.17899356367782;2.179954308918956;5176;no
35;blue-collar;married;university.degree;no;yes;yes;cellular;nov;thu;2779;4;25;2;success;-1.8;93.1557637482485;-38.50140575841348;3.603013889839991;4963;yes
24;technician;divorced;high.school;no;no;no;telephone;jun;wed;199;3;999;0;nonexistent;-1.8;92.65649433525338;-35.605731075496834;3.8080013042709253;5008;yes
56;services;single;university.degree;no;yes;yes;telephone;jul;fri;132;1;3;1;nonexistent;-0.1;94.25873523291419;-41.521918159221386;1.410495920744655;5017;no
59;technician;married;basic.9y;unknown;yes;unknown;cellular;may;tue;102;3;999;0;failure;1.4;93.52636844045026;-38.01652813609889;2.179665493977888;5195;no
55;admin.;single;professional.course;no;yes;no;telephone;jul;tue;38;1;999;0;nonexistent;-1.8;93.49858723208547;-44.96788659154719;1.802341248605198;5195;no
45;services;married;university.degree;no;yes;yes;cellular;dec;fri;248;1;999;0;nonexistent;1.4;94.22921800546665;-37.53787485710555;4.915399205574383;5191;no
26;admin.;single;basic.9y;no;yes;no;telephone;may;thu;1176;1;15;1;nonexistent;-0.1;93.37561257718886;-42.11173990305593;4.41984437132424;5099;no
40;entrepreneur;married;high.school;no;yes;yes;telephone;may;thu;285;3;999;0;nonexistent;1.4;92.98758114913254;-41.30377715902182;4.214770669042542;5176;no
23;admin.;married;professional.course;no;no;no;cellular;may;thu;299;4;999;0;nonexistent;-0.1;94.10113414347511;-38.614325327566824;3.155562697609235;5228;no
46;management;married;basic.9y;no;no;yes;cellular;nov;fri;25;1;999;0;nonexistent;-1.7;93.55076291268321;-38.37520849960454;2.8320881883237696;5017;no
32;admin.;married;basic.9y;no;no;no;cellular;may;mon;1526;2;999;0;nonexistent;1.1;93.35081958281823;-43.33399563310735;3.6923767332014514;4963;no
36;management;divorced;professional.course;no;no;no;telephone;mar;mon;429;3;8;3;success;1.1;93.41397689326259;-42.273608949419376;0.7935723302181061;5099;yes
30;admin.;married;basic.9y;no;no;yes;telephone;may;tue;30;1;24;1;nonexistent;-0.1;93.31672713239611;-40.69353200054117;3.731395429786236;5228;no
53;admin.;married;basic.9y;no;no;yes;telephone;jun;thu;351;1;999;0;nonexistent;-1.8;93.6032195852251;-34.335581039922076;4.920080160193618;5099;no
39;admin.;married;high.school;unknown;yes;yes;cellular;may;fri;10;4;999;0;nonexistent;1.1;93.02384105493545;-35.16845914093878;0.6;5195;no
57;admin.;married;professional.course;unknown;yes;no;cellular;apr;thu;134;2;999;0;failure;-1.8;93.25614589355348;-44.58262693017765;1.318506858399495;5191;no
43;admin.;divorced;basic.4y;unknown;no;no;cellular;may;fri;139;6;4;1;nonexistent;-1.7;94.40218381127158;-34.14642348158951;4.7625608437474956;5228;no
57;admin.;married;high.school;no;yes;no;cellular;oct;fri;354;3;999;0;nonexistent;-0.1;93.50558345659343;-42.95324273617988;3.898467986812347;5191;no
48;admin.;single;basic.6y;no;yes;no;cellular;may;thu;18;4;999;0;nonexistent;1.1;93.53228487337397;-38.69137951510419;1.4022392375072281;5076;no
47;blue-collar;married;basic.4y;no;yes;no;telephone;jul;mon;49;2;3;1;nonexistent;-0.1;92.68472684940922;-45.5950680472604;3.68520923708095;5099;no
32;admin.;married;high.school;no;yes;no;cellular;may;wed;159;2;20;2;success;-0.1;93.12932565764208;-39.18156995504776;0.6450975754827665;5099;yes
25;blue-collar;single;university.degree;no;yes;no;telephone;may;wed;361;2;999;0;nonexistent;-0.1;93.72540492427025;-39.01474897026904;4.483341883116968;5099;no
26;blue-collar;married;basic.6y;no;yes;no;cellular;jul;mon;503;4;999;0;nonexistent;1.1;93.81355676386129;-38.10657080801024;4.586965035715701;5176;no
40;retired;single;high.school;no;no;yes;cellular;may;fri;886;7;999;0;nonexistent;-0.1;93.36503220730752;-44.63676135929197;1.4075433265547188;5176;no
33;admin.;single;high.school;no;yes;yes;telephone;jul;tue;575;1;999;0;nonexistent;1.4;93.91962402256746;-41.772887346126375;3.707053115557247;5191;no
46;technician;married;professional.course;no;yes;no;cellular;jul;mon;1;3;999;0;nonexistent;-1.8;93.75706986104998;-47.35281952781828;4.038806480069302;5099;no
47;admin.;married;university.degree;no;yes;yes;cellular;jul;mon;778;3;999;0;nonexistent;-1.8;93.71508038980205;-35.27899002067277;1.4731177621910356;5228;no
39;blue-collar;married;university.degree;no;no;no;telephone;jun;wed;28;2;999;0;nonexistent;-1.8;93.28466060612587;-38.472856538967754;3.0631332983203468;4963;no
24;retired;single;professional.course;no;no;no;cellular;jun;fri;77;1;999;0;nonexistent;-0.1;93.8937943786884;-34.7826775147623;0.6;4963;yes
54;technician;single;high.school;no;yes;no;telephone;oct;thu;533;4;999;0;nonexistent;-0.1;94.09996482464483;-39.31908488708695;4.279775876894037;5176;yes
28;blue-collar;married;basic.9y;no;no;no;telephone;may;mon;513;2;12;1;nonexistent;-1.7;94.13050923763414;-42.29166811284251;0.6;5017;yes
51;blue-collar;married;high.school;no;yes;no;cellular;may;wed;37;6;22;1;nonexistent;1.1;93.74123385102948;-37.62739358727683;1.1637743402160903;5228;no
56;technician;single;university.degree;no;yes;no;telephone;jul;wed;30;1;999;0;nonexistent;1.4;93.54342205177628;-44.44151356760511;2.546187144753306;5017;no
39;self-employed;married;basic.6y;no;yes;no;cellular;jul;mon;284;7;999;0;nonexistent;1.4;94.01816528466792;-42.30383134061127;5.1;5176;no
29;retired;single;high.school;no;yes;no;telephone;jul;fri;421;2;25;2;failure;1.4;93.38363284096023;-40.68942387412903;5.1;5099;no
36;student;married;high.school;no;no;no;telephone;nov;tue;19;4;999;0;nonexistent;-1.7;93.43743873455277;-36.49501138036138;5.07037829396728;5195;no
69;admin.;married;basic.6y;no;no;no;cellular;aug;thu;110;3;12;1;nonexistent;-0.1;93.19262145518574;-41.92144000890656;2.5181717048714267;5099;no
45;admin.;single;university.degree;unknown;no;no;cellular;jun;fri;84;2;29;2;nonexistent;-1.7;93.57875528951494;-48.86486104292575;4.811334238240386;5195;no
41;admin.;married;university.degree;no;no;no;cellular;aug;wed;155;3;23;1;nonexistent;1.1;93.1425439662312;-40.17082661176504;5.1;5099;no
37;technician;married;high.school;no;yes;yes;telephone;may;wed;103;1;999;0;nonexistent;1.1;92.63182915585882;-35.761360678229686;5.1;5191;no
40;admin.;married;basic.4y;no;yes;no;cellular;dec;mon;3;1;999;0;failure;-1.8;94.02315049300022;-38.283880082002625;3.073528602218885;5176;no
38;services;married;university.degree;no;yes;no;cellular;nov;tue;114;5;999;0;nonexistent;1.4;94.69074927675776;-38.482728674202626;5.013085465282405;5195;no
36;unemployed;married;basic.4y;unknown;yes;no;cellular;jul;tue;231;3;28;1;nonexistent;1.4;93.0275902784083;-41.23945126432696;5.1;5008;no
48;technician;divorced;university.degree;no;yes;no;telephone;aug;tue;502;1;2;1;nonexistent;-0.1;93.76140284892682;-40.31990820917384;1.604982498503626;5008;yes
52;services;divorced;professional.course;unknown;no;no;cellular;jul;thu;556;2;999;0;nonexistent;-1.7;93.25297344712712;-41.1429360533146;0.7207251564117789;5099;no
29;admin.;married;high.school;no;no;no;cellular;may;fri;30;2;999;0;nonexistent;-1.8;94.20144345340289;-40.328708421504686;4.862922074179948;5099;no
57;retired;married;university.degree;no;no;no;cellular;may;fri;37;1;999;0;nonexistent;-1.7;92.15503748304477;-37.38760689578076;5.0430863749214;5176;no
55;entrepreneur;divorced;high.school;no;yes;no;telephone;may;wed;297;3;999;0;nonexistent;-1.8;94.34268240664137;-39.91845214131342;4.088633468539278;5099;no
41;self-employed;married;university.degree;no;yes;no;cellular;jul;thu;54;3;28;1;nonexistent;1.4;92.75651804994075;-41.079944060724884;0.6;5228;no
63;entrepreneur;married;university.degree;no;yes;yes;cellular;apr;thu;952;1;999;0;nonexistent;-1.8;93.22760429851392;-36.43072174659992;4.985497667228931;5195;no
30;blue-collar;divorced;professional.course;unknown;no;no;cellular;aug;wed;57;3;999;0;nonexistent;1.1;94.01905323319458;-36.74208888173341;3.5849529075025934;5076;no
40;technician;married;basic.4y;no;yes;no;cellular;jul;thu;6;2;999;0;nonexistent;1.1;93.77417830096194;-36.38096432982961;4.517877381231097;5099;no
54;blue-collar;single;basic.9y;no;no;no;cellular;aug;tue;195;1;999;0;nonexistent;-1.7;93.3697771622251;-33.201203756437;5.1;5099;no
38;entrepreneur;married;basic.4y;no;yes;no;telephone;may;fri;39;2;999;0;nonexistent;1.1;93.25138174016088;-37.41781148642472;2.872961522438384;5228;no
31;self-employed;married;professional.course;no;no;no;cellular;may;mon;255;1;999;0;nonexistent;-0.1;93.30015344059973;-41.117590786747314;4.9262111983754036;5191;no
41;services;married;university.degree;no;no;no;cellular;jun;wed;184;2;999;0;failure;1.4;93.48355175110441;-37.93920142295712;4.03473437574416;5195;no
48;admin.;single;basic.4y;no;no;no;cellular;may;mon;462;4;999;0;nonexistent;-0.1;92.56175141160102;-42.11413267538401;0.7409129543175098;5099;no
41;admin.;married;university.degree;unknown;no;no;cellular;jun;thu;275;4;999;0;nonexistent;1.1;93.60718736000487;-43.84534367040947;4.6114531476262615;5176;no
52;self-employed;married;high.school;no;unknown;no;cellular;nov;tue;35;1;27;1;nonexistent;-0.1;94.10388225137189;-41.51877617492366;2.063060922831786;4963;no
45;blue-collar;married;high.school;no;yes;no;cellular;may;fri;289;2;999;0;nonexistent;-1.7;93.3417935062366;-30.3442966433008;3.259984690457086;5099;no
20;services;married;high.school;unknown;no;no;cellular;may;mon;728;4;999;0;nonexistent;-1.7;92.65513323073718;-42.42782524993786;2.772644182375458;5099;no
36;retired;single;professional.course;unknown;no;no;cellular;jul;mon;198;1;999;0;nonexistent;-0.1;93.67205033541737;-32.30176112335352;0.8999400987283743;5017;no
44;services;single;university.degree;no;yes;no;telephone;may;tue;321;5;999;0;nonexistent;-1.8;92.91031436254978;-42.727069333324344;3.902662251912829;5176;no
36;unknown;married;professional.course;no;yes;no;telephone;aug;tue;738;2;999;0;nonexistent;-0.1;93.59750793064866;-38.99756693731432;4.655952329885893;5176;no
31;technician;single;high.school;no;no;unknown;telephone;jun;wed;30;2;999;0;failure;1.1;93.13268495279699;-32.21901372843314;0.6;5076;yes
45;technician;single;university.degree;no;yes;no;cellular;may;fri;182;1;999;0;nonexistent;1.1;93.4682169970232;-43.52437242484391;1.5931830200247337;5228;no
57;technician;married;professional.course;no;unknown;no;cellular;jun;tue;63;1;999;0;failure;-0.1;93.49840953910206;-44.01681025626628;4.721850087951312;4963;no
44;technician;single;high.school;no;yes;no;telephone;jul;fri;36;1;999;0;nonexistent;-0.1;93.27589622563579;-44.737255307846354;4.462370058979858;5195;no
46;management;married;professional.course;no;yes;no;telephone;aug;tue;172;3;999;0;nonexistent;1.1;93.82189579676873;-45.08151138940248;4.01048067681006;4963;no
40;housemaid;married;university.degree;no;yes;no;cellular;jul;wed;47;5;18;2;failure;1.4;93.11654520377094;-40.219743106620655;4.441516850753175;5099;no
45;self-employed;single;basic.4y;no;yes;yes;cellular;nov;mon;14;3;999;0;nonexistent;-0.1;93.0874672406038;-43.530414784766805;3.4316123550047974;5099;no
31;technician;single;university.degree;no;yes;no;cellular;nov;mon;470;1;26;1;nonexistent;-1.7;93.1005013704563;-38.79118227514726;1.5013213737059488;5076;yes
47;housemaid;married;illiterate;no;yes;yes;cellular;apr;thu;168;1;999;0;nonexistent;-1.7;92.8054591122333;-44.429046047767315;5.1;5176;no
42;admin.;single;professional.course;no;no;yes;cellular;may;wed;80;5;999;0;nonexistent;-0.1;92.66395486426059;-40.42487116007917;4.807443657069537;5176;no
43;technician;single;basic.9y;no;yes;no;cellular;aug;tue;892;2;999;0;nonexistent;-1.7;93.3125803867824;-44.028012887542474;3.9024113927250643;5008;no
49;technician;married;high.school;no;yes;no;cellular;jun;tue;84;3;999;0;failure;-1.7;93.67968576747309;-37.7113489105756;0.6;5191;no
27;admin.;married;basic.9y;unknown;yes;no;cellular;aug;wed;119;3;29;1;nonexistent;1.4;93.1703003647702;-39.52940469389736;5.1;5017;no
37;unknown;single;basic.4y;unknown;no;no;cellular;jun;wed;94;2;999;0;nonexistent;-0.1;94.28756907213631;-37.89875960096527;0.6;5191;no
45;unemployed;single;university.degree;no;no;no;telephone;aug;wed;189;2;999;0;nonexistent;1.1;93.479289866306;-40.234739228408884;5.1;5191;no
44;admin.;married;high.school;no;yes;no;cellular;jun;fri;79;1;999;0;nonexistent;-1.7;93.42214890330773;-41.3985778934155;3.575584917349461;5191;no
27;technician;married;university.degree;no;yes;no;cellular;jul;wed;597;1;24;1;nonexistent;-1.8;93.6156586337954;-38.617000042573565;3.5038301728102943;5099;no
33;admin.;married;basic.9y;unknown;unknown;no;telephone;jul;wed;495;5;999;0;nonexistent;-1.7;93.89151596490159;-44.46352878812726;0.7006720452384192;5099;no
39;blue-collar;married;high.school;unknown;no;no;cellular;jul;wed;339;3;999;0;failure;1.4;93.27641059512106;-43.050934465154796;4.525516605837041;5191;no
47;blue-collar;divorced;basic.4y;no;no;no;cellular;may;mon;717;3;999;0;success;-1.7;93.87714434071525;-35.77603676517046;2.6747947234897027;5099;yes
47;blue-collar;married;university.degree;no;yes;no;telephone;oct;wed;107;4;999;0;nonexistent;-0.1;93.24566666463811;-36.791192168046884;0.9874049074275021;4963;no
54;technician;married;university.degree;no;no;no;cellular;may;thu;381;3;999;0;nonexistent;1.1;94.21119125980329;-38.482651529638375;5.1;4963;yes
48;technician;married;high.school;no;no;no;telephone;may;thu;243;4;999;0;nonexistent;1.1;94.61299496447752;-45.30370840498594;4.127414327562288;5191;no
61;blue-collar;single;high.school;no;no;no;telephone;jun;mon;117;4;999;0;nonexistent;-0.1;93.54638687428299;-43.386428543711155;3.227830865665341;5076;no
37;technician;married;professional.course;no;no;no;telephone;may;wed;332;1;999;0;nonexistent;-1.7;93.03138208402687;-34.855373963616216;3.3202487304515804;5008;no
52;technician;single;high.school;no;yes;no;cellular;jul;fri;44;3;999;0;success;-0.1;93.57870673145928;-38.851305268795564;4.397651460106801;5228;no
25;blue-collar;divorced;basic.9y;no;no;no;cellular;oct;fri;1108;2;2;1;nonexistent;-1.7;93.92222966574433;-41.29745239618936;5.1;5228;no
45;retired;single;basic.9y;no;yes;no;cellular;sep;thu;77;4;999;0;nonexistent;-1.8;94.16643844800068;-35.75267005538521;0.6994479069268118;5195;no
40;technician;married;university.degree;no;yes;yes;telephone;may;thu;322;1;999;0;nonexistent;-1.7;93.91283340096562;-33.06602005518639;3.948100745061552;5076;no
38;blue-collar;divorced;basic.6y;no;no;no;cellular;may;mon;591;2;999;0;nonexistent;1.1;93.60191574484782;-36.23033398281491;5.1;5228;no
39;admin.;married;university.degree;no;no;no;cellular;jun;wed;211;1;999;0;nonexistent;1.1;93.72468033277727;-36.69546855043824;3.8125754161292247;5228;no
39;management;single;professional.course;no;no;no;cellular;oct;mon;70;4;999;0;nonexistent;-1.8;94.05631807645304;-40.9561672496364;4.564368673017125;5176;no
43;technician;single;high.school;no;no;yes;telephone;may;thu;458;3;999;0;success;-0.1;93.40681627245019;-36.00520963641979;1.075545736249771;5191;yes
38;admin.;married;basic.9y;no;yes;no;cellular;oct;tue;415;2;999;0;nonexistent;1.1;93.56797254951734;-33.45559699476204;3.4388170552769424;5099;no
48;retired;divorced;professional.course;unknown;no;no;cellular;may;thu;513;5;5;1;nonexistent;-1.8;93.75284117299775;-40.02172511695199;2.7929419785398606;5176;no
27;services;married;basic.6y;no;unknown;yes;cellular;jun;fri;176;3;999;0;nonexistent;-1.8;93.65229459862626;-41.90621665535569;3.8125072530923676;5191;no
43;blue-collar;single;university.degree;no;no;no;cellular;may;mon;643;1;999;0;success;-0.1;94.2696940645865;-40.055522686521776;2.9856837096262465;5228;no
43;blue-collar;married;professional.course;no;no;no;telephone;may;mon;820;3;999;0;nonexistent;-1.8;93.6262895562488;-39.45859265311836;5.1;5099;no
38;admin.;married;university.degree;no;no;no;cellular;jul;mon;117;3;999;0;nonexistent;-1.7;93.05714118715285;-45.40839210974521;3.7316765292241074;5176;no
45;admin.;single;professional.course;no;no;no;telephone;aug;fri;46;2;999;0;nonexistent;1.1;93.50628984519233;-36.039600048880665;0.6682253138568317;5099;no
23;unemployed;married;basic.4y;no;yes;no;cellular;apr;tue;86;4;999;0;nonexistent;-0.1;94.90327593804045;-39.16608780927439;2.1410092368286526;5099;no
39;unemployed;married;basic.9y;no;yes;no;telephone;nov;mon;2312;3;999;0;nonexistent;1.1;92.54453374354685;-45.50567929917016;4.943065124123285;5076;no
36;blue-collar;married;high.school;no;no;yes;cellular;jul;tue;14;4;999;0;nonexistent;-0.1;93.88266275576775;-39.94069240745525;1.0201805046547896;5191;no
47;admin.;married;university.degree;no;yes;no;cellular;aug;tue;550;2;18;1;nonexistent;1.1;93.18687712154886;-43.881832942844;1.208606941676579;4963;yes
45;blue-collar;married;basic.4y;unknown;no;no;cellular;jun;wed;166;1;999;0;nonexistent;-1.7;93.86743278875704;-43.00500293878155;4.527319875932042;5099;no
44;blue-collar;single;basic.6y;no;no;no;cellular;may;thu;341;3;999;0;nonexistent;1.1;94.35371000650511;-32.23150721418467;4.850075758198859;5099;no
46;blue-collar;single;professional.course;unknown;no;no;telephone;jul;mon;12;4;999;0;nonexistent;-1.8;93.22836927758392;-38.56612090094399;4.1809883296777945;5176;no
21;admin.;single;university.degree;no;no;no;telephone;jun;wed;903;1;999;0;nonexistent;-0.1;92.97039410344011;-41.6405210349987;4.012191256907473;5017;no
43;admin.;married;university.degree;no;no;no;telephone;oct;tue;115;3;18;1;nonexistent;-1.7;93.5892861137169;-46.87573258797325;5.012700750705776;5228;yes
53;housemaid;married;basic.4y;no;no;no;cellular;nov;fri;485;2;999;0;nonexistent;-1.7;94.33973562621897;-38.7685335684778;1.5743854897639904;5176;no
41;retired;single;university.degree;no;no;yes;telephone;may;tue;2;2;999;0;failure;-1.8;93.48446092313833;-39.87892374660811;5.1;5191;no
39;admin.;married;university.degree;no;no;no;cellular;jun;mon;33;3;999;0;nonexistent;1.4;95.05515085760901;-41.32686420623422;3.5938921023277506;5076;no
40;services;married;basic.9y;no;yes;no;cellular;may;fri;327;1;999;0;nonexistent;1.1;94.11726063117779;-42.595557821057824;3.5752692273913667;5017;no
38;admin.;married;high.school;no;no;no;telephone;jul;thu;3;3;13;2;failure;1.1;92.72532217861897;-34.9027455078284;3.4769625759325233;4963;no
41;blue-collar;married;university.degree;no;no;no;telephone;jun;wed;47;1;999;0;nonexistent;-0.1;93.69336625377467;-35.58174937672546;4.008922834648014;5099;no
36;services;single;basic.4y;no;yes;no;telephone;jul;fri;1416;1;999;0;nonexistent;-1.7;94.26771461313471;-37.59396249471602;4.202003249093055;5099;no
59;technician;married;high.school;unknown;yes;no;telephone;aug;tue;158;1;999;0;nonexistent;-1.7;92.95800888756101;-46.953490037976074;3.1394912723417487;5191;no
39;technician;single;university.degree;no;no;no;cellular;oct;wed;246;3;999;0;nonexistent;-1.7;93.81468724875816;-40.91617178111382;4.277405814331349;5008;yes
48;blue-collar;married;basic.4y;no;yes;unknown;cellular;jul;fri;246;4;999;0;nonexistent;-0.1;93.42453423796508;-34.12727959701833;4.652283349828765;5176;no
38;blue-collar;married;basic.9y;no;no;no;cellular;nov;mon;9;1;999;0;nonexistent;1.4;93.307092077744;-41.937925688997886;3.027606756165577;5176;no
39;blue-collar;married;high.school;unknown;yes;no;cellular;may;fri;1159;1;999;0;failure;-1.7;92.84648894306653;-42.839564606110336;0.6;5099;no
47;blue-collar;single;high.school;no;yes;yes;telephone;oct;wed;1235;6;999;0;nonexistent;-1.7;93.98368926222057;-43.266174854426396;4.653988582855185;5008;no
42;admin.;married;high.school;no;yes;no;cellular;jun;thu;145;1;0;4;success;1.1;93.60517327265346;-34.700359799685785;0.6478984827979435;5008;yes
40;admin.;married;high.school;no;yes;no;telephone;jun;fri;186;1;16;1;nonexistent;1.4;93.63472420425869;-45.829440244596746;2.5065464866013567;5228;no
37;admin.;single;university.degree;no;yes;no;cellular;sep;wed;33;2;999;0;success;-0.1;93.32922599908649;-40.12483019706233;0.6;5076;no
42;admin.;married;basic.6y;unknown;yes;no;cellular;jul;wed;673;2;999;0;nonexistent;-1.8;93.57485583746137;-46.48189467735397;5.1;5008;no
41;blue-collar;married;university.degree;no;yes;no;cellular;jul;mon;76;3;999;0;nonexistent;1.1;92.98810061054812;-38.55190965008592;4.551932168999302;4963;no
32;blue-collar;married;university.degree;no;yes;no;cellular;aug;tue;619;3;17;1;nonexistent;-0.1;93.74185178587673;-31.007533972687654;4.064597371337909;5191;no
44;unemployed;married;university.degree;no;no;no;cellular;jul;thu;498;3;999;0;nonexistent;-1.7;93.5414648553752;-39.99960081614318;3.798881583491418;5191;no
46;retired;married;basic.9y;no;no;no;cellular;may;wed;158;4;999;0;nonexistent;-0.1;93.91737947610144;-40.93093767085686;0.6;5195;no
50;technician;married;basic.4y;no;yes;no;cellular;aug;tue;216;1;999;0;nonexistent;1.1;93.9706022267373;-41.6718771760476;1.9758385570088568;5228;no
44;services;married;basic.9y;no;yes;no;telephone;may;wed;134;1;999;0;nonexistent;1.4;94.08596228747912;-40.53110179069612;1.9427917308462577;5008;no
39;admin.;single;high.school;no;no;no;cellular;jul;thu;324;1;999;0;nonexistent;1.1;94.08246501474578;-39.04221620960286;4.928341452755147;5176;no
29;technician;single;basic.9y;no;no;no;cellular;may;fri;6;1;9;1;failure;-0.1;93.43438732178979;-37.338778950670495;3.714362958619023;5195;yes
34;retired;single;university.degree;unknown;no;no;cellular;nov;fri;280;2;999;0;nonexistent;1.1;93.2272446406169;-41.023238022530904;3.5123553808382058;5195;no
44;admin.;married;university.degree;no;yes;no;telephone;may;thu;291;7;999;0;nonexistent;-1.7;93.94759804036646;-37.82544596433436;2.1527378286660435;5099;no
32;management;married;university.degree;no;no;no;cellular;jun;tue;33;1;17;1;nonexistent;-1.7;93.34160386231993;-40.430949355359346;1.3397889126385094;5191;no
18;blue-collar;married;professional.course;no;no;no;telephone;jun;mon;256;3;999;0;nonexistent;1.1;94.06988712194978;-36.8784506745265;1.1295592346146004;5195;no
49;admin.;married;high.school;no;no;no;cellular;may;thu;90;3;999;0;nonexistent;-1.8;92.89316783708776;-36.35989451696009;4.425865331832654;5191;no
40;admin.;married;basic.9y;no;yes;no;cellular;jul;thu;1233;3;999;0;success;-1.8;93.11461996226089;-41.88245332079982;4.481953323199745;5099;yes
38;unemployed;married;basic.9y;no;no;no;cellular;nov;tue;0;5;999;0;nonexistent;1.4;93.70992444721082;-36.92107286012012;0.7865127436948658;5195;no
34;admin.;married;basic.6y;no;yes;no;cellular;apr;thu;229;3;999;0;nonexistent;1.4;94.44399503262821;-38.081491180417395;4.108679025978828;5099;no
41;retired;single;high.school;no;yes;yes;cellular;may;mon;323;3;999;0;nonexistent;1.4;93.22926219595777;-35.255545415494865;4.705511012313589;5099;no
39;technician;married;university.degree;no;no;no;cellular;aug;tue;1430;3;999;0;nonexistent;-1.7;93.89769991046423;-36.81087519693716;3.672254243219972;5176;no
35;housemaid;married;university.degree;no;no;no;cellular;aug;thu;149;3;999;0;nonexistent;1.1;93.52882868535349;-42.30089585822322;4.720806120756423;5195;no
51;retired;married;university.degree;no;yes;no;cellular;nov;wed;46;1;999;0;nonexistent;-0.1;93.51987115834719;-30.755882507437313;4.885588278267191;5228;no
27;admin.;married;university.degree;no;yes;no;cellular;may;mon;175;2;999;0;nonexistent;-1.7;93.49972091121325;-39.253742222860524;2.0800774840922736;5191;no
21;unknown;divorced;professional.course;no;no;no;cellular;may;wed;2;1;999;0;nonexistent;1.1;94.02353395105912;-41.96795407406419;4.800823065355279;5195;no
49;blue-collar;single;high.school;no;no;no;telephone;may;mon;58;3;999;0;nonexistent;1.1;93.3954211118558;-36.32522735040518;4.5718925121841165;5176;no
42;retired;single;basic.4y;no;no;no;telephone;jun;thu;186;4;9;1;failure;-1.8;93.57184928468696;-38.134179288708296;5.1;5099;no
32;unknown;married;university.degree;unknown;yes;no;cellular;may;tue;103;3;22;1;nonexistent;1.1;94.12068565051172;-42.73037630082421;2.3827089728170705;5195;no
32;blue-collar;married;basic.6y;no;no;no;telephone;jul;thu;86;4;999;0;nonexistent;-1.8;93.89281011630004;-39.01658313606507;4.88299676605213;4963;no
39;management;married;university.degree;no;no;no;cellular;apr;tue;260;2;999;0;failure;-1.7;93.92497412410528;-31.567122939438363;5.1;5017;no
42;admin.;married;unknown;no;yes;no;telephone;mar;mon;1044;2;999;0;nonexistent;-0.1;93.69957450568927;-43.296399577148804;0.6;5191;no
49;technician;married;university.degree;unknown;no;no;cellular;aug;fri;310;1;10;1;failure;1.1;93.18734490846454;-43.27428045997397;3.613016113309997;5228;no
45;blue-collar;married;university.degree;unknown;yes;yes;cellular;mar;wed;163;2;999;0;nonexistent;-1.7;93.24686126445398;-31.64780270960945;5.1;5228;no
36;blue-collar;married;professional.course;unknown;yes;yes;telephone;may;fri;131;3;999;0;nonexistent;1.4;94.32533347914688;-44.904762335433716;3.4586085284165744;5099;no
39;admin.;single;high.school;no;no;yes;cellular;jul;mon;392;4;999;0;nonexistent;-1.8;93.4165861899867;-44.18050193706746;3.6666205499396383;5195;no
45;admin.;single;basic.6y;no;yes;no;telephone;jun;tue;9;2;999;0;nonexistent;-1.7;92.90790853236511;-40.05615394958626;4.335958815758238;5191;no
55;unemployed;divorced;university.degree;unknown;no;unknown;cellular;aug;wed;277;1;999;0;nonexistent;-1.7;93.76381027278146;-39.833770925518195;3.5608390318775514;4963;no
42;technician;married;professional.course;no;yes;no;cellular;jul;mon;103;3;999;0;nonexistent;-1.8;93.67158158276706;-33.21394384835665;2.447021589187281;5076;yes
42;admin.;single;basic.9y;no;yes;no;telephone;oct;wed;333;2;999;0;nonexistent;1.1;92.77263914896349;-32.997448140938836;2.328982501482453;5191;no
35;technician;divorced;basic.4y;no;yes;no;telephone;may;fri;321;1;999;0;nonexistent;-0.1;92.91126537031774;-32.21623439374311;4.488506678165344;5099;no
38;management;single;university.degree;no;yes;no;telephone;nov;mon;216;2;999;0;nonexistent;-0.1;93.24181673268849;-35.450503474456355;4.427585970397205;5191;no
43;retired;single;basic.4y;no;yes;no;cellular;may;fri;108;2;999;0;nonexistent;-1.7;92.91240600554383;-43.3477965174106;2.2238047264523932;5191;no
40;management;single;university.degree;no;yes;yes;cellular;apr;tue;955;3;6;1;nonexistent;-1.8;93.13085852755103;-44.92690780073438;5.1;5076;no
40;admin.;married;basic.4y;no;yes;no;cellular;may;thu;92;1;999;0;nonexistent;-1.7;92.90965371958953;-39.51450876467666;3.776377966837077;5076;no
27;housemaid;single;basic.6y;unknown;yes;no;telephone;may;mon;632;5;999;0;nonexistent;-1.8;94.66593325452574;-42.936589829208;3.1884060748222036;5176;no
41;technician;divorced;university.degree;no;yes;no;telephone;jul;fri;176;4;10;1;nonexistent;-1.8;94.1961334456698;-42.620882012386346;4.870375073581949;5176;no
52;services;married;high.school;no;no;no;telephone;may;fri;204;1;999;0;nonexistent;-1.8;93.41642856560057;-42.08279275994003;1.794451950197553;5099;no
53;blue-collar;divorced;basic.4y;no;unknown;no;cellular;may;thu;120;4;999;0;nonexistent;-1.7;93.3702677458768;-38.829800314469644;3.9314586096769992;5176;no
53;services;married;high.school;no;yes;no;cellular;apr;tue;7;3;999;0;nonexistent;-0.1;93.71675300582196;-35.23604081514362;3.3521378479490913;5176;no
27;technician;single;university.degree;no;yes;yes;cellular;jul;mon;192;3;999;0;nonexistent;1.4;93.45821872302857;-44.73127049142446;4.743209544629466;5099;no
49;admin.;married;university.degree;no;no;no;cellular;may;tue;236;3;14;1;nonexistent;-1.7;93.82001336692096;-39.19815922173635;3.6828055068499936;5195;no
48;self-employed;divorced;basic.9y;no;no;no;cellular;aug;wed;229;1;999;0;nonexistent;1.1;93.31444733197128;-32.29244914211776;4.17196664935777;5176;no
60;services;married;university.degree;no;no;no;telephone;aug;thu;318;1;999;0;nonexistent;1.1;93.75097615201467;-47.710519833198276;4.184397547286028;5076;no
44;blue-collar;single;university.degree;no;yes;yes;telephone;jun;tue;40;1;6;1;nonexistent;-1.7;93.44855566661461;-34.63465220700944;4.346848495931129;5176;no
43;technician;married;university.degree;no;yes;no;cellular;apr;fri;395;1;999;0;nonexistent;1.1;92.8945720065391;-49.82156438670575;4.729310801375719;5228;no
42;entrepreneur;single;basic.9y;no;yes;yes;telephone;nov;thu;473;3;999;0;nonexistent;-0.1;93.84329245884618;-42.19954519852172;4.005743702484623;5191;no
62;technician;married;basic.4y;no;no;yes;telephone;jun;mon;2;2;999;0;nonexistent;-0.1;93.59809255396266;-45.11031761660077;3.6068579344907663;5191;no
38;blue-collar;divorced;basic.4y;no;no;no;telephone;may;mon;648;2;999;0;nonexistent;-0.1;93.56080541015389;-39.740181912636295;1.6957376274775506;5195;yes
51;services;married;professional.course;unknown;yes;no;cellular;jul;tue;511;7;999;0;nonexistent;1.1;93.63427667763477;-37.220533920854685;4.282103703494136;5228;no
36;blue-collar;divorced;high.school;no;no;no;cellular;nov;fri;191;4;999;0;nonexistent;-1.8;92.89594021026561;-36.52377825991652;4.074400767505577;5228;no
39;technician;married;university.degree;no;yes;no;cellular;may;fri;114;1;999;0;nonexistent;1.4;94.27156414476492;-43.90867104624848;3.6316217359032064;5228;no
38;blue-collar;single;basic.9y;unknown;no;no;telephone;may;tue;52;1;20;1;nonexistent;-1.8;94.27321037144189;-42.14985461461885;4.250041969722029;5176;no
32;admin.;married;basic.4y;no;yes;no;telephone;jul;wed;113;2;999;0;nonexistent;-1.7;93.20173586867668;-41.76556738539482;4.884786138091909;5176;no
50;admin.;married;professional.course;no;no;no;cellular;jul;wed;410;1;999;0;nonexistent;-1.7;93.78007795199322;-44.23438680491901;1.6937219258580083;5017;no
54;technician;single;basic.4y;no;yes;no;cellular;aug;tue;29;4;999;0;nonexistent;1.4;93.70336885632588;-44.12951936579256;0.932682728030782;5195;no
52;admin.;married;basic.9y;no;yes;no;telephone;nov;fri;314;5;999;0;nonexistent;1.4;93.1079942796533;-33.350557658247084;0.8843979547852264;5176;no
42;technician;single;basic.4y;no;no;yes;cellular;aug;mon;60;2;999;0;nonexistent;-1.7;94.14832961587076;-42.44056199189722;4.968820169918742;5076;no
54;housemaid;married;basic.9y;no;no;no;cellular;may;mon;297;2;1;1;nonexistent;-1.7;94.44145542632818;-41.02472057344271;5.1;5008;no
27;blue-collar;married;university.degree;no;no;no;telephone;may;fri;178;1;999;0;nonexistent;-1.7;93.21217874432298;-29.19236077391371;1.9979419036222104;5017;yes
53;entrepreneur;divorced;university.degree;no;no;no;telephone;nov;thu;100;1;999;0;nonexistent;1.4;93.52153568437188;-33.35638207912333;5.1;5191;no
52;housemaid;married;high.school;unknown;yes;no;cellular;oct;thu;81;1;999;0;nonexistent;1.4;93.41562372353181;-43.449481393832755;1.6464811135063036;5008;no
50;technician;married;university.degree;no;yes;no;cellular;jul;thu;291;5;999;0;nonexistent;-1.7;94.11046078135098;-41.092228644384505;5.1;5017;no
45;technician;married;basic.9y;no;no;no;cellular;jul;tue;135;3;999;0;success;-1.8;94.20888480284884;-47.984279887129695;1.2144334382189401;5017;yes
49;services;single;university.degree;yes;yes;no;telephone;oct;wed;152;2;999;0;nonexistent;-0.1;92.79690604489171;-36.84681349282036;5.1;4963;no
42;admin.;married;high.school;no;yes;no;telephone;jun;tue;175;2;999;0;nonexistent;-1.8;92.57488862812698;-34.97502672894002;1.0294020789465874;5099;no
44;technician;married;professional.course;yes;yes;unknown;telephone;may;thu;29;4;14;1;nonexistent;-1.8;93.49896398910923;-40.02392213225689;3.952087418591729;5099;no
39;technician;single;university.degree;no;yes;no;telephone;jun;thu;335;4;999;0;nonexistent;-0.1;93.75213366464669;-40.355549211310375;2.484846322684452;4963;no
38;admin.;single;basic.9y;no;no;no;cellular;aug;fri;39;1;23;1;nonexistent;-1.7;93.32049505957579;-36.78716507378647;2.9703598762216856;5099;no
31;services;single;high.school;no;yes;no;telephone;may;mon;484;2;999;0;nonexistent;-1.8;93.58838259549948;-33.82609222960968;2.790021863393072;5176;no
26;retired;married;professional.course;no;yes;no;telephone;jul;fri;51;2;7;1;failure;-0.1;93.60011064691786;-34.84167320280042;4.6081233544325695;5195;no
60;admin.;single;basic.4y;no;no;no;cellular;may;tue;238;5;999;0;failure;1.4;93.32646245581934;-39.77427383408415;4.990769877882686;5191;no
33;admin.;married;high.school;no;no;no;telephone;may;tue;60;3;999;0;nonexistent;1.1;93.72140596758149;-36.17399710115447;4.686062002272883;5176;no
32;technician;married;illiterate;no;yes;no;cellular;may;tue;613;2;999;0;nonexistent;1.1;93.5063705991927;-41.860361073782634;3.196819508657182;5099;no
52;admin.;married;university.degree;no;yes;yes;cellular;aug;thu;66;3;999;0;nonexistent;-0.1;93.57370491334513;-34.68496121880415;4.584150996057634;5076;no
65;admin.;married;basic.6y;no;yes;no;telephone;jul;wed;248;4;999;0;nonexistent;-1.7;93.46726860257556;-47.365148646394914;3.4078368210370367;5191;no
52;blue-collar;married;high.school;no;no;no;cellular;aug;mon;146;2;999;0;failure;-1.8;94.18833575346014;-50.17310281267815;4.526122166578932;5099;no
45;technician;single;basic.4y;no;no;no;telephone;aug;wed;386;4;999;0;success;1.1;93.7037139057344;-37.7446602223688;1.8537279910814184;5017;yes
32;management;divorced;professional.course;no;no;no;telephone;may;thu;66;4;999;0;nonexistent;1.1;93.31811920523916;-41.48460825507989;4.493973482668015;5176;no
55;blue-collar;single;high.school;no;yes;no;cellular;apr;wed;211;4;999;0;failure;-1.7;93.73838531954453;-46.70661709669786;1.8671511639716645;5228;no
41;admin.;single;basic.9y;no;yes;no;cellular;jul;fri;306;2;4;1;nonexistent;-0.1;93.49527433190991;-41.36049142586772;4.080010022917804;5176;no
23;blue-collar;divorced;university.degree;unknown;yes;no;cellular;may;fri;70;2;999;0;nonexistent;-1.7;93.79681672814355;-43.305503688571775;4.026680542956508;5176;yes
37;technician;married;basic.9y;no;yes;no;cellular;may;fri;92;1;24;1;nonexistent;1.1;93.86888411894117;-42.67412004578232;1.5140462700666255;5099;no
50;services;married;high.school;unknown;no;no;cellular;nov;wed;118;1;999;0;nonexistent;-0.1;93.8767524184279;-39.513392676938956;3.1258871329610067;5099;no
32;services;married;university.degree;no;yes;no;cellular;sep;fri;283;1;999;0;nonexistent;-1.7;94.25641395864919;-38.236588527071476;3.877639139506306;5099;no
48;technician;married;university.degree;no;yes;no;cellular;nov;wed;110;1;999;0;nonexistent;1.4;93.62561698271847;-33.63144393310315;3.947893464207948;5228;no
30;blue-collar;married;university.degree;no;no;no;telephone;nov;tue;208;6;999;0;nonexistent;-1.7;93.91214886376838;-39.14785095602901;0.6;5008;no
32;technician;married;basic.9y;no;yes;no;telephone;oct;wed;43;4;999;0;failure;-1.7;93.50378866387588;-46.10878563078996;0.9906726027440573;5195;no
48;services;single;high.school;no;no;no;cellular;aug;tue;30;3;999;0;nonexistent;1.1;93.58385690633969;-41.59488511629308;3.0157367041413674;5191;no
33;self-employed;single;basic.4y;no;yes;no;telephone;may;wed;492;2;999;0;success;-0.1;93.57018747646272;-54.88531157701343;0.6;5008;yes
48;admin.;married;basic.9y;no;yes;no;cellular;jun;tue;149;1;999;0;nonexistent;1.4;93.38596867920089;-36.50780829057179;5.1;5191;no
23;technician;married;high.school;no;yes;no;cellular;may;wed;76;2;999;0;nonexistent;1.4;93.43965314588931;-41.50888072381464;2.5942014207489525;5195;no
35;technician;single;basic.9y;unknown;yes;no;cellular;may;tue;12;2;2;1;nonexistent;1.1;93.25919537967029;-37.261972127586716;4.6930968550982755;5099;no
48;admin.;married;basic.4y;no;yes;no;telephone;aug;fri;359;5;999;0;nonexistent;1.1;93.99125140153076;-37.37779304872236;3.9011522553618536;5099;no
60;technician;single;basic.4y;unknown;no;no;cellular;may;tue;60;4;999;0;nonexistent;-1.8;93.4359616290549;-39.44857737133809;4.3280979853307615;5228;no
52;management;married;high.school;no;no;no;telephone;jun;mon;171;4;999;0;failure;1.1;93.82730694418048;-36.606510957902174;5.1;5191;no
39;retired;married;basic.9y;no;yes;no;telephone;may;mon;696;7;999;0;nonexistent;1.1;93.54502373512227;-41.062512027800125;0.8480653254920161;5099;no
50;services;married;high.school;unknown;yes;no;cellular;may;mon;1513;2;999;0;nonexistent;-0.1;93.09949094277898;-35.903450639023546;4.700310404404616;5228;no
40;student;married;professional.course;no;no;no;cellular;jul;tue;1448;1;18;2;failure;-0.1;93.02574521273185;-44.58781853828911;0.9251623718800855;5176;yes
51;retired;single;university.degree;no;yes;no;telephone;nov;thu;106;2;999;0;nonexistent;1.4;94.184298614761;-35.66879853083253;4.1124990641973564;5017;no
49;blue-collar;married;high.school;yes;yes;yes;telephone;may;thu;11;2;999;0;nonexistent;-1.7;93.09861326634308;-38.131728122290475;4.01345976172771;4963;no
63;entrepreneur;married;basic.4y;no;yes;no;cellular;jul;wed;303;2;5;1;success;-1.7;92.98048378239781;-42.50525490398573;0.6976218744294239;5008;yes
48;admin.;married;high.school;unknown;no;no;telephone;oct;fri;6;3;4;1;nonexistent;-1.7;93.8181677126966;-40.21096528001349;2.1726372190661545;5076;no
35;services;married;basic.4y;no;no;no;cellular;may;thu;1469;1;999;0;nonexistent;1.4;92.64482976818705;-46.4018871398857;0.7333867071759096;5191;no
43;admin.;married;professional.course;unknown;yes;no;cellular;may;thu;4;6;999;0;nonexistent;-1.7;92.94443318519278;-49.42516105145117;4.2595799787448705;5176;no
32;student;married;basic.9y;unknown;yes;no;cellular;jul;wed;356;2;3;1;nonexistent;1.1;93.16612510469527;-40.10433129245228;4.3542272028707965;4963;no
30;services;married;university.degree;no;yes;yes;cellular;may;wed;30;2;999;0;nonexistent;1.4;94.15577156550225;-39.57194850221655;3.0258115394719836;5191;no
38;management;married;university.degree;unknown;yes;yes;telephone;may;thu;30;1;999;0;failure;1.4;93.64994642010737;-37.101274231406286;0.6;5191;no
41;technician;single;high.school;no;no;no;cellular;may;tue;1451;3;999;0;nonexistent;-1.8;94.29359234648244;-37.64988852560783;0.6;5228;no
36;blue-collar;single;university.degree;no;yes;yes;cellular;may;thu;188;3;999;0;failure;-1.7;93.8441024959518;-38.69311991788128;2.1020205305286757;5195;no
23;blue-collar;single;basic.9y;unknown;no;no;cellular;jun;wed;75;1;999;0;nonexistent;-1.7;93.60620603486137;-33.85908772590743;2.7570521152826934;5008;no
25;blue-collar;single;professional.course;no;yes;no;telephone;aug;wed;113;5;999;0;nonexistent;-1.8;93.97042812514057;-36.384040344605154;1.9895588537972346;5195;no
44;retired;married;basic.4y;no;yes;no;telephone;apr;fri;67;2;999;0;nonexistent;-0.1;94.08616411874644;-39.60917117464144;3.929441266691338;5191;no
26;admin.;single;university.degree;unknown;yes;yes;cellular;oct;fri;30;2;999;0;success;-0.1;94.71934217675442;-40.04545451820343;1.6135697419273412;5008;yes
47;entrepreneur;married;university.degree;no;yes;no;cellular;may;fri;897;5;999;0;nonexistent;-0.1;92.80165811406675;-33.03927643453879;2.895579140308391;5176;no
55;management;divorced;university.degree;unknown;yes;yes;telephone;jun;wed;150;3;28;1;nonexistent;-1.7;92.91953464910175;-39.29382224401892;4.6450166869071134;5195;no
35;blue-collar;married;high.school;no;yes;no;cellular;sep;thu;48;1;999;0;nonexistent;-0.1;93.30253065402779;-38.899011803649756;4.91237607138795;5195;no
37;services;single;university.degree;unknown;no;no;cellular;aug;thu;806;2;999;0;nonexistent;-1.8;94.34177394641951;-38.949040543788904;2.0437654373056695;5191;no
47;retired;married;high.school;no;yes;no;telephone;nov;tue;89;4;28;1;nonexistent;-0.1;93.64884926464138;-36.095947464515355;0.6;5099;yes
37;admin.;married;high.school;no;no;no;telephone;oct;mon;38;2;999;0;nonexistent;-1.7;93.26079226113895;-43.20948038263115;1.9471204189934186;5176;no
31;blue-collar;single;basic.4y;no;yes;no;cellular;may;thu;116;2;999;0;nonexistent;1.4;94.03597471402031;-39.724068803921895;1.558244903090085;5191;no
36;student;single;university.degree;no;yes;no;cellular;oct;tue;98;2;14;1;nonexistent;-0.1;93.14612296626555;-44.900100274376015;1.5728752079309836;5176;no
36;blue-collar;married;basic.6y;no;yes;no;telephone;jun;thu;3;1;3;1;nonexistent;-0.1;94.48317021014981;-43.02894944415026;5.093980201267295;5176;no
47;services;divorced;basic.9y;no;no;no;cellular;jul;thu;258;1;999;0;nonexistent;1.1;93.75361690190765;-42.98705102431352;4.334474060328626;5195;no
32;admin.;single;basic.6y;no;no;no;cellular;may;thu;254;6;15;5;nonexistent;-0.1;94.01919878221783;-44.249859341843504;1.5560791671539183;4963;yes
49;blue-collar;married;professional.course;no;no;no;cellular;jul;mon;93;2;999;0;nonexistent;-1.8;93.56217928656771;-44.419912318832104;5.1;5195;no
48;retired;married;university.degree;unknown;no;no;cellular;apr;mon;306;1;999;0;failure;1.1;93.24370800840214;-37.46776905512405;2.096846351108423;5176;no
30;blue-collar;married;basic.4y;no;no;no;cellular;aug;fri;82;6;999;0;nonexistent;1.1;93.77191113827347;-41.01186464836232;4.937630321123497;4963;no
50;self-employed;married;basic.4y;no;yes;no;cellular;may;fri;62;2;999;0;nonexistent;1.4;93.63469622584147;-44.59873610305718;3.554754253526173;5176;no
18;admin.;married;unknown;no;no;unknown;cellular;jun;thu;316;5;999;0;nonexistent;1.1;93.56120715994295;-41.35331990213084;4.970095696342403;5228;no
31;technician;married;university.degree;no;yes;yes;cellular;jul;thu;1462;2;20;3;nonexistent;-1.7;93.21656682867398;-38.42532988649923;4.568985982310998;5195;no
26;retired;married;professional.course;no;yes;no;telephone;aug;fri;411;4;999;0;nonexistent;1.4;94.62472838579815;-40.00394436949052;4.720516502693711;5076;no
52;blue-collar;married;university.degree;no;yes;no;telephone;may;fri;178;1;999;0;nonexistent;1.1;93.50581293081466;-37.658127808978854;5.1;5195;no
44;blue-collar;single;professional.course;no;yes;no;cellular;may;fri;243;4;16;1;nonexistent;1.4;93.24220429857291;-46.47631241750627;4.486846278694553;5099;no
37;admin.;single;high.school;unknown;yes;no;cellular;aug;wed;325;7;999;0;nonexistent;1.4;93.68704931230569;-34.33587113237833;0.7436746886438631;5195;no
48;blue-collar;married;basic.6y;no;yes;no;cellular;may;thu;10;2;4;2;nonexistent;-0.1;94.17936575155828;-39.13577481797705;2.355036444126112;5008;no
39;management;married;university.degree;no;yes;no;telephone;jul;wed;269;2;999;0;failure;-1.8;94.88173666844278;-43.54262199772038;0.9313321291990048;5228;no
63;admin.;married;basic.9y;no;no;no;cellular;may;mon;455;4;10;1;nonexistent;-1.7;92.20139788392166;-43.50971122289941;0.6;5099;no
51;technician;single;university.degree;no;no;no;cellular;aug;fri;802;3;999;0;nonexistent;-1.8;93.72652335236018;-35.8097870915057;4.422095472146023;5191;no
55;admin.;divorced;basic.4y;no;yes;no;cellular;oct;mon;71;3;999;0;nonexistent;-1.7;94.18898346570496;-47.233533556566286;1.645058936989527;5195;no
29;admin.;married;professional.course;unknown;no;no;telephone;apr;wed;15;5;999;0;nonexistent;-1.7;92.63524838601262;-38.91987214088103;4.967607887808835;5191;no
60;admin.;married;high.school;no;yes;yes;telephone;jul;mon;239;1;5;1;nonexistent;1.4;93.6185661552856;-52.698575012432265;4.8922917601736975;5176;no
33;technician;married;high.school;no;yes;no;cellular;aug;wed;142;3;999;0;nonexistent;1.4;93.87255973230137;-47.00171204560053;4.1503294068347225;5228;no
23;management;single;illiterate;unknown;yes;yes;telephone;may;mon;552;1;999;0;nonexistent;1.1;93.69518249758741;-45.544317659844;2.8401619392702218;5195;no
35;admin.;married;high.school;no;yes;no;cellular;may;tue;36;4;15;1;failure;-1.8;93.10217787345574;-46.354411219346986;1.494858550256841;4963;no
49;technician;married;university.degree;no;yes;no;cellular;aug;wed;167;3;999;0;nonexistent;-0.1;93.97860651913814;-41.07631010896071;1.8930815153308371;5176;no
38;services;single;basic.6y;unknown;no;no;cellular;aug;mon;710;2;999;0;nonexistent;1.1;92.61772501386355;-40.823380012619396;4.456994220223235;5099;no
41;entrepreneur;single;unknown;no;yes;no;cellular;jul;wed;232;2;25;1;nonexistent;-1.7;92.88214211070559;-44.55336262047902;3.9632608381014243;4963;no
30;admin.;single;basic.9y;no;no;no;cellular;aug;tue;230;4;999;0;nonexistent;-1.8;93.6340369082452;-44.48026943303581;4.628668921973729;5195;no
41;admin.;single;high.school;no;yes;no;cellular;nov;thu;230;5;999;0;nonexistent;1.4;93.5828971572229;-34.49295298443918;4.676589007009019;5195;no
44;technician;single;basic.4y;unknown;yes;no;cellular;jun;tue;272;4;999;0;success;1.1;94.15963253095562;-39.7601650637341;1.4740470168965358;5099;yes
39;blue-collar;married;illiterate;no;no;no;cellular;may;mon;345;1;999;0;nonexistent;1.1;92.86656621971737;-43.923717117183486;2.25368105313566;5228;no
38;technician;single;illiterate;no;yes;no;cellular;aug;mon;14;2;999;0;nonexistent;-1.7;93.2553260310443;-45.106489085895376;4.508874365562777;5099;no
40;admin.;single;professional.course;unknown;yes;no;telephone;may;fri;75;3;999;0;nonexistent;1.1;93.42328160912193;-39.628737836821145;5.1;5228;no
40;admin.;married;university.degree;no;yes;no;telephone;may;fri;1351;2;999;0;nonexistent;-1.8;93.62373637212157;-35.452420517949825;4.384187290990009;5076;yes
53;management;single;basic.9y;no;no;yes;telephone;mar;wed;124;1;999;0;nonexistent;-1.7;93.53484246997765;-42.46636320100097;5.1;5099;no
51;blue-collar;single;university.degree;no;no;no;telephone;may;thu;800;1;999;0;nonexistent;1.1;93.86576527411849;-37.49209778083268;5.1;5176;no
53;unemployed;married;professional.course;no;yes;no;cellular;jul;mon;283;4;999;0;nonexistent;1.1;91.81443527382412;-33.0563817948811;4.9374395292423205;5017;no
36;management;married;university.degree;no;yes;no;cellular;sep;wed;1247;2;999;0;nonexistent;1.1;93.6686389060429;-44.963762807714645;4.831348588610321;5228;no
27;unemployed;married;high.school;no;yes;no;cellular;nov;wed;88;1;16;1;nonexistent;-0.1;93.5685357783704;-30.75363599100885;5.1;5195;no
34;services;married;basic.6y;unknown;yes;no;cellular;aug;mon;298;2;999;0;nonexistent;-0.1;93.5833077679221;-41.615858348344894;5.061294070933146;5228;no
34;management;married;basic.9y;no;yes;yes;telephone;may;wed;314;1;999;0;nonexistent;-0.1;93.63617506557223;-40.64087732054569;3.5205463963003902;5008;no
26;blue-collar;married;basic.9y;no;yes;yes;cellular;oct;fri;4;3;999;0;nonexistent;1.4;94.50749448763398;-32.61798360033688;4.396720441174657;5195;no
42;unknown;married;university.degree;no;no;yes;cellular;may;tue;10;2;28;1;success;1.4;92.89167491863459;-37.30853173262184;2.5418453686277838;5099;yes
45;blue-collar;married;professional.course;no;yes;no;cellular;apr;thu;349;2;999;0;nonexistent;-0.1;93.87132456463603;-34.21718017915554;5.1;5176;no
27;admin.;married;professional.course;no;yes;no;cellular;may;thu;582;2;999;0;nonexistent;1.1;92.92505684168077;-37.01764297247186;5.1;5191;no
26;entrepreneur;married;basic.6y;no;no;no;telephone;aug;wed;209;2;999;0;nonexistent;-0.1;93.49496114166828;-43.99613232983984;5.1;5228;no
35;technician;single;basic.9y;no;no;no;cellular;may;thu;81;4;999;0;nonexistent;-1.7;93.69551919166767;-44.113811602974145;3.592004377412174;5176;no
52;blue-collar;married;basic.4y;no;no;no;cellular;jul;tue;502;1;5;1;success;-1.8;93.15170563693711;-45.032556762417684;5.081339742839971;5008;yes
21;blue-collar;divorced;professional.course;no;no;yes;cellular;oct;mon;195;4;999;0;nonexistent;1.4;93.24684769633173;-41.393406847357674;1.856718387845322;5195;no
48;unemployed;married;high.school;no;no;unknown;cellular;aug;mon;30;3;999;0;nonexistent;1.4;92.70735235085691;-42.93440461744153;2.176857303931709;5099;no
42;housemaid;single;university.degree;no;yes;no;telephone;oct;fri;850;1;999;0;nonexistent;1.1;92.74425693787124;-34.147461942369596;3.882435094020725;5008;no
18;entrepreneur;single;basic.6y;unknown;yes;no;telephone;may;thu;2297;2;999;0;nonexistent;-0.1;93.06269982495738;-39.36662158932678;3.0644331338313657;5228;no
34;services;single;basic.6y;no;no;no;cellular;may;thu;117;3;999;0;nonexistent;-1.8;93.75016444998309;-41.069803232883196;2.717602599388443;5191;no
33;admin.;married;university.degree;no;no;no;cellular;aug;fri;37;5;999;0;failure;-0.1;93.37426170229448;-33.44475603469;1.938532447160986;5195;no
45;entrepreneur;married;unknown;no;yes;no;cellular;may;fri;62;4;999;0;nonexistent;-0.1;93.59708772211195;-46.59261365817468;5.1;5176;no
34;self-employed;single;basic.9y;unknown;no;no;telephone;may;mon;271;2;999;0;nonexistent;-0.1;93.41725090446691;-36.29838019677015;1.8211269007876498;5195;no
35;blue-collar;married;university.degree;no;no;no;cellular;sep;fri;473;1;999;0;nonexistent;1.4;93.89708850250916;-37.786081792382426;5.1;5195;no
31;services;married;basic.4y;no;yes;no;cellular;may;mon;775;4;999;0;nonexistent;-1.8;93.5092384962468;-37.565503065768475;1.9105242209747975;5076;yes
47;admin.;married;professional.course;no;yes;no;telephone;jun;fri;112;1;999;0;nonexistent;1.1;92.92327797067634;-39.321818498558926;3.8466963642954664;5191;no
24;management;married;high.school;unknown;yes;no;telephone;jun;thu;16;1;999;0;nonexistent;-0.1;93.4982318115991;-28.270674538751773;3.3244151351368183;5228;no
34;services;married;high.school;no;no;no;telephone;jun;thu;10;4;999;0;nonexistent;1.4;93.43270384670593;-45.88689329877627;3.138261263724595;5191;no
33;admin.;divorced;basic.6y;unknown;no;no;cellular;aug;mon;194;5;999;0;nonexistent;1.4;92.75594376056313;-43.00912739508822;3.317120832651277;5176;no
36;admin.;divorced;high.school;no;yes;yes;cellular;aug;fri;394;1;999;0;nonexistent;-0.1;93.86111103517518;-41.60144586242839;2.762843776072309;5228;no
27;technician;single;high.school;no;yes;no;cellular;aug;wed;169;4;14;1;nonexistent;1.4;93.83889974420727;-45.75989747317294;3.419501765365129;5176;no
37;services;married;high.school;no;yes;no;telephone;may;thu;301;6;19;1;nonexistent;1.1;93.8878631870526;-36.43077358271326;4.239125439420314;5228;no
34;management;married;basic.6y;yes;yes;yes;telephone;jun;tue;1065;4;999;0;nonexistent;-1.7;93.60959888035623;-36.69116064004926;5.1;5076;no
31;admin.;single;basic.9y;no;yes;no;cellular;jul;thu;81;2;999;0;nonexistent;-1.8;93.38919921409696;-34.12705015102198;3.528569250662013;5195;no
39;admin.;married;basic.6y;no;no;no;cellular;jun;thu;914;5;999;0;success;-1.7;93.53011186487723;-38.190613997017145;2.0081864174836275;5195;yes
44;technician;married;professional.course;no;no;no;cellular;apr;fri;137;1;999;0;nonexistent;1.4;93.75725559218594;-46.89359713663783;3.5797047905943162;5017;no
33;admin.;single;basic.4y;no;yes;no;cellular;may;fri;25;6;999;0;nonexistent;-1.8;93.50989118175453;-33.09661217566246;3.6873951480057885;5228;no
29;blue-collar;single;high.school;no;no;yes;cellular;may;mon;287;2;999;0;nonexistent;-1.8;94.15088731121222;-43.06468605355706;4.898882995367555;5176;no
32;admin.;married;professional.course;no;no;no;cellular;jul;thu;352;3;999;0;nonexistent;-0.1;94.03937520905002;-41.17013731061707;4.6530591730115;5195;no
39;technician;married;university.degree;no;no;no;cellular;jun;thu;134;2;20;1;nonexistent;-0.1;93.34832432768354;-35.371943952424544;4.90032754033421;5176;no
32;admin.;married;university.degree;no;yes;no;cellular;may;thu;130;3;999;0;failure;-1.8;93.082856722487;-42.220264764821906;5.1;5008;no
35;unknown;married;university.degree;yes;yes;no;cellular;aug;tue;269;3;999;0;success;-0.1;93.6273565036368;-43.8285370721269;5.0858840353339865;5228;no
30;admin.;married;unknown;unknown;yes;no;cellular;aug;tue;37;3;999;0;nonexistent;-1.8;94.09074313805375;-42.80064169853387;3.3932082044464105;5176;no
33;retired;married;university.degree;no;yes;no;telephone;may;wed;435;1;999;0;nonexistent;-0.1;93.83745838035607;-38.9638210668156;0.6;5191;no
36;blue-collar;single;high.school;no;no;yes;telephone;may;wed;17;6;999;0;nonexistent;1.1;93.41674412298902;-37.66003830069447;0.7277404242021212;5191;no
41;blue-collar;married;unknown;no;no;no;cellular;jul;wed;182;3;999;0;nonexistent;-1.7;92.94471468681192;-38.69252784035947;2.3445070054718595;5191;no
31;admin.;married;high.school;unknown;yes;no;cellular;may;fri;418;5;13;1;nonexistent;-1.7;92.32375415116734;-40.78708079949965;0.9667109502339429;5195;no
31;entrepreneur;divorced;basic.4y;no;no;no;telephone;nov;thu;60;2;999;0;nonexistent;-0.1;93.18512656061894;-37.09752862248557;1.1463352113569905;5195;no
42;blue-collar;married;university.degree;no;no;no;cellular;jun;wed;191;2;999;0;nonexistent;-0.1;93.66586494924157;-41.141628188416455;4.738619777396601;5191;no
49;management;married;high.school;no;yes;yes;cellular;jun;mon;137;2;999;0;nonexistent;-1.7;93.32311714663861;-34.73397750572625;3.7175087564713163;5176;no
22;admin.;single;high.school;no;yes;no;cellular;jun;mon;163;3;999;0;nonexistent;-0.1;92.71798403885523;-45.13309413508507;0.9454313379737334;5099;no
37;unknown;married;professional.course;unknown;no;no;cellular;may;fri;96;3;999;0;nonexistent;-0.1;93.4851669357563;-33.38402399880722;4.963729747848058;5191;no
40;technician;married;university.degree;unknown;no;no;cellular;jun;thu;64;6;999;0;nonexistent;1.1;94.41165093822407;-47.902864784613385;4.1768034523669275;5195;no
27;retired;single;professional.course;no;yes;yes;cellular;aug;wed;377;1;13;1;nonexistent;1.4;93.12302063354771;-41.96206255405547;3.59475739676225;5076;no
43;admin.;married;university.degree;no;yes;no;cellular;apr;mon;889;4;999;0;nonexistent;-1.8;93.01040426671658;-43.182602544242684;2.49825661852019;5017;no
22;services;married;professional.course;no;yes;no;cellular;jul;mon;246;2;999;0;nonexistent;-0.1;93.8764220870401;-43.94898408643143;3.9443387131230536;5076;no
41;self-employed;married;high.school;no;yes;no;telephone;nov;mon;199;2;999;0;nonexistent;-1.7;93.80722332294575;-44.565807198876115;3.1142980642632825;4963;no
44;technician;married;university.degree;no;yes;no;telephone;jul;fri;185;3;999;0;nonexistent;-1.8;92.83051346249471;-43.12552580748453;3.7427582718459136;5228;no
44;retired;divorced;university.degree;no;yes;no;cellular;may;tue;50;3;999;0;nonexistent;-1.7;93.36064702650295;-37.16113279437945;3.0857497709356445;5191;no
33;technician;married;basic.4y;unknown;yes;no;cellular;nov;thu;4;1;999;0;nonexistent;-1.7;92.55751253296022;-47.419711648174896;3.2105640876031805;5076;yes
36;student;married;basic.6y;unknown;no;no;telephone;aug;tue;297;2;999;0;nonexistent;-1.7;94.20659542908086;-32.486125004156875;0.9068230374059508;4963;yes
48;admin.;divorced;high.school;unknown;yes;no;cellular;may;tue;121;4;999;0;nonexistent;-1.8;94.04174500135777;-41.45027729519963;4.962761038580689;5228;no
32;housemaid;married;high.school;unknown;yes;no;cellular;jun;thu;65;2;999;0;nonexistent;1.1;93.73167704697534;-39.57086079965183;5.1;5099;no
40;technician;divorced;basic.6y;unknown;yes;no;telephone;jul;wed;19;5;999;0;nonexistent;1.4;93.9636626859102;-46.01316871236355;2.9711362583694187;5228;no
33;self-employed;married;high.school;no;no;no;cellular;may;thu;850;5;999;0;nonexistent;-1.7;93.53235729595593;-46.86356848622519;2.231956210022649;5017;yes
40;admin.;married;basic.9y;no;yes;no;telephone;apr;thu;77;2;10;1;nonexistent;-0.1;93.33332587445761;-48.555115821869336;3.2987246616315633;5099;no
26;housemaid;single;high.school;unknown;yes;no;telephone;may;mon;342;2;27;1;nonexistent;1.1;92.36033251326846;-36.88648235886629;4.797504075177887;5195;no
31;technician;divorced;basic.4y;unknown;no;no;cellular;may;mon;451;3;999;0;nonexistent;1.1;94.33850899728198;-33.53780363521617;4.406846856613044;5099;no
43;blue-collar;single;basic.6y;no;no;no;cellular;jun;fri;408;3;999;0;nonexistent;1.4;93.77066572072627;-46.956469321765994;4.708681235770283;5195;no
36;technician;married;professional.course;no;yes;no;telephone;jun;mon;454;2;999;0;nonexistent;1.1;94.18281970904604;-40.9209926749469;3.26740555775123;5228;no
56;entrepreneur;married;university.degree;no;no;no;telephone;jul;mon;175;3;999;0;nonexistent;1.1;93.56307441203901;-44.225110650033564;2.7501141738623156;5228;no
49;retired;married;university.degree;no;yes;no;cellular;may;mon;134;2;6;1;nonexistent;1.1;92.99113003196497;-39.00655846351328;0.6;5228;no
56;admin.;married;university.degree;unknown;yes;no;cellular;may;tue;44;3;999;0;nonexistent;1.1;94.167183047826;-44.18515024539608;4.541494919968526;5228;no
39;admin.;married;professional.course;no;yes;no;cellular;aug;thu;293;3;999;0;nonexistent;-1.7;92.80073067159768;-40.96342218770071;5.1;5099;no
30;technician;single;professional.course;no;yes;yes;cellular;may;thu;43;1;999;0;nonexistent;-1.7;94.03380398350156;-35.73382476313958;0.8514093375828184;5176;no
19;unknown;divorced;basic.9y;unknown;no;no;cellular;jul;mon;55;2;999;0;nonexistent;-1.8;93.96006992676655;-45.673366713812385;4.120930010681352;5176;no
37;technician;married;university.degree;no;yes;no;cellular;nov;thu;1131;1;999;0;nonexistent;1.4;94.14929671614216;-42.70215631827908;3.600736641192305;5017;no
34;admin.;single;university.degree;no;yes;no;telephone;apr;fri;130;3;999;0;nonexistent;-0.1;93.77663603696121;-37.06922173907605;0.6;5017;no
39;blue-collar;married;basic.9y;no;yes;no;telephone;may;fri;69;1;999;0;nonexistent;1.4;93.05487314625547;-45.3656820410895;2.6553717111762705;5191;no
30;blue-collar;married;basic.9y;no;yes;no;cellular;nov;tue;30;4;999;0;nonexistent;-1.7;92.81096585289337;-36.642138712481874;2.231602573881466;5228;no
22;unemployed;single;university.degree;unknown;no;no;telephone;may;tue;108;3;999;0;nonexistent;-0.1;94.09063413051229;-36.79163851283597;4.219228862629045;5076;no
34;unemployed;married;high.school;no;yes;no;cellular;may;thu;372;6;999;0;nonexistent;-0.1;93.41223631018988;-40.654440899460184;4.933732531188868;5176;no
36;admin.;single;basic.6y;unknown;no;no;cellular;jul;tue;30;5;999;0;failure;1.4;93.60047626601981;-35.07720657757327;4.014238381304714;5176;no
19;admin.;single;university.degree;no;yes;no;telephone;may;thu;255;4;999;0;nonexistent;-0.1;93.57047365102697;-33.565677531974565;1.8246991405620674;5228;no
32;blue-collar;married;university.degree;unknown;yes;no;telephone;may;wed;2132;1;999;0;nonexistent;-0.1;93.79481313641965;-42.47215103940244;5.1;5228;no
28;technician;single;basic.4y;no;no;no;cellular;jul;mon;32;3;9;1;nonexistent;-1.7;92.39657251601108;-42.31099139309889;1.7026646080852943;5176;no
52;admin.;married;professional.course;unknown;no;yes;telephone;jun;fri;154;3;999;0;failure;1.1;93.65334249663977;-37.86521368772373;4.334165059292364;5228;no
39;technician;single;basic.9y;no;yes;no;cellular;aug;wed;183;3;999;0;nonexistent;1.4;93.16062079493041;-43.498796843929235;3.564847165899601;5176;no
38;admin.;single;basic.9y;unknown;yes;no;telephone;may;mon;194;1;999;0;nonexistent;-0.1;93.34730744721992;-43.153195642041865;3.7724611506567203;5008;no
31;blue-collar;single;university.degree;unknown;no;no;telephone;may;fri;284;3;999;0;nonexistent;1.4;93.21271629130388;-33.65694162397088;3.389747489727252;5195;no
45;technician;married;basic.9y;no;no;no;cellular;may;wed;135;1;999;0;nonexistent;-1.8;93.10363794760069;-44.317356848092686;3.609585929216268;5191;no
28;student;married;high.school;unknown;no;no;cellular;may;thu;513;3;999;0;success;-0.1;92.38977572828453;-44.074681875555385;1.8310653907871326;5176;no
58;admin.;single;illiterate;no;no;no;telephone;jul;wed;91;2;999;0;nonexistent;1.1;93.20322697375266;-40.00489483167092;5.1;5195;no
56;housemaid;married;university.degree;no;yes;no;telephone;apr;mon;205;2;999;0;success;-1.7;93.70996446796828;-44.09887513065709;3.202180092296487;5195;yes
57;admin.;married;basic.6y;no;no;no;cellular;may;fri;144;1;999;0;nonexistent;-0.1;93.91714366558016;-44.35888628141834;1.7811264527326238;5099;no
42;admin.;married;university.degree;unknown;yes;no;cellular;aug;wed;21;1;999;0;nonexistent;1.1;93.62031547321098;-47.54896585334435;3.945846887839645;5195;no
36;blue-collar;married;high.school;no;yes;no;telephone;may;wed;61;4;999;0;nonexistent;1.1;92.69562481235253;-42.75301722392374;5.1;5191;no
36;technician;married;university.degree;no;no;no;cellular;jun;fri;41;1;999;0;nonexistent;-0.1;93.66565650715046;-38.8629671882156;4.307888174542335;5195;no
32;blue-collar;married;basic.9y;no;no;no;telephone;oct;mon;90;5;999;0;nonexistent;-0.1;93.89706346248083;-38.31848636638604;4.194019436207306;5228;no
44;technician;married;basic.9y;no;no;yes;cellular;may;thu;21;1;999;0;nonexistent;-0.1;92.95423068716795;-44.20320581796368;3.604184550272212;5017;no
32;management;single;professional.course;unknown;yes;yes;telephone;apr;tue;30;2;20;1;success;1.1;92.53379961166054;-43.65965339444138;2.9745759687260684;5176;no
45;retired;married;high.school;unknown;yes;yes;telephone;aug;tue;192;1;999;0;nonexistent;-0.1;93.6507744882304;-37.86446580485627;4.808750786199591;5191;no
32;student;married;basic.9y;no;yes;no;cellular;aug;fri;169;3;999;0;nonexistent;1.4;93.78885471962167;-34.08342817514945;4.482382859801155;5195;no
47;housemaid;single;basic.6y;no;no;unknown;telephone;aug;fri;283;2;999;0;nonexistent;-1.8;94.51351528761015;-43.85314222184193;4.501955312416344;5076;no
46;admin.;single;high.school;no;no;no;cellular;apr;wed;194;1;999;0;nonexistent;-0.1;93.55716736651877;-36.2739157062992;3.720538317873122;5099;no
37;services;divorced;high.school;unknown;yes;no;cellular;may;fri;21;2;999;0;success;1.1;93.82917792704711;-38.096111934645315;4.0833852435919695;5008;yes
30;management;divorced;high.school;no;yes;no;cellular;may;thu;61;2;999;0;nonexistent;-1.8;94.40646516021214;-41.56697727786816;4.832856788890867;5176;no
25;technician;single;basic.9y;unknown;yes;no;cellular;apr;thu;647;2;999;0;nonexistent;-1.7;92.76638010490002;-43.25064187177991;4.98569010378489;5228;no
42;self-employed;divorced;university.degree;unknown;yes;no;telephone;aug;thu;188;5;999;0;failure;1.1;94.13687700936146;-43.280271105642434;3.257222707265176;5008;no
30;management;single;university.degree;no;yes;no;cellular;may;mon;247;2;999;0;nonexistent;-0.1;92.83834361954689;-36.698959417229375;3.6933215435988824;5176;no
31;blue-collar;divorced;high.school;no;no;yes;telephone;jun;tue;40;3;999;0;failure;1.1;92.8815662663681;-44.47217109031084;3.5;5228;no
37;blue-collar;married;basic.4y;unknown;yes;no;cellular;apr;tue;246;4;999;0;nonexistent;-0.1;93.14968029524938;-39.54269192001387;4.361011530074692;5191;no
28;blue-collar;divorced;basic.4y;no;no;no;telephone;may;tue;611;3;999;0;nonexistent;-0.1;92.19167415466876;-41.92442973969713;1.7001511359842678;5008;no
41;technician;married;university.degree;unknown;no;no;telephone;jun;fri;429;4;999;0;nonexistent;1.1;93.63340794997659;-42.70464586658473;3.977027586360465;5191;no
35;management;married;professional.course;no;yes;no;cellular;jul;thu;290;1;999;0;nonexistent;1.1;92.89696161865301;-43.148951012167984;3.669714695200229;5017;no
41;blue-collar;married;university.degree;unknown;no;no;cellular;may;thu;55;5;999;0;nonexistent;-0.1;94.2995727730231;-36.11529132353222;3.931758516955767;5191;no
54;admin.;married;university.degree;unknown;no;no;cellular;jul;thu;210;1;999;0;nonexistent;-1.8;94.06915706148;-34.31518917078619;5.1;5099;no
38;admin.;single;high.school;no;no;no;telephone;oct;mon;275;3;999;0;nonexistent;-1.8;93.69826281276744;-47.40683211598599;5.1;4963;no
35;retired;single;university.degree;no;no;no;telephone;may;thu;715;1;999;0;nonexistent;-0.1;93.65960888704409;-39.15120281200968;1.9690557671319286;5176;no
47;blue-collar;married;university.degree;no;no;no;telephone;aug;tue;329;4;999;0;nonexistent;-1.7;94.19093764032993;-33.61850481209597;4.456054316466138;5017;no
47;management;married;professional.course;no;yes;no;cellular;may;thu;144;3;999;0;nonexistent;1.1;93.29070074281138;-36.25989307698557;4.189806828304762;5099;no
29;admin.;married;university.degree;no;yes;no;telephone;jul;wed;149;3;23;1;success;-0.1;93.25153042286658;-38.58712591830654;3.4746942687236966;5176;no
51;technician;single;high.school;yes;unknown;no;telephone;jul;mon;239;1;999;0;nonexistent;1.1;92.57787891393141;-43.41543026901373;3.350647660553575;5099;no
32;blue-collar;married;university.degree;no;yes;no;cellular;apr;wed;56;6;999;0;nonexistent;1.4;93.58878351863926;-40.95986479284272;0.765821313710776;5195;no
30;technician;single;high.school;no;no;no;cellular;jul;fri;78;2;999;0;nonexistent;1.1;94.29040051463532;-39.13005276750539;3.4369760961583733;5195;no
51;housemaid;married;basic.4y;no;yes;no;telephone;jul;thu;369;2;999;0;nonexistent;1.1;92.79664832531299;-38.359231046521174;3.713749630384124;5099;no
50;admin.;single;basic.4y;no;no;no;cellular;apr;mon;66;1;25;1;failure;1.1;94.20385985716099;-31.549101738065023;2.873955542238062;5076;no
36;blue-collar;married;high.school;no;yes;no;cellular;jul;mon;254;3;23;1;nonexistent;-1.8;93.33350023372634;-43.99752991063059;2.3123363319816055;5195;yes
44;retired;married;university.degree;no;unknown;no;cellular;nov;thu;218;1;999;0;nonexistent;-1.7;93.96107612690784;-49.43031802927513;3.7036949796924206;5099;no
31;technician;married;basic.6y;unknown;yes;no;cellular;may;thu;1709;1;999;0;nonexistent;1.4;92.18619114321316;-36.64351496691049;4.596167643712164;5228;no
43;unknown;married;high.school;no;yes;no;cellular;may;mon;102;1;13;2;nonexistent;1.4;92.91690228305988;-39.04255678349855;4.048794902281293;5191;no
24;management;married;university.degree;unknown;no;no;telephone;jun;fri;100;3;999;0;nonexistent;-1.8;93.79087659220706;-41.15341860649732;4.371758904942544;5099;no
49;admin.;married;university.degree;no;no;no;telephone;nov;thu;332;4;999;0;nonexistent;-1.8;93.75878566400861;-33.362141418380794;3.6043276920531406;5195;no
37;blue-collar;married;basic.4y;no;no;no;cellular;nov;mon;294;2;999;0;failure;1.4;93.41189110693053;-37.12415369290489;4.7542980436080065;5099;no
28;blue-collar;married;university.degree;no;no;no;telephone;aug;mon;236;4;999;0;nonexistent;-0.1;93.63239106009651;-42.43227981912618;3.772123119798733;5099;no
39;technician;divorced;university.degree;unknown;no;no;cellular;may;fri;111;1;999;0;nonexistent;-0.1;93.37139385841347;-42.37428481373286;5.1;5195;no
25;technician;divorced;high.school;no;yes;no;cellular;may;mon;70;3;4;1;nonexistent;1.1;93.751466951281;-39.31867396745427;4.020006916727066;5176;no
43;blue-collar;married;professional.course;unknown;no;no;cellular;may;fri;168;1;999;0;nonexistent;-0.1;94.20239754129435;-35.1224952489325;2.218821594465183;5176;no
40;technician;married;high.school;no;unknown;no;telephone;jul;fri;376;3;999;0;nonexistent;-1.8;93.39350419522462;-43.55189948592817;4.674870789073782;5176;no
43;blue-collar;divorced;university.degree;yes;no;no;telephone;aug;tue;387;5;999;0;failure;-1.8;93.53723807962194;-40.411679609100766;4.849480154763989;5099;no
35;admin.;married;basic.4y;no;no;no;cellular;may;fri;20;2;999;0;nonexistent;-1.7;93.57840991407073;-33.12008050987464;4.935674944153065;5195;no
25;technician;divorced;high.school;no;no;no;cellular;may;wed;100;1;999;0;nonexistent;-1.8;92.79877802880013;-42.49441661875212;5.1;5176;no
34;technician;married;basic.6y;no;no;yes;telephone;nov;thu;112;4;999;0;nonexistent;-0.1;93.28513718217262;-47.53113952845684;1.8796438098863701;5228;no
24;blue-collar;married;basic.6y;no;yes;no;cellular;jul;thu;240;3;999;0;nonexistent;1.4;92.70403832455094;-37.8220025470492;2.088429244646311;5191;no
49;technician;single;basic.9y;no;no;yes;telephone;aug;tue;673;2;999;0;nonexistent;-0.1;93.63551892039592;-39.23936999311729;3.7762832676785463;5099;no
29;technician;married;high.school;no;yes;no;telephone;jul;thu;94;3;999;0;nonexistent;-0.1;93.10804627608317;-36.663773757121255;4.092937373440257;5099;no
22;technician;divorced;high.school;no;no;no;telephone;may;wed;4;6;999;0;nonexistent;-1.7;93.7714011245659;-44.24617310270185;5.1;5195;no
40;student;single;high.school;no;no;no;cellular;may;fri;149;8;999;0;nonexistent;-0.1;94.35805610951697;-44.553290904795446;1.8332734932033348;5191;no
58;services;married;university.degree;unknown;yes;yes;cellular;may;fri;617;6;999;0;nonexistent;-1.7;94.04729245232863;-40.707712906574486;3.544793506832725;5076;no
36;entrepreneur;married;professional.course;no;no;no;telephone;jun;wed;323;5;23;2;failure;-1.7;93.54880818412222;-44.2093144222632;4.02481060517315;5228;no
42;technician;married;high.school;no;no;no;cellular;apr;thu;251;2;999;0;nonexistent;1.4;93.72004461546824;-40.40459063058317;2.7618434387766184;5017;no
27;services;divorced;high.school;no;no;no;cellular;may;wed;111;5;999;0;nonexistent;-0.1;92.27502730804478;-42.942157361763314;1.7717803377522392;5176;no
39;admin.;single;professional.course;no;no;no;telephone;jul;mon;100;5;28;3;nonexistent;-1.8;93.32920486754251;-38.57541094881525;5.1;5176;no
21;retired;single;unknown;no;yes;yes;cellular;jul;fri;409;2;999;0;nonexistent;-1.7;93.65522063544567;-43.051326378109685;0.6732116261951391;5228;no
22;unemployed;married;university.degree;no;yes;no;telephone;jun;fri;61;2;999;0;nonexistent;1.1;93.22435897065412;-36.00140551406458;4.529318852130356;5195;no
51;student;single;university.degree;no;no;no;cellular;jul;fri;706;1;29;1;nonexistent;-0.1;93.09481270321774;-38.21442819166507;2.8734425200034117;5099;no
36;admin.;married;university.degree;no;yes;no;cellular;aug;thu;58;6;999;0;success;1.1;92.95333458664618;-39.107042727216836;2.0541859003709755;5099;yes
44;student;divorced;professional.course;no;yes;no;cellular;jun;fri;298;1;999;0;nonexistent;1.1;93.33497902862786;-37.5491200780234;4.946146887697601;5195;no
59;technician;married;professional.course;no;yes;no;cellular;apr;fri;309;1;999;0;failure;-0.1;93.60530864878106;-39.88376997483804;5.1;5099;no
29;entrepreneur;single;basic.9y;no;yes;no;cellular;may;thu;585;1;25;3;nonexistent;-0.1;93.61262388498625;-44.85631317652351;4.377128477830819;5195;no
45;management;married;university.degree;no;no;yes;cellular;oct;fri;27;1;999;0;success;-0.1;93.37342557821684;-34.292937589720665;1.6796997582583144;5191;no
28;self-employed;single;basic.9y;no;no;no;telephone;aug;thu;4;1;999;0;nonexistent;-1.7;93.20607167393061;-42.546064119071886;4.596929304711048;5176;no
32;technician;married;basic.9y;no;no;no;telephone;may;wed;1157;4;999;0;nonexistent;-0.1;93.68337861561761;-37.632445831559174;0.6;5099;yes
46;blue-collar;married;basic.6y;unknown;yes;no;telephone;aug;wed;267;4;999;0;nonexistent;-1.7;92.62287664824014;-41.67065120117151;0.6;5099;no
35;management;married;basic.9y;no;yes;no;telephone;jul;wed;249;1;999;0;nonexistent;-1.7;93.13992298202113;-44.54213075231491;3.363111519913999;5195;no
36;blue-collar;married;basic.4y;no;yes;yes;telephone;may;fri;235;2;999;0;failure;-0.1;93.38872115016751;-46.72461070651328;4.8352743857792335;5228;no
29;blue-collar;married;basic.4y;no;no;no;cellular;may;tue;52;3;999;0;nonexistent;1.1;92.89319226109654;-30.2231373341099;2.446160873455245;5191;no
34;admin.;married;professional.course;no;yes;no;telephone;jul;mon;90;2;999;0;nonexistent;-1.8;93.65692748917206;-46.485738799607994;3.6972992192725758;5195;no
35;admin.;married;high.school;no;yes;no;cellular;jul;fri;735;5;23;1;nonexistent;1.4;93.6746363120874;-40.40929140409707;4.167219329513604;5195;no
43;retired;divorced;basic.4y;unknown;no;no;telephone;nov;wed;615;1;28;1;nonexistent;-1.7;94.2120771938429;-37.94423517082822;3.5905670536352368;4963;yes
39;blue-collar;single;professional.course;no;yes;no;cellular;jul;tue;84;1;999;0;failure;-0.1;94.52750997496267;-49.0559451088911;3.8996124798494862;5191;no
39;blue-collar;married;professional.course;no;no;no;cellular;nov;wed;64;1;999;0;nonexistent;1.1;93.51678105890633;-40.81188390224142;4.923547480541206;5176;no
46;management;married;university.degree;no;no;no;cellular;jul;mon;830;3;999;0;nonexistent;1.4;93.50545971066613;-34.684822183220575;1.4896865731532802;5076;no
51;admin.;married;basic.6y;no;yes;no;cellular;may;thu;121;2;16;1;nonexistent;-0.1;93.24655874119607;-35.981587994166205;3.4555353560283404;5195;no
18;blue-collar;married;university.degree;no;no;no;cellular;jul;thu;299;1;999;0;failure;-0.1;93.78579315669617;-36.80411361033035;4.952320052806233;5076;no
57;housemaid;married;high.school;no;yes;no;telephone;may;tue;275;3;999;0;nonexistent;1.4;94.32820144905752;-39.73345813608873;0.863958328152423;5191;no
38;admin.;married;basic.9y;no;yes;no;telephone;aug;tue;306;4;999;0;failure;-0.1;93.38851579126053;-45.058428665639056;4.433989983667997;5191;no
61;admin.;married;university.degree;no;no;no;telephone;may;mon;141;1;999;0;nonexistent;-0.1;93.08204476469597;-43.23210241519253;3.4859911798175167;5228;no
44;student;divorced;professional.course;no;yes;yes;cellular;nov;thu;5;1;999;0;nonexistent;1.4;93.73343180242314;-43.95741095440881;2.1619146618703584;5228;no
43;services;married;university.degree;unknown;yes;no;cellular;aug;thu;1530;1;999;0;nonexistent;1.4;93.84477790372969;-38.17418829239036;3.475095013314902;5017;no
34;retired;single;university.degree;no;yes;no;cellular;nov;fri;10;4;999;0;nonexistent;-1.7;93.90073923446195;-47.15488987153766;3.3937051375716134;5008;no
33;admin.;single;university.degree;no;yes;no;telephone;jun;thu;172;1;6;1;nonexistent;-0.1;93.99994040083618;-36.87296511262768;2.776780192119407;5195;no
51;admin.;divorced;university.degree;unknown;yes;no;telephone;jul;thu;836;1;20;1;nonexistent;-0.1;93.40937666635186;-41.64374206022138;1.3320248749934684;5195;no
40;technician;divorced;basic.9y;no;no;no;telephone;may;mon;39;2;999;0;nonexistent;1.4;93.39720901047116;-43.248185011752796;4.290158807237573;5195;no
50;services;married;university.degree;no;yes;no;telephone;jul;wed;308;5;999;0;nonexistent;1.4;95.2491417991894;-37.899860133855505;4.904701976836563;5191;no
32;admin.;divorced;high.school;no;yes;no;cellular;apr;mon;415;1;999;0;nonexistent;-1.8;92.59551198564989;-44.82424566891035;1.0108959832210442;5176;no
35;admin.;divorced;university.degree;unknown;no;no;telephone;may;wed;301;1;999;0;nonexistent;-0.1;94.09832778728418;-35.6676813190937;4.8697694866909025;5228;no
18;student;married;basic.4y;no;yes;no;cellular;nov;mon;65;5;999;0;nonexistent;-1.8;93.36134393925732;-38.97789081361032;3.481900019350636;5191;no
21;blue-collar;married;university.degree;no;yes;no;cellular;jun;tue;159;1;999;0;nonexistent;1.1;92.91649498276826;-40.40346741121858;4.247120634655872;5099;no
42;services;single;basic.9y;no;yes;yes;cellular;may;wed;943;1;999;0;failure;-0.1;93.35123489160725;-44.935365633627505;5.1;5099;no
24;technician;married;professional.course;no;no;no;cellular;jul;wed;69;2;999;0;nonexistent;1.1;92.71958837529127;-43.56635200231537;2.932212533621672;5099;no
47;blue-collar;divorced;university.degree;no;yes;no;telephone;may;tue;308;2;999;0;nonexistent;1.1;93.41132911513563;-38.308903072334815;0.6;5228;no
37;unemployed;married;university.degree;no;yes;no;telephone;oct;mon;1;1;999;0;nonexistent;-0.1;93.46237506219511;-37.29206754338559;3.4031173308882567;4963;no
35;technician;divorced;basic.4y;no;yes;no;cellular;may;tue;282;1;999;0;nonexistent;1.4;93.48965204976756;-37.306051397959216;4.435012230067266;5099;no
35;blue-collar;divorced;university.degree;no;no;unknown;cellular;aug;tue;256;3;999;0;nonexistent;-1.8;93.59767125265867;-39.422607224778844;4.530228093575223;5099;no
46;management;divorced;basic.9y;no;no;no;cellular;aug;tue;257;2;999;0;nonexistent;1.1;93.42765762199356;-36.89195008341205;4.351930429255576;5176;no
52;technician;single;basic.9y;no;no;no;telephone;apr;mon;30;1;999;0;nonexistent;-0.1;93.55909021674013;-44.74499548413932;5.1;4963;no
18;services;married;high.school;no;yes;no;telephone;apr;wed;478;1;999;0;nonexistent;1.1;93.77364098845334;-37.69191147309882;3.959334479622966;5228;no
43;retired;single;high.school;no;yes;no;cellular;aug;thu;22;2;999;0;nonexistent;1.1;94.69373790251915;-44.879966822247205;2.8443999681418193;5228;no
45;admin.;single;high.school;no;no;yes;telephone;mar;fri;701;3;999;0;nonexistent;-1.8;94.17033537651002;-40.42210800425622;4.485157654021476;5176;no
41;admin.;married;basic.4y;unknown;no;no;telephone;jun;tue;421;1;999;0;nonexistent;-0.1;93.30247269523227;-41.03836894025445;4.063968012220433;5099;no
40;blue-collar;married;university.degree;no;no;no;cellular;jul;tue;35;5;999;0;success;-1.7;94.2257441143161;-41.7024381049262;4.643840966575338;5176;no
42;admin.;married;high.school;no;yes;no;cellular;may;mon;206;4;999;0;nonexistent;-0.1;93.24409741154439;-31.435377247888244;2.177764201893147;5076;yes
52;admin.;divorced;high.school;no;no;no;cellular;may;mon;136;2;7;1;nonexistent;1.1;93.05953267739358;-42.508234111164946;4.17304826263643;5099;no
40;admin.;married;high.school;no;no;no;cellular;jul;mon;760;3;16;3;success;-1.8;92.77706388713872;-36.1052685816222;2.3014027470273577;5076;yes
24;management;divorced;basic.4y;no;no;yes;cellular;may;mon;82;1;7;1;success;-1.8;93.93965861757214;-39.957272590687126;4.315390345789624;5191;no
39;management;married;basic.4y;no;no;no;telephone;may;wed;132;3;999;0;nonexistent;-1.7;94.63635158348262;-36.38894518935823;5.1;5176;no
30;admin.;married;professional.course;no;yes;yes;cellular;may;wed;344;2;999;0;nonexistent;-1.8;93.81591810657277;-41.802960831222784;3.903550597705868;5176;no
29;blue-collar;married;basic.4y;no;yes;no;cellular;aug;fri;221;3;999;0;nonexistent;-1.8;93.42454783761836;-44.36799757706879;3.6503438415921097;5228;no
37;services;single;high.school;no;no;no;cellular;nov;thu;175;5;999;0;nonexistent;-0.1;94.40270307027227;-40.775679910805685;4.904584722488982;5099;no
39;admin.;married;basic.9y;no;yes;no;telephone;may;tue;123;3;1;1;success;1.1;93.51648747358605;-40.13053928365226;2.8554603602153303;5099;no
33;blue-collar;single;basic.9y;no;yes;no;cellular;may;mon;63;3;999;0;nonexistent;1.4;94.30703698739748;-35.53344596883898;4.513726244466037;5099;no
54;blue-collar;married;professional.course;no;yes;no;cellular;may;tue;22;3;14;1;nonexistent;-1.8;93.1998477425413;-41.155297438985954;4.064328677064677;5191;no
38;admin.;divorced;high.school;no;yes;no;cellular;may;tue;94;2;22;1;nonexistent;1.1;93.61509151138993;-41.33360392566067;4.118943452366453;5008;no
52;admin.;married;university.degree;no;no;no;cellular;nov;tue;5;2;999;0;nonexistent;-0.1;94.21449367958749;-39.183462788248484;5.1;5099;no
33;admin.;married;basic.4y;no;no;no;telephone;apr;thu;42;4;999;0;nonexistent;-1.7;93.50233656544411;-42.4221680669664;0.6463414271433423;5191;no
56;management;married;professional.course;no;yes;yes;cellular;aug;thu;101;1;999;0;nonexistent;1.1;93.24002472545774;-38.710141333239996;5.017263626655546;5176;no
30;blue-collar;married;high.school;no;no;no;telephone;nov;thu;97;4;999;0;nonexistent;-1.7;93.26967462691972;-40.3784529345285;4.624456512381578;5099;no
47;management;single;university.degree;unknown;yes;no;cellular;jul;wed;767;2;999;0;nonexistent;-0.1;93.54163920515104;-46.445018674629104;3.64678870284786;5191;no
55;technician;married;high.school;no;yes;no;cellular;jul;tue;160;1;999;0;nonexistent;-1.8;94.4753074548929;-39.02686155880248;4.409185349390177;5176;no
38;admin.;married;university.degree;no;no;no;telephone;jul;mon;320;1;22;2;failure;-0.1;93.43514687383698;-38.624059655439865;4.6666594406629365;5176;yes
34;admin.;single;basic.9y;no;yes;no;cellular;may;mon;14;1;999;0;nonexistent;1.1;93.05924279228161;-39.7434034378963;4.359188344111495;5076;no
42;admin.;married;university.degree;no;no;no;telephone;mar;wed;516;4;999;0;nonexistent;1.1;93.3635825898984;-39.57740427662918;4.275800261875169;5017;no
40;student;divorced;professional.course;no;no;yes;cellular;apr;wed;174;2;9;1;failure;1.1;93.19719520615824;-38.46814246124789;3.882040560968476;5099;no
33;retired;single;university.degree;no;no;no;telephone;may;fri;347;1;999;0;nonexistent;-0.1;93.80581575685012;-40.938928326791086;4.4187669197450266;5008;no
35;blue-collar;married;high.school;no;yes;no;telephone;nov;fri;0;1;2;2;nonexistent;1.4;93.15290415795033;-40.614014592018655;3.779542918837179;5191;no
52;blue-collar;married;high.school;no;no;no;cellular;may;thu;385;1;999;0;nonexistent;-1.8;94.0737248618785;-38.412083564993736;1.112259228049117;5195;no
28;services;single;university.degree;no;yes;no;telephone;jul;wed;70;2;999;0;nonexistent;-0.1;92.98175619385096;-38.47122516500622;2.587383039073891;5176;no
56;blue-collar;married;basic.6y;no;no;unknown;cellular;jul;wed;255;3;999;0;nonexistent;1.1;94.57189817371207;-40.43173738912603;5.1;5099;no
28;technician;single;professional.course;no;yes;no;cellular;jun;fri;80;1;999;0;nonexistent;1.1;93.8824531949948;-38.1822291222642;3.150667278505688;4963;no
48;admin.;single;professional.course;no;no;no;telephone;may;thu;243;2;1;2;nonexistent;-1.8;92.87636744569784;-38.293224187950905;3.3461959807443544;5176;no
55;housemaid;single;high.school;no;yes;yes;cellular;aug;tue;92;3;999;0;nonexistent;-0.1;93.61589145045572;-50.22506925788002;0.6735319596356077;5099;no
32;blue-collar;single;professional.course;no;no;no;cellular;jun;mon;1497;5;28;1;nonexistent;-1.8;94.39638259479241;-41.815495897497804;4.63195346428373;5008;yes
47;services;married;high.school;no;no;yes;cellular;jul;tue;262;3;18;2;nonexistent;1.4;93.48987908889654;-35.02849736400957;5.1;5176;no
38;unemployed;divorced;high.school;no;no;no;cellular;aug;wed;13;3;999;0;nonexistent;-1.7;92.87435990422945;-36.69911505457832;4.437027623447301;5176;no
24;services;divorced;basic.4y;no;yes;no;cellular;jun;tue;459;3;999;0;nonexistent;1.1;93.78575168745489;-34.622842238521685;4.167636187205733;5099;no
41;management;single;high.school;no;no;no;telephone;nov;fri;9;3;999;0;failure;-0.1;93.72184204235238;-39.52561959733491;4.3530395028342594;5228;no
35;student;married;university.degree;no;no;yes;cellular;mar;fri;91;1;999;0;nonexistent;1.1;93.14958310083746;-34.16541841933902;1.558641623482548;5191;no
46;services;single;university.degree;no;no;no;telephone;apr;tue;30;3;22;1;nonexistent;-1.7;93.71148318728707;-42.22760136894739;5.1;5228;no
42;technician;married;basic.4y;no;yes;no;telephone;may;tue;243;6;999;0;nonexistent;-1.8;93.86585512554629;-43.43457384413958;4.0521597608728115;5195;no
56;technician;married;professional.course;no;yes;yes;cellular;may;fri;1169;3;0;1;nonexistent;-1.7;92.91648105204163;-39.38912533400668;4.63421793293769;5176;no
40;admin.;single;basic.9y;no;yes;no;cellular;nov;thu;256;4;999;0;nonexistent;1.4;92.45951833084;-41.314951978175934;4.140488652403579;5099;no
41;admin.;single;high.school;no;no;no;cellular;jun;thu;276;1;999;0;failure;-1.8;94.20385614805792;-34.592540624714005;0.743786336421374;5176;no
45;technician;single;university.degree;no;no;unknown;cellular;may;wed;1750;4;999;0;nonexistent;1.4;93.19193074520219;-35.57895987694795;5.1;5099;no
65;technician;married;basic.4y;no;no;no;telephone;may;mon;30;2;999;0;nonexistent;-1.7;93.85600380245441;-39.65411196624153;3.4594146209092083;5099;no
48;technician;married;university.degree;no;yes;no;cellular;jul;fri;127;1;999;0;nonexistent;-1.7;93.01549967059299;-40.63104821695034;2.3325750328933372;4963;no
36;admin.;divorced;basic.4y;no;no;yes;cellular;aug;tue;193;2;14;1;nonexistent;1.4;93.04344170617945;-39.835913094202105;4.453955487237243;5195;no
38;housemaid;married;high.school;unknown;no;yes;telephone;mar;mon;53;1;999;0;nonexistent;-1.7;94.51337386868744;-38.18397521045891;5.1;5017;no
25;self-employed;married;university.degree;no;no;yes;cellular;may;wed;1249;1;999;0;nonexistent;-1.7;93.80626104617866;-38.30512374113541;0.9879097873821184;5099;no
34;blue-collar;married;basic.6y;unknown;yes;unknown;cellular;may;wed;74;2;999;0;nonexistent;1.1;93.66349619698018;-35.15505563071311;4.601762840966409;4963;no
20;blue-collar;married;high.school;no;no;no;telephone;may;mon;100;1;999;0;nonexistent;-0.1;93.08767280555813;-34.85529567216518;4.801914704901515;5099;no
45;blue-collar;married;basic.6y;unknown;yes;no;cellular;jun;fri;93;1;999;0;nonexistent;-1.7;94.05119859857774;-46.291948726153365;4.288728858727684;5195;no
26;admin.;married;basic.9y;no;no;no;cellular;jul;wed;224;4;999;0;nonexistent;1.1;93.70940575597484;-38.07136346660829;4.645046098758661;5191;no
37;blue-collar;married;basic.9y;no;no;no;telephone;apr;thu;449;2;999;0;nonexistent;-0.1;93.99953343047704;-41.73951709792098;4.631689518922928;5195;no
33;unknown;married;high.school;no;no;no;cellular;jul;tue;61;3;999;0;nonexistent;-1.8;93.04149770820555;-37.39717471587806;0.6;5099;no
38;technician;married;university.degree;no;yes;no;cellular;may;mon;114;5;999;0;nonexistent;1.1;93.98867918320899;-36.45827444174204;4.291093514983833;5099;no
49;self-employed;married;university.degree;unknown;yes;no;cellular;may;mon;271;1;29;1;nonexistent;-0.1;93.08286864745315;-45.164343794658365;2.9484208700537415;5099;no
43;management;married;basic.9y;no;no;yes;cellular;aug;thu;184;3;999;0;nonexistent;-1.8;92.79304161157141;-37.79106791177029;4.169462795914062;5099;no
31;entrepreneur;single;university.degree;no;yes;no;telephone;nov;wed;11;3;999;0;nonexistent;-1.7;94.387150297794;-39.13202075733275;3.8037752409284527;5099;no
18;blue-collar;single;high.school;no;no;no;cellular;aug;wed;270;4;11;1;success;-1.8;94.00918657606572;-35.85982945635028;0.6;5191;yes
38;services;married;basic.4y;unknown;yes;no;cellular;aug;wed;6;1;999;0;nonexistent;-0.1;93.69918661413033;-37.249364228963415;4.395530207367998;5076;no
43;blue-collar;single;basic.6y;no;no;unknown;cellular;aug;mon;109;1;19;1;failure;-0.1;93.77232811258509;-43.34476968039275;1.5375520929901372;5176;no
32;retired;married;high.school;no;yes;no;cellular;oct;tue;628;1;8;1;nonexistent;-1.7;92.84151050503658;-42.972145513001166;1.7535335895907185;5195;yes
46;management;married;high.school;no;yes;no;telephone;nov;mon;67;3;999;0;failure;-1.8;93.99161314653776;-43.896896408186784;2.0930991139818667;4963;yes
40;management;married;high.school;no;yes;no;cellular;jun;mon;87;4;999;0;nonexistent;1.4;93.15332181440978;-38.48551780172843;2.922139727581813;5228;no
51;admin.;married;university.degree;no;unknown;yes;cellular;apr;thu;432;1;999;0;nonexistent;-0.1;94.2593123871416;-41.42011233354571;3.4835980383029286;5228;no
47;entrepreneur;married;university.degree;no;yes;yes;telephone;aug;thu;475;3;999;0;nonexistent;1.1;93.48612094064703;-45.947236885697556;5.1;5176;no
40;unknown;married;university.degree;no;no;no;cellular;aug;thu;488;1;5;1;nonexistent;1.4;93.49231893967747;-39.312432183433714;2.1830588602685235;5099;no
38;retired;divorced;basic.4y;unknown;no;no;cellular;may;tue;328;4;999;0;nonexistent;1.1;93.5652238483023;-43.39376949418414;2.4833343958632916;5017;no
21;technician;single;professional.course;no;yes;yes;cellular;jul;fri;22;1;29;2;nonexistent;-1.7;92.81651790902521;-40.78764799211471;5.1;5099;no
22;blue-collar;married;university.degree;no;yes;no;telephone;may;thu;2140;4;999;0;nonexistent;-0.1;93.52735717111989;-41.397733950381514;5.061548857087838;5017;yes
28;admin.;married;professional.course;no;no;no;telephone;nov;wed;860;4;999;0;nonexistent;-1.8;93.23730814422709;-43.814743221831975;3.096935776752984;5176;no
43;blue-collar;married;basic.4y;no;yes;no;telephone;may;mon;62;4;1;1;nonexistent;-1.7;93.61414076617476;-34.36438562317641;4.275524805561362;5099;no
45;blue-collar;married;basic.4y;no;no;yes;telephone;may;fri;144;1;999;0;nonexistent;1.1;92.53347810785635;-41.78811327167266;5.1;5176;no
34;blue-collar;married;university.degree;no;no;no;cellular;may;thu;11;3;999;0;nonexistent;-0.1;94.28966179603248;-43.1953784390034;5.1;5228;no
49;admin.;married;university.degree;no;no;no;telephone;jul;fri;26;3;999;0;nonexistent;-1.8;93.75730680695634;-36.84877135506662;5.1;4963;yes
56;blue-collar;married;university.degree;no;no;yes;cellular;aug;thu;35;5;999;0;success;1.1;93.26244141883907;-41.71106097144052;4.756400384357785;5099;no
47;student;married;high.school;no;no;no;cellular;apr;mon;179;1;999;0;success;1.4;93.08519959517498;-41.630742398814625;4.298236681000866;5099;no
44;admin.;single;high.school;no;unknown;yes;cellular;jul;mon;172;3;5;1;nonexistent;1.1;94.02003544350319;-33.679800268612375;3.8806681031881607;5195;no
33;admin.;married;university.degree;no;yes;yes;telephone;nov;wed;144;1;999;0;nonexistent;-1.7;92.79170175240534;-32.88001515826014;3.1848609260273024;5099;no
27;services;divorced;basic.4y;unknown;no;no;cellular;aug;tue;51;4;999;0;nonexistent;-1.8;93.17440347162199;-41.198448779298296;4.601636492373076;5099;no
30;retired;single;university.degree;unknown;yes;no;cellular;may;wed;83;4;999;0;nonexistent;1.4;93.17707445925817;-42.96666111988826;4.668285867836484;5195;no
54;admin.;divorced;high.school;no;no;no;telephone;apr;tue;38;5;7;1;nonexistent;-1.7;93.16365376415902;-40.071583199458125;3.920174934474141;5195;no
38;unemployed;single;high.school;no;no;no;telephone;jun;thu;96;3;999;0;nonexistent;-1.7;93.30987877813202;-42.23203243923688;4.690944822493307;5008;no
51;admin.;married;professional.course;no;yes;no;cellular;aug;tue;410;1;999;0;nonexistent;-0.1;93.06771076762166;-38.20991326635031;3.9342577347206853;5099;no
18;entrepreneur;married;basic.6y;unknown;no;no;cellular;apr;mon;469;2;2;1;nonexistent;-1.8;92.95763430341069;-41.1849168253439;0.9526585089605485;5195;no
32;retired;married;university.degree;no;yes;no;telephone;jun;tue;1500;2;999;0;nonexistent;-0.1;93.94357608657855;-35.99946123664522;3.494314165485825;5228;no
28;services;single;high.school;no;no;no;telephone;may;tue;447;1;999;0;success;1.4;94.00450323771689;-44.2576932868717;3.3559107719930386;5099;no
37;services;married;high.school;no;no;no;cellular;may;wed;232;6;999;0;nonexistent;-0.1;93.88581455993446;-40.642793969375056;4.007537018225082;5017;no
48;management;married;university.degree;no;yes;no;cellular;jul;thu;6;5;999;0;failure;-1.8;93.27035357851592;-37.49265420135952;1.8108971841607961;5191;no
52;admin.;married;basic.4y;no;yes;yes;cellular;may;tue;1031;4;9;1;nonexistent;1.1;93.4159944414944;-35.403220617272325;3.2729716282727814;5191;no
35;blue-collar;married;university.degree;unknown;yes;yes;cellular;jul;thu;18;1;999;0;nonexistent;-1.7;93.14665481248021;-42.57487587462023;5.039749615207357;5228;no
49;admin.;married;university.degree;no;yes;no;cellular;may;thu;496;2;999;0;nonexistent;-1.8;93.71312187511298;-39.97319330143329;2.8859294924918304;5017;no
40;admin.;single;basic.4y;no;no;no;cellular;apr;tue;792;3;999;0;nonexistent;-1.8;93.8181737916675;-38.66247204621586;2.0233107007610465;5176;no
35;retired;married;university.degree;no;no;no;cellular;may;thu;761;2;999;0;failure;-1.8;92.71474066302237;-40.40974380034093;2.0786540631112156;5099;no
47;services;single;basic.9y;no;no;yes;telephone;nov;fri;219;5;999;0;nonexistent;-0.1;93.56985801059949;-40.43948333707206;2.1120805086534147;5176;no
34;blue-collar;married;basic.9y;no;yes;no;cellular;jul;mon;426;6;999;0;nonexistent;-1.7;93.6148450282523;-33.683483177725705;2.12393773186286;5017;no
41;blue-collar;single;illiterate;unknown;yes;yes;cellular;may;wed;51;4;999;0;nonexistent;-1.7;93.90378360097743;-36.509474044313315;4.057751113095108;4963;no
29;services;married;basic.4y;unknown;no;no;telephone;jun;mon;73;2;999;0;nonexistent;1.1;93.20207919858906;-40.74415763618094;3.082320853735609;5195;no
25;services;single;university.degree;no;no;no;cellular;aug;wed;30;1;3;1;success;-1.7;92.96118180216203;-43.24180038358287;2.842230850470821;5008;yes
38;technician;divorced;basic.9y;no;no;no;cellular;nov;tue;576;2;999;0;nonexistent;-1.8;93.36341646294598;-37.83633879919534;1.7622193519403293;5195;no
31;management;married;university.degree;no;no;no;cellular;apr;thu;288;1;20;2;failure;1.1;93.96362694581784;-38.934017091601014;3.9054802664086647;5191;no
53;admin.;married;basic.9y;no;yes;yes;cellular;nov;wed;110;1;999;0;nonexistent;-1.8;93.22543635833777;-41.26145379334684;0.6116363752004286;5195;no
53;blue-collar;single;basic.6y;yes;no;no;telephone;nov;tue;1179;1;999;0;nonexistent;1.4;92.80453788829585;-45.204085900224165;2.4023489279950576;5099;no
29;admin.;married;university.degree;no;yes;yes;cellular;jul;tue;299;2;999;0;nonexistent;-0.1;92.75234472158103;-49.14009462174856;1.7858461408283586;5008;no
39;technician;single;university.degree;no;no;no;cellular;may;wed;30;1;999;0;nonexistent;-0.1;93.50745232626194;-45.01093309740507;2.83601759065618;5176;no
55;management;married;university.degree;no;yes;no;telephone;jul;tue;42;4;999;0;success;-1.7;93.71837332463166;-34.627480213967196;0.6;5017;yes
43;technician;married;basic.9y;no;no;no;cellular;apr;wed;479;3;999;0;failure;-1.8;94.38131227504826;-43.781754565631864;2.2285336702291536;5076;yes
39;blue-collar;married;high.school;unknown;yes;no;cellular;nov;thu;382;2;999;0;nonexistent;-0.1;93.48774928353104;-34.16615755689723;3.386164321847358;5191;no
35;admin.;married;university.degree;unknown;no;no;cellular;aug;thu;123;3;11;1;nonexistent;-1.8;93.71398946527535;-38.31711875039905;3.896230145825737;5176;no
42;technician;married;university.degree;no;no;no;cellular;jul;mon;23;2;999;0;nonexistent;-1.8;93.66142786682104;-38.73394357773348;3.6880577181375864;5191;no
45;admin.;married;basic.4y;no;yes;no;cellular;jun;fri;135;2;999;0;nonexistent;-1.7;93.61597132952265;-41.430655402182445;2.2196568111081145;5099;yes
38;technician;married;high.school;no;unknown;no;cellular;may;fri;349;2;23;1;success;1.4;93.69280815566817;-34.427061386863386;4.812811724285563;5099;yes
55;admin.;married;university.degree;no;yes;no;cellular;aug;tue;151;1;1;1;failure;-1.7;92.71253238525964;-37.859780707433686;0.6;5099;no
48;admin.;married;high.school;no;yes;no;telephone;jun;wed;108;1;999;0;nonexistent;-0.1;93.7030479739583;-40.47084309502311;1.631937150340057;5195;no
51;student;single;high.school;no;yes;no;telephone;may;mon;102;4;999;0;nonexistent;1.4;93.50706160265905;-40.07659912066143;4.253178390344671;5176;no
44;admin.;married;basic.9y;no;yes;yes;cellular;aug;tue;30;1;999;0;failure;-0.1;94.38429975722471;-39.155078744142784;3.645948827304322;5191;no
40;self-employed;married;university.degree;no;no;no;cellular;mar;thu;27;1;999;0;nonexistent;-0.1;93.6945277765261;-38.4543099517386;5.053625085432798;5228;no
47;unemployed;married;university.degree;no;yes;no;cellular;jul;fri;309;4;999;0;nonexistent;1.4;93.35602598464337;-41.084166200720325;5.1;5099;no
48;services;married;professional.course;no;yes;no;cellular;nov;thu;529;4;999;0;nonexistent;-1.8;92.6819585450886;-32.262172914325696;4.068964936779471;5191;no
34;student;married;high.school;no;no;no;cellular;jun;tue;48;2;999;0;nonexistent;1.1;93.856940257194;-34.398880020694826;3.7828427772859827;5099;no
37;management;married;university.degree;no;unknown;no;telephone;may;tue;21;1;999;0;nonexistent;-1.7;94.02382837727372;-41.17305827345367;4.473180212763876;5099;no
35;admin.;married;high.school;no;no;no;cellular;may;tue;9;2;999;0;nonexistent;-1.8;93.80898795784748;-40.42443743312938;4.303144835230711;5099;yes
55;technician;married;high.school;no;yes;no;telephone;nov;mon;168;2;11;1;nonexistent;-1.8;94.43545221797413;-36.07810518697146;3.7998756196341685;5099;no
53;services;single;basic.4y;no;yes;no;telephone;may;mon;151;3;999;0;nonexistent;-0.1;92.89420823742931;-42.31595867158077;4.576956666425881;5176;no
45;technician;married;university.degree;no;no;no;telephone;may;wed;83;7;999;0;nonexistent;-1.7;93.06866954918787;-40.72554266291435;4.950526085911918;5228;no
61;blue-collar;divorced;basic.6y;no;yes;yes;cellular;aug;wed;204;3;999;0;nonexistent;1.4;93.51431806261938;-38.36483637112257;3.5713452789401763;4963;no
34;blue-collar;married;university.degree;no;yes;no;cellular;aug;fri;1309;3;999;0;nonexistent;1.4;93.70196362146717;-40.024262871538674;5.1;5228;no
46;housemaid;married;unknown;no;no;no;cellular;may;tue;492;1;999;0;failure;-1.7;93.7646843701488;-45.68037506985898;1.442160800349686;5195;no
30;entrepreneur;single;high.school;no;no;yes;telephone;may;thu;12;5;999;0;nonexistent;-1.7;93.75868161559879;-45.13031807281121;2.0614576242245404;5176;no
29;entrepreneur;single;high.school;unknown;no;yes;telephone;jun;tue;38;1;999;0;nonexistent;1.4;93.24724354338301;-39.00447045820046;4.38717442424189;5008;no
27;blue-collar;single;professional.course;no;yes;no;cellular;nov;mon;342;2;999;0;nonexistent;-1.7;93.98698784343793;-40.43355140007491;5.1;5176;no
22;blue-collar;married;university.degree;no;no;no;telephone;mar;tue;56;3;999;0;nonexistent;-1.7;93.27212983653133;-41.09262082732748;3.7499274466555;5008;no
38;student;married;basic.4y;no;no;no;cellular;aug;tue;283;5;15;1;nonexistent;-0.1;93.40596873942148;-45.262880462783116;3.3474029499235307;5195;no
38;entrepreneur;married;basic.4y;no;yes;no;cellular;aug;tue;153;1;999;0;nonexistent;-0.1;92.67501175532936;-40.99442208805235;4.639393182742997;5008;no
52;services;married;university.degree;no;yes;no;cellular;jun;tue;15;4;999;0;nonexistent;1.4;93.92446076768535;-40.756940197352534;4.001124473825543;5099;no
39;blue-collar;single;high.school;unknown;yes;no;cellular;may;wed;57;4;999;0;nonexistent;-0.1;92.90427475963726;-34.62901955556637;1.0060028994688177;5228;no
39;blue-collar;married;high.school;no;yes;no;cellular;jun;wed;63;1;999;0;nonexistent;-1.7;93.55515834048862;-41.114983593374056;4.143375560079664;4963;no
57;services;married;professional.course;no;yes;no;telephone;may;fri;235;1;999;0;nonexistent;-1.7;93.1890756869627;-40.029912019549236;3.5142667662960356;5099;no
50;admin.;single;professional.course;no;yes;no;cellular;aug;fri;456;3;999;0;failure;-0.1;93.09922032915162;-40.98450140912588;5.1;5008;no
39;housemaid;single;basic.9y;no;no;yes;telephone;sep;wed;13;2;999;0;nonexistent;1.1;93.81240282059792;-43.24694250623799;1.8364875207354245;5228;no
30;blue-collar;married;basic.4y;no;yes;no;cellular;jul;mon;236;1;999;0;nonexistent;1.1;93.89418371662629;-39.95464826312467;5.1;4963;no
27;blue-collar;divorced;basic.9y;no;yes;no;cellular;jul;fri;63;4;999;0;nonexistent;1.1;93.04053263522293;-40.67668508849877;4.946609523387142;5176;no
37;admin.;married;high.school;no;no;no;telephone;nov;mon;108;2;999;0;nonexistent;1.1;94.40723415317635;-38.983523153841155;3.6035285667782286;5191;no
57;services;divorced;basic.9y;no;yes;no;telephone;aug;tue;115;4;11;1;nonexistent;-1.8;92.87762164821217;-34.32428579076825;5.1;4963;yes
28;technician;married;high.school;no;no;no;cellular;apr;tue;292;1;20;1;nonexistent;-0.1;92.58516193260724;-39.534432060535075;3.102864640604592;5008;no
20;technician;divorced;high.school;no;yes;yes;cellular;may;wed;39;1;999;0;nonexistent;1.4;92.67384265145934;-40.4913244944295;5.00648876960602;5176;no
25;blue-collar;married;basic.6y;no;no;yes;cellular;jun;tue;417;1;23;2;nonexistent;-1.8;93.85853603581307;-37.75672556204988;2.533883909562312;5176;no
38;blue-collar;married;professional.course;no;yes;no;telephone;apr;wed;123;3;999;0;nonexistent;1.1;92.65920751709314;-40.24462516480392;3.2832974456237;5191;no
43;blue-collar;married;university.degree;unknown;yes;no;cellular;jul;fri;510;3;10;1;failure;-1.8;94.2280782050328;-35.70435760192189;3.2813105394816984;5099;no
52;admin.;married;university.degree;no;no;no;cellular;jun;tue;400;2;999;0;nonexistent;1.1;93.78677675466372;-40.48322752995853;1.5226785659670699;5191;no
51;blue-collar;married;university.degree;unknown;no;no;cellular;aug;thu;999;4;999;0;nonexistent;1.1;94.94462916197487;-44.717020146273946;2.5496985673405304;4963;yes
32;housemaid;married;basic.4y;unknown;no;no;cellular;aug;fri;488;2;999;0;failure;1.1;93.53875061483834;-37.12061509572767;2.0570324387645726;5191;no
37;retired;married;basic.4y;no;yes;no;telephone;jun;mon;424;4;24;2;nonexistent;1.4;92.96252111402703;-44.00680724059535;2.570871238641769;5099;no
47;services;married;high.school;unknown;no;no;cellular;may;thu;81;1;999;0;failure;-0.1;93.52802714660139;-33.761019388359344;4.570760614960543;5228;no
36;retired;married;university.degree;no;yes;yes;cellular;may;thu;8;3;999;0;nonexistent;1.1;93.83546516457885;-42.53236908474337;0.885547970054954;5099;no
30;technician;single;high.school;no;yes;no;telephone;jul;wed;106;2;999;0;nonexistent;-1.8;93.65780501146133;-42.50503551568792;4.527141872718544;5017;no
33;admin.;divorced;high.school;no;yes;no;cellular;may;wed;683;1;999;0;nonexistent;1.1;94.44552680818776;-34.72229120481249;4.337534327412782;5191;no
55;blue-collar;single;university.degree;no;no;no;cellular;nov;mon;267;4;999;0;nonexistent;-1.8;92.9754404454697;-35.38873805787945;4.963388225588133;5099;no
32;housemaid;married;university.degree;no;yes;no;cellular;may;mon;54;1;999;0;nonexistent;1.4;94.16310141379752;-37.25089266108931;4.139614117471117;5008;no
29;admin.;married;basic.9y;unknown;no;no;cellular;aug;fri;105;1;999;0;failure;-0.1;93.16167860860229;-35.83643643539923;5.010016507848248;5195;no
43;management;married;professional.course;no;no;yes;cellular;may;wed;35;4;999;0;nonexistent;-1.8;94.36772536233923;-42.76010957124399;3.579442681519018;5195;no
42;services;married;basic.9y;no;yes;no;telephone;aug;wed;195;2;23;2;nonexistent;-0.1;94.22381652438398;-36.16854184369542;3.625063696528918;5008;no
22;blue-collar;single;university.degree;no;no;no;cellular;aug;tue;30;5;999;0;nonexistent;1.4;93.07013157236615;-42.20337362497266;5.1;5195;no
47;entrepreneur;single;high.school;no;yes;no;cellular;jul;fri;422;1;999;0;failure;-0.1;93.63944101076125;-42.18582492578852;5.1;5099;no
37;services;married;professional.course;unknown;no;unknown;cellular;aug;wed;47;2;999;0;nonexistent;-1.7;93.45157187000397;-40.12881483009782;4.658993714224667;5176;no
56;admin.;married;university.degree;unknown;no;no;cellular;may;wed;62;1;999;0;nonexistent;-1.7;93.4472250454259;-45.75007590077936;3.488713669712154;5191;no
34;services;married;professional.course;unknown;yes;no;telephone;mar;mon;342;5;999;0;nonexistent;-0.1;92.77833168807742;-36.816832470778955;1.2760671659193885;5176;no
42;retired;single;basic.4y;unknown;yes;no;cellular;apr;fri;625;4;999;0;success;-1.8;93.21715008714153;-37.67151769496208;0.6;5228;no
47;entrepreneur;married;professional.course;no;no;no;telephone;may;thu;173;2;999;0;nonexistent;1.1;93.55943532717328;-38.8412299512224;5.1;5176;no
46;unemployed;married;basic.9y;no;no;no;telephone;jun;mon;122;4;999;0;nonexistent;1.1;93.65242402307221;-40.635354038748474;2.2275386371254906;4963;yes
33;admin.;married;basic.4y;unknown;no;no;telephone;jun;fri;15;3;999;0;nonexistent;1.1;93.77140506220906;-41.03440497884383;1.4061629022160809;5099;no
29;admin.;single;university.degree;no;no;no;telephone;may;tue;183;2;0;2;nonexistent;-1.8;93.22688895817939;-38.15251742577817;1.8990334987235011;4963;yes
44;admin.;married;basic.9y;no;yes;no;telephone;may;thu;159;2;1;1;nonexistent;-0.1;93.9392346133453;-40.43740575529715;3.3142405007751043;5176;no
38;admin.;married;professional.course;no;yes;yes;cellular;aug;mon;841;1;999;0;nonexistent;1.1;93.17812616659333;-43.71034842234228;0.6;5008;yes
52;services;divorced;high.school;no;yes;no;telephone;apr;wed;149;3;24;1;nonexistent;-1.8;92.62308728278424;-40.906243331242905;1.5013530570285223;5195;no
43;blue-collar;married;unknown;no;yes;no;telephone;may;fri;14;1;999;0;nonexistent;-0.1;92.144252077228;-38.259234148918964;2.044302701588175;5191;no
45;admin.;married;university.degree;no;yes;no;cellular;may;wed;289;4;999;0;nonexistent;-0.1;92.8074702142351;-44.8995198713454;0.6;5191;no
30;student;married;high.school;unknown;no;no;cellular;apr;mon;467;2;999;0;nonexistent;-1.7;93.17837322792099;-36.02468713365839;3.434968869868513;5228;no
49;admin.;married;basic.4y;unknown;yes;yes;telephone;may;mon;373;3;999;0;nonexistent;1.1;93.51789824479064;-35.495272671507195;3.1347901607102266;5099;no
51;self-employed;married;university.degree;no;unknown;no;cellular;may;mon;75;1;999;0;nonexistent;-1.7;94.49140030486808;-34.110354968040674;3.5;5076;yes
41;blue-collar;single;high.school;yes;no;no;telephone;jul;fri;70;5;999;0;nonexistent;-1.8;93.11554547735173;-41.10871837125962;3.794412392859317;5228;no
37;admin.;single;professional.course;no;yes;yes;cellular;apr;fri;6;4;999;0;failure;-1.7;94.00042634015185;-40.96009741666664;5.1;5008;no
42;admin.;divorced;high.school;no;no;no;telephone;may;wed;121;3;7;1;nonexistent;-0.1;92.99332886947813;-45.30235913366788;4.954576305180506;5228;yes
30;technician;married;high.school;unknown;yes;no;cellular;jul;mon;254;5;999;0;nonexistent;-1.7;93.81589792757991;-45.49752168857708;2.084399064211;4963;no
18;blue-collar;married;university.degree;no;no;no;telephone;may;fri;110;1;999;0;failure;1.1;93.28511113407653;-41.86477195979612;5.1;5099;no
18;technician;married;professional.course;no;yes;no;telephone;may;thu;428;3;14;1;failure;-0.1;94.26314370426644;-40.66221996479411;1.2752204123194248;5176;no
27;services;married;professional.course;unknown;yes;no;telephone;jul;fri;33;5;999;0;nonexistent;-0.1;94.3486112027367;-42.910944629602795;4.706957717970623;5176;no
36;blue-collar;married;basic.6y;no;yes;no;cellular;may;thu;1202;2;999;0;nonexistent;-1.8;94.42439597520024;-39.846405023780335;1.844619340958077;4963;no
54;admin.;married;basic.4y;no;yes;no;telephone;aug;tue;13;4;14;1;nonexistent;-1.8;93.43217603304662;-44.68071888019247;0.8613628733239129;5195;no
40;technician;married;basic.4y;unknown;no;no;cellular;may;thu;45;2;10;1;nonexistent;1.4;93.74303930338039;-37.489092455974074;2.5176336795258685;5099;no
46;admin.;single;high.school;unknown;yes;no;telephone;aug;tue;59;2;999;0;nonexistent;-1.7;93.52971763925765;-38.17744468658344;2.329811511420549;5099;no
39;retired;married;high.school;no;no;no;cellular;aug;mon;125;5;999;0;success;-1.7;93.76536831883489;-43.0534397076373;1.0094542972785363;5099;no
33;retired;single;basic.6y;no;no;no;telephone;apr;wed;142;3;999;0;nonexistent;-0.1;93.99452625992285;-48.23317823930544;3.846301524779268;5228;no
36;admin.;married;university.degree;no;yes;no;telephone;aug;mon;282;2;29;3;nonexistent;-1.7;93.51215632232426;-44.45350374299009;0.8912105677514557;5008;yes
32;unemployed;married;university.degree;no;yes;no;cellular;nov;fri;249;1;999;0;nonexistent;-1.8;93.67739406682738;-38.95340342242212;3.7993190870147817;5076;no
29;blue-collar;single;basic.9y;no;yes;no;cellular;jun;tue;148;2;999;0;nonexistent;-1.7;94.62111224895035;-38.28117865655546;2.1838655579909556;5017;yes
47;technician;single;high.school;no;no;no;cellular;may;tue;209;4;999;0;nonexistent;-1.8;94.28120436412281;-37.970477906575766;3.242565172867031;5008;no
37;management;single;university.degree;no;no;no;cellular;may;tue;77;1;3;1;nonexistent;1.4;92.9323157925486;-47.90317016593947;1.9804182058886073;5191;no
31;admin.;married;high.school;unknown;no;no;cellular;apr;wed;30;3;999;0;nonexistent;-1.7;93.50662672132513;-41.17333127679424;4.3656525793128464;5176;no
41;admin.;single;university.degree;no;yes;no;cellular;may;tue;488;3;3;3;nonexistent;-1.8;93.02553723417743;-31.32891288053823;5.1;5017;no
49;management;married;university.degree;unknown;no;no;telephone;may;mon;58;3;999;0;nonexistent;1.1;93.93116930470977;-40.171196967846925;1.871335627515322;5195;no
31;retired;married;university.degree;no;yes;no;telephone;jun;mon;124;1;999;0;nonexistent;1.1;92.76518115381252;-42.21409552696804;4.96746476498064;5195;no
49;services;married;professional.course;no;yes;no;cellular;aug;tue;125;2;999;0;nonexistent;-1.8;94.12190011984583;-32.881079663022504;5.1;5099;no
41;technician;married;basic.6y;no;yes;no;cellular;apr;wed;2163;4;999;0;failure;-1.7;92.9816551267898;-36.9731682118346;2.6799696603633616;5099;no
49;self-employed;married;basic.9y;no;yes;yes;telephone;may;tue;58;2;999;0;nonexistent;1.4;92.87351703051776;-41.43970227742567;3.8341798788173436;5099;no
53;self-employed;married;basic.9y;unknown;yes;no;telephone;may;fri;91;2;999;0;nonexistent;-0.1;92.74046400174042;-34.57983607033465;1.1834161810311998;5228;no
27;admin.;single;basic.4y;no;yes;no;telephone;jul;tue;205;1;999;0;nonexistent;-1.7;92.488893367793;-41.435850080774664;3.554978369617469;5017;no
24;admin.;single;university.degree;no;yes;no;telephone;dec;wed;398;2;999;0;nonexistent;-1.7;93.38578746668044;-45.55798622024082;1.8229684587635928;5099;no
33;services;married;university.degree;no;no;no;cellular;may;thu;7;3;999;0;nonexistent;-0.1;93.38125879634487;-45.71449382880242;4.378943589139354;5228;no
36;admin.;single;high.school;no;no;no;cellular;jul;mon;13;1;999;0;nonexistent;1.1;92.87951187206615;-39.05268119479498;1.4038220531721768;5195;no
42;technician;single;university.degree;no;yes;no;telephone;may;fri;412;1;999;0;nonexistent;-0.1;92.87372898109393;-33.70642766875954;4.164880715228972;5099;no
43;admin.;married;high.school;no;yes;no;telephone;nov;mon;47;2;999;0;nonexistent;-0.1;94.08922682571556;-37.24707402909998;3.2315578834115652;5176;no
60;unemployed;divorced;high.school;unknown;no;yes;cellular;may;wed;55;3;999;0;nonexistent;-1.7;93.74366629896112;-41.975782368288506;4.742492557774965;5176;no
18;blue-collar;married;basic.6y;unknown;no;no;cellular;may;wed;45;5;999;0;nonexistent;1.1;93.7352204974438;-34.29448387096379;5.1;5228;no
41;admin.;single;university.degree;no;no;no;telephone;jul;fri;39;8;999;0;nonexistent;-1.8;93.16185041418606;-34.48634314403834;2.3929629133948382;4963;no
49;management;married;high.school;no;no;yes;cellular;aug;thu;25;2;999;0;nonexistent;-1.8;93.0717641637866;-37.707492456058134;4.591299489407948;5099;no
28;admin.;married;university.degree;unknown;yes;yes;telephone;nov;thu;489;3;999;0;nonexistent;-1.7;92.5413102043231;-35.01450024424138;3.2121588909065726;5176;no
35;entrepreneur;single;professional.course;no;yes;no;cellular;may;fri;280;2;15;1;failure;1.1;94.01238095781584;-36.744117105736024;4.765490906519381;5195;no
52;retired;married;professional.course;yes;yes;yes;telephone;jun;thu;513;3;999;0;nonexistent;-0.1;94.20870438570887;-37.809632869937175;5.1;5228;no
24;blue-collar;single;basic.6y;no;yes;yes;telephone;may;thu;852;5;999;0;nonexistent;-0.1;93.83645429701492;-41.61059211433762;2.4798838090900244;5008;no
44;blue-collar;married;high.school;unknown;yes;yes;cellular;jun;wed;30;2;999;0;nonexistent;-0.1;93.33870858124851;-37.628641072070465;2.762573403298486;5228;no
53;admin.;single;unknown;no;no;yes;telephone;may;mon;253;1;999;0;nonexistent;1.1;93.21214012101245;-34.71192992150545;2.4504952453252;5195;no
19;blue-collar;single;professional.course;unknown;yes;no;cellular;may;tue;100;4;999;0;nonexistent;1.4;93.87375184420728;-43.23467191190952;3.444140885084989;5008;no
34;admin.;married;university.degree;no;yes;no;cellular;may;thu;19;3;999;0;nonexistent;-1.8;94.1600372426039;-31.96481421748762;4.510229461511929;4963;no
56;admin.;married;university.degree;no;no;no;telephone;jul;thu;325;5;999;0;nonexistent;-1.7;93.8927639897304;-43.55473465636182;4.962381014848734;5191;no
45;unemployed;married;university.degree;no;no;no;cellular;may;thu;127;7;1;1;nonexistent;1.1;93.27971867264985;-36.299022723967546;1.7716788868657192;5076;no
42;unemployed;married;university.degree;no;yes;yes;cellular;may;thu;54;2;999;0;nonexistent;-1.7;94.06866325492179;-43.97472111020232;2.759954550576124;4963;no
49;technician;married;professional.course;no;yes;no;telephone;may;wed;154;5;999;0;nonexistent;1.1;93.98602490664985;-37.959409752871196;4.2937738048583505;5191;no
29;blue-collar;married;basic.6y;no;yes;no;cellular;may;tue;251;3;21;2;nonexistent;-1.8;93.93521304879445;-39.5801979521061;4.240817288706087;5176;no
35;blue-collar;single;university.degree;no;yes;no;telephone;apr;wed;271;3;4;1;nonexistent;-1.8;92.83599688656871;-39.54811530619255;5.1;5228;no
38;services;married;university.degree;no;yes;no;telephone;jul;wed;225;3;999;0;nonexistent;1.1;92.78543753672541;-36.87581953229782;1.81450910681778;5076;no
42;admin.;married;basic.6y;no;no;no;telephone;jul;wed;233;2;999;0;nonexistent;-1.8;93.26837500740939;-42.545749416308645;5.1;5017;no
35;services;married;university.degree;no;yes;no;cellular;jun;thu;48;6;999;0;nonexistent;1.4;94.33855917222868;-45.70027824942365;4.631934079908123;5195;no
20;admin.;single;basic.4y;no;no;yes;cellular;may;thu;99;5;999;0;nonexistent;1.4;93.60627523980268;-42.077401287267435;4.140667036351027;5099;no
44;services;married;university.degree;no;no;no;cellular;nov;tue;60;1;999;0;nonexistent;-1.7;92.75500373386016;-33.68757942864802;0.6;5191;no
32;technician;divorced;basic.6y;no;no;no;cellular;may;wed;647;1;999;0;nonexistent;-0.1;93.38926080890947;-42.176649917292465;5.1;5099;no
42;services;married;high.school;unknown;yes;no;cellular;jul;tue;30;1;999;0;nonexistent;-1.7;93.32156578748662;-37.31516342084008;1.321266201496271;5099;no
40;technician;single;professional.course;no;yes;no;cellular;jun;tue;355;1;19;1;nonexistent;-1.8;94.32660325986949;-37.16179306726231;4.924763608096426;5008;no
33;blue-collar;divorced;basic.6y;yes;unknown;no;cellular;jul;tue;55;2;21;2;failure;1.4;93.51352552689345;-37.29838923848126;3.6979072070233707;5191;no
31;technician;single;university.degree;no;no;no;cellular;jul;thu;82;1;999;0;nonexistent;1.1;93.53123588184842;-34.50919811205169;1.800661683605842;5099;no
61;services;single;high.school;no;no;no;cellular;aug;wed;1413;2;4;2;nonexistent;1.4;94.93707639365653;-37.97288444585744;5.018741093292939;5228;yes
55;admin.;married;university.degree;no;yes;no;cellular;nov;thu;107;2;999;0;nonexistent;1.4;93.32046767590259;-39.29159893970356;3.4935301959912053;5191;no
39;student;married;high.school;no;no;no;cellular;jun;wed;394;3;999;0;success;-0.1;94.19164869729047;-38.30094674632624;4.50165977354026;5228;no
49;blue-collar;married;basic.4y;no;no;no;cellular;may;wed;4;2;999;0;nonexistent;1.1;92.8874779701452;-42.64600580157079;0.9061858473661789;5195;no
46;blue-collar;married;university.degree;no;no;yes;cellular;aug;wed;93;1;999;0;nonexistent;-0.1;93.57522530049802;-32.69761312218738;2.3144506432828216;5195;no
47;services;single;high.school;no;no;no;cellular;sep;mon;5;2;999;0;nonexistent;1.1;93.17980037820041;-42.99613303148983;1.3808979615465307;5191;no
41;management;married;university.degree;no;yes;no;telephone;aug;mon;83;1;25;2;nonexistent;1.1;93.93033961387741;-47.07267850552333;4.301057018365432;5195;no
48;blue-collar;married;high.school;unknown;yes;no;cellular;jul;tue;706;3;999;0;nonexistent;1.1;93.22035744934766;-36.99998783557281;2.6719355884681457;5076;no
50;technician;married;university.degree;unknown;yes;no;cellular;aug;thu;185;7;999;0;nonexistent;-1.7;94.16436682344691;-32.99429534149723;3.6411283667689105;5191;no
49;blue-collar;married;university.degree;no;no;no;cellular;may;thu;378;4;999;0;nonexistent;1.1;94.30375834026255;-47.03756548683115;2.7544063066301563;5099;no
20;services;married;high.school;no;no;yes;telephone;jun;tue;103;6;17;1;nonexistent;-0.1;93.2446374433296;-45.54269051288182;4.78535190983713;5228;no
40;technician;divorced;professional.course;no;no;yes;telephone;may;tue;57;2;999;0;nonexistent;-1.7;93.66619358822852;-41.113740779090264;5.1;5017;no
59;admin.;single;university.degree;unknown;no;no;telephone;may;tue;160;4;999;0;nonexistent;-0.1;93.53088331709358;-51.23970810540193;4.879592484036949;5176;no
47;retired;single;professional.course;no;no;no;cellular;jun;thu;27;5;999;0;nonexistent;1.1;92.51244847248553;-35.884870296267;3.1236438307369054;5017;no
29;self-employed;married;unknown;no;no;no;cellular;may;fri;54;1;999;0;nonexistent;1.4;93.14580772604732;-40.73791064115261;3.7857356754665488;5099;no
23;blue-collar;single;high.school;no;yes;no;cellular;may;tue;142;2;2;1;nonexistent;-0.1;93.3364329392362;-39.83035079965866;4.6375424088883;5176;no
41;blue-collar;single;university.degree;no;yes;no;telephone;may;wed;48;6;999;0;nonexistent;-1.7;93.2928744598917;-41.30580734686983;4.192745095886272;5191;no
18;management;married;university.degree;unknown;no;no;telephone;may;tue;204;2;1;1;nonexistent;1.4;92.55179896622839;-40.87453595412015;2.242022070428562;5017;yes
43;entrepreneur;single;university.degree;no;yes;no;telephone;jul;thu;121;1;23;1;nonexistent;1.4;93.7106734519641;-35.304325602015325;4.965945168363618;5176;no
39;technician;divorced;basic.9y;no;yes;no;cellular;nov;wed;266;2;999;0;nonexistent;-0.1;93.0414913531695;-38.943149454837624;5.1;5195;no
32;entrepreneur;married;basic.4y;no;no;no;cellular;apr;fri;533;2;16;1;nonexistent;-1.8;92.80743744162801;-36.018550146963044;3.8881948882891875;5191;no
52;admin.;single;university.degree;no;yes;no;telephone;may;fri;22;4;4;1;nonexistent;1.1;92.82688659828946;-43.59497914019279;3.073884150915961;5176;no
37;admin.;married;basic.9y;no;yes;no;cellular;may;thu;1259;3;999;0;nonexistent;1.1;93.45421926156197;-42.82414927897837;4.050076372245715;5191;no
31;entrepreneur;married;university.degree;unknown;yes;no;telephone;aug;tue;69;1;999;0;nonexistent;-1.8;92.76507428554913;-39.88257229804367;4.0245813717488925;5195;no
51;services;married;professional.course;no;no;no;cellular;jul;wed;29;2;999;0;nonexistent;1.1;93.65492898893518;-40.26285233041608;4.427678304011325;5191;no
42;services;single;university.degree;no;yes;no;telephone;nov;wed;299;1;999;0;nonexistent;1.1;94.09326364679019;-35.293395011032935;2.3205010222466163;5195;no
35;services;married;university.degree;no;yes;no;cellular;may;wed;256;2;999;0;nonexistent;-0.1;92.95087183435007;-37.49118545692417;2.6683344276127543;5176;no
25;admin.;single;unknown;no;yes;no;cellular;nov;wed;48;3;999;0;nonexistent;-1.7;93.70761657118446;-40.45838409239781;1.3852342440642382;5176;no
38;entrepreneur;single;high.school;no;no;no;cellular;aug;thu;138;2;999;0;nonexistent;-0.1;94.0198565283614;-38.78098323541991;3.4288894485460477;5176;no
30;admin.;single;high.school;no;no;no;cellular;jul;wed;11;2;22;1;nonexistent;1.1;92.86467465379204;-43.242485403934744;5.1;4963;no
47;admin.;married;basic.9y;no;yes;no;cellular;aug;fri;145;4;999;0;success;1.1;93.81928669705614;-43.75383903173462;4.03330328531809;5228;no
25;management;single;basic.9y;no;no;no;cellular;sep;mon;282;1;999;0;nonexistent;-1.7;94.0825651723486;-46.07806061549855;3.7896931443505695;5195;no
51;admin.;single;university.degree;no;yes;no;telephone;may;wed;153;2;999;0;nonexistent;1.1;93.86939215622039;-30.325775341449507;4.630641353957262;5195;no
51;retired;single;high.school;no;yes;no;telephone;may;wed;2009;7;999;0;nonexistent;-1.8;93.56830911429039;-40.336757436046554;3.725594919267182;5099;no
38;management;married;basic.9y;no;yes;no;cellular;aug;tue;198;1;24;1;nonexistent;1.4;94.54784872537819;-40.492536801280124;4.1878441785625204;5099;no
47;management;married;basic.6y;no;no;no;cellular;aug;mon;80;1;15;1;success;-0.1;93.47827281658587;-38.30721242807913;5.1;5099;yes
50;blue-collar;married;basic.9y;no;yes;no;telephone;may;wed;841;6;18;1;failure;-1.7;93.0358139599545;-39.8018197974252;1.5672108384973837;5076;yes
32;technician;single;university.degree;no;yes;no;cellular;may;wed;188;3;999;0;nonexistent;1.4;92.71632527383858;-38.80251087425953;3.874092541549745;5228;no
45;blue-collar;single;university.degree;no;no;no;cellular;may;fri;1815;4;3;1;nonexistent;1.1;93.85215767179055;-40.72173638768394;0.7280741956724746;5191;no
47;management;single;professional.course;no;yes;no;cellular;aug;thu;228;2;999;0;nonexistent;-1.7;93.18852415246855;-36.098180008978936;3.7047771994153558;5076;no
32;admin.;married;basic.4y;no;yes;no;cellular;apr;thu;387;1;999;0;nonexistent;-1.7;93.19074946315196;-33.28960578142071;2.6593077799678637;5176;no
50;blue-collar;single;university.degree;no;no;no;cellular;oct;fri;0;5;999;0;nonexistent;-1.7;93.15236899060336;-37.60099188471943;2.2865121822356698;5099;no
45;retired;married;high.school;no;yes;no;telephone;jul;wed;488;2;999;0;nonexistent;-1.7;93.65274813939418;-33.01294715024838;2.126993184131023;5228;no
50;admin.;married;professional.course;no;yes;no;cellular;may;thu;128;5;999;0;nonexistent;1.4;93.24422802245847;-35.518085968550764;1.3885693102163983;5228;no
46;blue-collar;single;professional.course;no;no;no;cellular;may;fri;217;3;999;0;nonexistent;1.4;92.7808759179964;-41.996310486573506;3.546565018168583;5008;no
52;blue-collar;married;university.degree;no;no;yes;telephone;jul;tue;348;2;999;0;nonexistent;1.1;94.22357177694106;-44.216899043615015;1.1783277924660054;5228;no
43;blue-collar;married;basic.9y;no;yes;no;cellular;may;tue;113;4;999;0;nonexistent;-1.7;93.07664813354886;-47.81003297650917;4.268036838262868;5099;no
35;admin.;married;professional.course;unknown;yes;yes;telephone;nov;mon;324;1;999;0;nonexistent;-1.7;93.4967221856333;-40.63872377184789;2.9210288554623336;5017;no
38;technician;married;unknown;no;no;no;telephone;jul;tue;35;2;999;0;nonexistent;-1.7;93.57841661656434;-39.17911973906834;3.833217231212695;5076;no
35;blue-collar;married;basic.4y;no;yes;no;telephone;sep;mon;31;6;999;0;nonexistent;-1.8;93.5079873686086;-38.53635954758022;5.011917803150415;5076;no
36;housemaid;single;university.degree;unknown;no;no;telephone;may;thu;30;2;22;2;nonexistent;1.1;94.05557255141069;-41.559424643079886;4.301904507573817;5191;no
49;blue-collar;married;university.degree;no;no;no;cellular;jul;wed;367;4;999;0;nonexistent;-0.1;93.80291269772528;-36.84119580216803;5.1;5195;no
39;blue-collar;single;high.school;no;yes;no;cellular;nov;thu;1394;2;999;0;nonexistent;-0.1;93.14013047664147;-32.52966323508051;4.4918142822892015;5228;no
41;admin.;married;high.school;no;no;no;cellular;may;mon;185;2;999;0;nonexistent;1.1;93.41844871019097;-37.63951956095923;3.328866184981665;5195;no
20;admin.;single;university.degree;no;no;no;cellular;jul;fri;69;3;999;0;nonexistent;1.1;93.412736935776;-43.22182773708445;3.739188818624193;5228;no
42;unemployed;single;professional.course;no;no;no;cellular;nov;mon;72;4;999;0;failure;1.1;93.72531066451506;-33.63966676811383;1.5730567384335485;5191;no
42;technician;married;university.degree;no;no;no;telephone;jun;thu;30;1;4;1;nonexistent;-1.7;93.40161236956664;-45.39800495724987;3.301928579231114;5176;no
41;admin.;married;basic.4y;no;yes;no;telephone;aug;wed;69;4;999;0;nonexistent;1.1;93.40044456254715;-39.05044369572352;2.1185241298861017;5099;no
22;admin.;single;high.school;no;no;no;telephone;aug;tue;245;7;999;0;nonexistent;-0.1;93.39604674849696;-46.81023637763526;3.24623955730742;5191;no
34;admin.;single;professional.course;no;no;no;cellular;aug;tue;136;4;999;0;nonexistent;-0.1;92.96280345568591;-43.51123547638365;4.612643510251052;5099;no
24;blue-collar;married;university.degree;no;yes;yes;telephone;jul;mon;168;1;999;0;nonexistent;1.4;93.44555511915918;-37.95685257642278;3.90700798766197;5228;no
33;admin.;single;high.school;unknown;yes;no;cellular;may;wed;90;1;999;0;nonexistent;-1.8;93.53252093600013;-42.96620449504093;5.1;5228;no
38;admin.;married;basic.9y;unknown;yes;yes;telephone;jul;thu;602;1;999;0;failure;-1.8;94.02337767856356;-39.86875024246513;3.482863693642691;5017;no
40;blue-collar;divorced;high.school;no;no;yes;telephone;jul;tue;873;1;24;3;nonexistent;-1.7;93.52262860770097;-44.030548932013524;1.7441672336676142;5176;yes
36;admin.;married;professional.course;no;yes;no;telephone;sep;wed;499;1;999;0;success;-1.8;93.80148841575544;-36.93725423253898;4.095435904957428;5176;no
37;admin.;married;basic.9y;no;yes;no;telephone;jul;wed;1;1;999;0;nonexistent;1.1;93.7022461724393;-43.627562102809456;5.1;5099;no
37;technician;single;basic.9y;no;no;no;cellular;may;tue;153;3;13;1;nonexistent;-1.7;94.21893743120894;-41.48956601982602;1.6286011998377217;5008;no
27;services;married;university.degree;no;yes;no;cellular;may;fri;227;4;999;0;nonexistent;1.4;93.62719086834119;-51.16907688808349;0.924074876255386;5228;no
33;student;married;high.school;no;no;no;telephone;jul;fri;970;4;999;0;nonexistent;-0.1;93.56420582233292;-40.81564959377318;2.900578723034603;5176;yes
47;technician;married;professional.course;no;no;no;telephone;may;thu;337;2;22;1;nonexistent;-1.7;93.6567706222396;-38.59536563404337;5.1;5228;no
52;technician;single;basic.6y;no;no;no;telephone;aug;wed;0;1;0;1;nonexistent;-1.7;93.32177306330244;-38.75682687584317;3.554050582846471;5076;no
39;technician;married;university.degree;no;yes;no;cellular;aug;wed;0;4;999;0;nonexistent;-1.7;93.99559693104884;-38.08784476897327;1.3716369095089904;5191;no
44;management;single;basic.4y;no;yes;no;telephone;aug;wed;115;4;999;0;nonexistent;1.4;93.04789995825219;-44.399748845920044;0.9006962936783954;5176;no
36;blue-collar;married;university.degree;no;yes;no;cellular;jul;mon;5;1;999;0;nonexistent;1.1;94.21829711339906;-34.98086222532499;3.5843450284762524;5176;no
34;unknown;married;professional.course;unknown;yes;no;cellular;jun;thu;660;2;26;1;nonexistent;-1.7;93.50041076770113;-38.33363499402935;5.1;5195;no
33;technician;married;basic.9y;no;no;no;cellular;aug;thu;45;2;999;0;nonexistent;1.4;93.51917792445943;-42.78709532581591;3.460882277389385;5176;no
61;admin.;married;basic.4y;no;yes;no;cellular;nov;wed;115;1;999;0;failure;-1.7;93.10136627439469;-37.30568534955645;2.098292694980786;5008;yes
30;management;married;university.degree;no;yes;no;cellular;jun;wed;11;6;999;0;nonexistent;-1.8;93.503575107257;-36.7705191221527;3.5066036853244436;5195;no
46;technician;married;basic.4y;no;no;no;cellular;may;mon;253;2;999;0;nonexistent;-1.7;93.59665470853326;-47.6726329693649;1.8245516216464708;5228;no
27;services;single;high.school;unknown;yes;no;telephone;sep;mon;561;2;999;0;nonexistent;1.1;93.31150583058631;-39.68702236776696;5.1;5228;no
62;technician;married;high.school;no;yes;no;telephone;may;fri;8;3;20;1;nonexistent;-0.1;92.85933282617437;-35.49623756635233;3.8831781897056707;5099;no
49;services;divorced;basic.4y;no;yes;no;cellular;jun;tue;73;1;999;0;success;-1.8;93.386437316251;-43.71215354386595;0.6;5228;no
42;blue-collar;married;basic.9y;unknown;yes;no;telephone;nov;wed;345;1;999;0;nonexistent;-1.7;93.18467401569791;-33.822170842312225;2.954586831097555;5176;no
56;blue-collar;married;high.school;no;no;no;telephone;aug;mon;827;4;999;0;nonexistent;1.4;93.15034658623262;-40.51728685239936;3.3458835425125093;5008;no
42;admin.;married;professional.course;no;unknown;no;telephone;may;tue;41;1;999;0;nonexistent;-0.1;93.71826214996264;-43.596129966280266;3.1648024965999006;5099;no
48;blue-collar;single;university.degree;no;no;no;telephone;may;thu;34;3;999;0;failure;-1.7;94.10689673854928;-41.696470436676634;4.412344300851653;5076;no
52;admin.;married;basic.9y;no;no;no;telephone;oct;mon;786;1;999;0;success;-0.1;93.60418357443521;-44.07650406639762;1.5165092322860045;5076;yes
38;technician;single;university.degree;no;no;unknown;cellular;jul;wed;588;2;999;0;nonexistent;-0.1;93.2662391951904;-44.1986537829034;4.83662125922047;5195;no
39;blue-collar;married;university.degree;unknown;no;no;cellular;jul;fri;64;5;999;0;nonexistent;-0.1;94.80409157686195;-43.24747364517206;3.2974153240074084;5099;no
41;admin.;married;basic.6y;no;yes;no;cellular;nov;fri;621;8;24;1;nonexistent;1.4;93.82382929480319;-44.02698213749124;3.644499387466756;5191;no
29;technician;single;high.school;no;no;no;cellular;may;tue;121;4;999;0;nonexistent;1.4;94.78114962426928;-37.50166653170553;3.8005674565609544;5017;no
36;self-employed;married;university.degree;no;no;no;telephone;aug;wed;214;1;999;0;nonexistent;-1.8;93.61761797273255;-40.82002444761028;4.511371333594469;5176;no
35;technician;married;basic.4y;no;yes;no;cellular;aug;fri;270;3;999;0;nonexistent;1.4;93.10104926496739;-39.68513756046014;5.1;5228;no
49;admin.;single;university.degree;no;no;no;cellular;may;wed;104;5;999;0;nonexistent;1.4;94.50166329502468;-41.08594736011239;3.2065008612160835;5228;no
28;blue-collar;divorced;university.degree;no;yes;no;cellular;aug;wed;298;2;5;1;failure;-1.7;94.30804543818296;-39.58617019543084;5.1;5191;no
47;housemaid;single;high.school;unknown;no;no;cellular;jul;thu;126;2;999;0;nonexistent;-1.7;94.61562866449594;-39.947297203734614;5.1;5228;no
43;unemployed;divorced;university.degree;no;no;no;telephone;jun;fri;218;1;17;1;nonexistent;1.4;94.08405198579187;-45.306669625261954;2.0419303877859836;5176;no
25;entrepreneur;single;university.degree;no;no;no;cellular;nov;wed;246;3;999;0;nonexistent;-1.7;93.25264503097777;-37.1872151165295;3.899484303150954;5099;no
46;blue-collar;single;university.degree;no;yes;no;cellular;apr;tue;30;2;999;0;nonexistent;-1.7;92.74167684541347;-39.29652080366261;3.9115045060871068;5228;no
46;blue-collar;married;university.degree;no;no;no;cellular;may;mon;375;1;999;0;nonexistent;1.1;93.3071774526674;-40.55723430456092;4.24999198855031;5176;no
34;blue-collar;divorced;high.school;no;no;no;cellular;may;tue;110;7;999;0;nonexistent;-1.8;93.50142153652418;-41.92022867705095;3.9134567225745394;5195;no
39;admin.;married;basic.4y;no;yes;no;cellular;apr;thu;113;1;999;0;nonexistent;-0.1;93.0185528213037;-43.41531252057147;4.907341969111445;5176;no
30;self-employed;married;university.degree;unknown;no;no;cellular;may;fri;1260;1;999;0;failure;-1.7;92.8034768680229;-45.78920388034693;1.08559945380631;5017;no
57;services;married;professional.course;no;yes;no;cellular;jun;fri;1232;3;999;0;nonexistent;-1.7;93.16833337594709;-44.35446656564237;3.7723023237631104;5176;no
38;retired;married;university.degree;no;yes;no;cellular;aug;mon;249;1;999;0;nonexistent;-1.8;93.62686528283079;-43.833502841059996;4.463339738457789;5228;no
39;admin.;single;university.degree;no;yes;no;cellular;jun;fri;1035;6;999;0;nonexistent;-1.8;93.34612330234329;-33.94285009190219;4.89606760572841;5099;no
41;admin.;married;university.degree;no;no;no;cellular;sep;tue;3000;1;999;0;nonexistent;-0.1;93.58021394559539;-40.40526764038726;1.2969078976391462;5176;no
45;admin.;married;professional.course;no;yes;no;cellular;may;thu;298;1;999;0;nonexistent;-1.8;94.23727288913923;-45.14195328493279;1.680490773966843;5191;no
44;blue-collar;married;university.degree;no;yes;no;cellular;jun;fri;158;1;999;0;failure;-1.8;93.56348818512055;-34.21789406351938;3.6783660686501953;5195;no
40;blue-collar;married;university.degree;unknown;no;no;telephone;apr;mon;865;1;999;0;nonexistent;1.1;94.12421536640693;-36.664515640908164;2.38687474141813;5191;no
36;retired;married;high.school;no;yes;no;cellular;nov;mon;20;8;999;0;nonexistent;1.4;92.95280556001467;-39.26598846458088;3.3121047941177086;5099;no
43;admin.;single;basic.9y;no;yes;no;cellular;aug;wed;406;3;999;0;nonexistent;-1.7;93.14434964631627;-39.98352990346475;2.784859762452766;5008;no
46;technician;married;professional.course;no;no;no;cellular;nov;mon;6;5;999;0;nonexistent;-1.8;93.38649627393202;-47.02435435199678;3.7829620839485374;5099;no
46;management;married;university.degree;yes;unknown;yes;cellular;jul;thu;175;3;11;1;nonexistent;-1.7;92.76470352951527;-39.06086701515011;0.7581812652835903;5076;yes
45;services;single;university.degree;no;no;no;telephone;may;tue;80;2;27;3;nonexistent;1.1;93.00034976789573;-38.32690425572634;4.57556339187005;5099;no
42;student;married;university.degree;unknown;yes;no;cellular;may;wed;183;3;999;0;failure;-1.8;93.69867396553875;-38.05087021121785;3.9611203757440627;5176;no
48;self-employed;single;basic.6y;no;yes;no;cellular;may;fri;30;3;26;1;nonexistent;-0.1;94.05300328467956;-42.16080934854895;4.575949664329723;5099;no
27;admin.;married;high.school;no;no;no;cellular;may;fri;29;1;999;0;nonexistent;-0.1;93.01956784251126;-37.47894350095008;2.069848746136376;5099;no
25;blue-collar;married;university.degree;unknown;no;no;telephone;may;tue;150;4;22;1;nonexistent;-1.8;93.49514751715556;-36.90110900322158;3.3733414353998534;5099;no
21;management;married;basic.9y;no;yes;yes;cellular;may;wed;260;1;10;1;nonexistent;1.4;93.42628490684419;-43.79109510179156;2.8509810353272975;5176;no
43;blue-collar;married;professional.course;unknown;yes;no;cellular;aug;thu;255;3;20;1;nonexistent;-1.8;93.75640737790663;-39.04921072314949;4.666945599916853;5099;no
59;blue-collar;single;high.school;no;yes;no;telephone;nov;thu;134;1;999;0;nonexistent;-1.7;93.37449908703607;-43.45558951281013;5.1;5195;no
51;admin.;divorced;university.degree;no;yes;no;cellular;aug;thu;88;5;5;1;failure;-0.1;93.44617224541561;-40.25721669624321;5.1;5228;no
37;admin.;married;illiterate;no;no;no;telephone;nov;tue;255;1;999;0;nonexistent;-1.8;93.74383604352836;-50.0558605553371;1.6158901030804187;5195;yes
41;services;married;university.degree;no;no;no;cellular;jul;tue;102;1;999;0;nonexistent;-1.7;92.55357762296603;-37.995800449631695;1.4358560665013975;5099;no
32;unknown;single;university.degree;no;no;no;cellular;may;thu;785;1;999;0;failure;1.4;94.12853454907726;-44.94456797661389;4.569167763231148;5008;yes
52;housemaid;divorced;basic.6y;unknown;no;yes;cellular;may;fri;268;3;999;0;nonexistent;1.1;93.56429367597894;-37.12425401079625;4.44160750847217;5195;no
40;entrepreneur;married;university.degree;unknown;no;no;cellular;oct;tue;1029;3;999;0;failure;-0.1;93.02678183048143;-37.386572366677996;4.288800819033223;5176;no
36;unknown;divorced;basic.9y;no;yes;no;cellular;may;fri;331;1;999;0;nonexistent;-0.1;93.32315599646444;-31.587768539097663;1.3265697456837122;5195;no
35;admin.;married;high.school;no;no;no;cellular;may;wed;4;2;11;1;nonexistent;-0.1;94.06870994958224;-49.43030924666019;4.685661244343308;5176;no
43;blue-collar;single;professional.course;unknown;yes;no;cellular;may;thu;69;1;999;0;nonexistent;-1.7;92.24012247570876;-39.380591624630775;3.783522334908221;5076;no
26;admin.;married;university.degree;no;yes;no;telephone;sep;thu;136;2;22;1;failure;-0.1;93.56578860913949;-42.720824259240935;1.6971653015590944;5008;yes
33;technician;married;professional.course;no;yes;no;cellular;oct;tue;23;2;999;0;nonexistent;1.1;93.72574575070152;-39.940154162038596;3.257626973628489;5195;no
49;admin.;married;high.school;no;no;yes;cellular;aug;tue;59;5;23;1;nonexistent;1.4;94.40397107515571;-43.454449357488045;4.579941335251927;5176;no
19;services;married;university.degree;no;yes;yes;cellular;jul;tue;9;3;999;0;failure;-0.1;92.74561865380299;-47.53715698874047;3.432721967082799;5195;no
25;blue-collar;married;basic.9y;no;no;no;telephone;may;thu;209;1;14;1;nonexistent;-1.8;93.5373810763141;-32.2308136076902;0.6480641976528325;5017;no
50;entrepreneur;married;basic.4y;no;yes;no;cellular;nov;wed;13;2;18;2;nonexistent;-0.1;93.42637875579393;-39.3584191864657;0.9329051772494891;5176;yes
51;admin.;single;high.school;unknown;yes;yes;telephone;jul;fri;398;1;999;0;nonexistent;-1.8;94.79385456687983;-44.47424787015412;4.668713145095851;5191;no
51;blue-collar;married;professional.course;no;yes;no;cellular;apr;fri;639;4;999;0;nonexistent;1.1;93.96699621072494;-41.42086981583884;4.817206830252347;5176;no
39;admin.;married;university.degree;no;yes;yes;cellular;aug;tue;11;2;999;0;nonexistent;-1.7;94.2136021379819;-41.24794854618719;2.4707033060792876;5195;no
42;blue-collar;married;illiterate;no;yes;no;cellular;may;thu;70;1;999;0;nonexistent;1.1;93.95195718930984;-35.72291806452181;4.58885102351175;5099;no
48;admin.;single;professional.course;no;yes;no;telephone;may;thu;152;1;7;1;success;-1.7;92.78264888550234;-39.96124454639438;1.1269455542614382;5228;yes
35;housemaid;married;basic.9y;unknown;no;no;cellular;apr;wed;601;3;999;0;nonexistent;-0.1;93.85015790261382;-39.45867664417038;2.6233010295918215;5176;no
38;unemployed;single;high.school;no;no;no;telephone;aug;thu;375;3;999;0;failure;-1.7;94.11186552413663;-39.13196147345322;4.624247418993248;4963;no
27;technician;single;basic.9y;no;no;no;telephone;apr;mon;375;2;999;0;failure;-1.7;94.56459546797413;-40.641181356740034;4.438790485491314;5099;no
30;blue-collar;married;professional.course;no;yes;no;cellular;may;thu;34;1;999;0;nonexistent;-0.1;93.49797151267765;-34.80692817317302;5.010658802319309;5228;no
43;technician;married;university.degree;yes;yes;no;telephone;apr;mon;55;2;999;0;nonexistent;1.4;92.45552909048799;-40.1245958319903;1.5743793256728034;5017;no
38;blue-collar;married;basic.9y;unknown;no;no;cellular;jul;mon;14;3;5;1;nonexistent;1.1;93.3256807751415;-36.529229590026716;2.917469307426071;5195;no
34;blue-collar;married;basic.6y;no;no;yes;cellular;jul;fri;1225;3;999;0;nonexistent;-1.7;93.41445911333707;-38.34479839424597;4.126695372508622;5191;no
52;technician;married;university.degree;no;no;no;telephone;may;tue;1718;2;999;0;nonexistent;-1.8;93.52163731103339;-34.65540708988786;2.024573776857279;5176;yes
32;student;married;professional.course;unknown;no;yes;cellular;nov;mon;146;5;999;0;nonexistent;-0.1;94.90319380469539;-39.70229530419184;4.580827847037142;5008;no
35;blue-collar;married;university.degree;no;yes;no;cellular;aug;thu;185;3;999;0;nonexistent;-0.1;93.50269712325132;-39.477041825883234;1.5991926272526464;5191;no
40;management;single;basic.4y;no;yes;no;cellular;jul;wed;109;5;999;0;nonexistent;1.1;93.28340831361076;-39.92087604548465;1.6807184165989635;4963;yes
38;management;married;university.degree;no;no;no;telephone;jun;thu;842;7;15;1;nonexistent;1.4;93.23587071890374;-38.17887391810141;3.379186436076862;5191;no
37;unemployed;married;university.degree;no;no;no;cellular;may;fri;301;2;999;0;nonexistent;1.4;93.60434872277344;-44.1109225503718;0.6;5191;no
28;admin.;married;high.school;no;no;no;telephone;oct;fri;326;1;27;1;nonexistent;1.1;93.20371174259697;-39.84860205398092;2.867874278340577;5191;no
44;admin.;married;basic.9y;no;no;no;cellular;may;wed;52;4;22;1;nonexistent;1.1;92.81575460657882;-45.4952169162242;2.0389436771567535;5176;no
39;technician;single;high.school;unknown;no;no;telephone;sep;fri;368;1;999;0;nonexistent;1.4;93.50695210826498;-40.43001980470704;4.2307377431811375;4963;no
43;technician;married;university.degree;no;no;no;cellular;jun;mon;696;2;26;1;success;-0.1;93.83588109731672;-41.26658636197778;1.7101996401207014;5195;yes
41;technician;single;professional.course;no;no;no;cellular;apr;tue;525;1;999;0;nonexistent;-1.8;92.88526965737161;-38.58664300689466;4.691592440904433;5176;no
58;technician;single;professional.course;no;no;no;telephone;nov;mon;193;5;1;1;nonexistent;1.4;93.48103239767633;-37.95934670548527;4.970248986259171;5099;no
51;management;married;basic.4y;no;yes;no;telephone;may;wed;244;4;999;0;nonexistent;-0.1;94.2153935748316;-44.65593160430411;4.441482659226088;5176;no
29;self-employed;married;university.degree;no;no;no;cellular;nov;tue;487;3;999;0;nonexistent;-1.8;92.57226005477239;-41.46034427469497;3.523671214230806;5176;no
62;technician;married;high.school;no;no;no;cellular;may;tue;86;1;999;0;failure;-0.1;93.28415566566875;-33.27020201824002;3.709071625673163;5228;no
35;admin.;married;university.degree;unknown;no;yes;telephone;may;thu;381;3;8;1;nonexistent;-0.1;93.91234552481022;-42.06377850263972;3.453872288606977;5099;no
34;admin.;married;basic.9y;unknown;no;no;telephone;aug;wed;702;2;999;0;nonexistent;1.1;93.36393556778118;-39.03351747263079;4.672624673540964;5099;no
34;admin.;divorced;unknown;no;yes;no;cellular;mar;fri;122;1;999;0;nonexistent;-1.7;93.50315062109519;-38.332346930133;3.6448622248619538;5017;no
35;entrepreneur;married;university.degree;unknown;yes;no;cellular;jun;wed;315;5;999;0;nonexistent;-0.1;93.77105533672677;-48.90850593291343;1.6718131932806337;5195;yes
33;technician;married;basic.4y;no;no;no;cellular;may;wed;114;2;999;0;nonexistent;-1.8;92.70972972602746;-42.14920414258377;4.217992990549479;5099;no
44;blue-collar;married;basic.4y;no;yes;no;cellular;apr;thu;344;6;999;0;nonexistent;-1.7;92.88915192171491;-41.51033475009889;2.5614613878162276;5099;no
46;blue-collar;married;university.degree;no;no;yes;telephone;jun;wed;186;2;0;1;failure;-1.7;93.77258652992636;-36.8883712774747;4.7257071263545845;5228;no
38;admin.;single;university.degree;no;no;no;telephone;apr;mon;379;3;999;0;nonexistent;1.1;93.79693453024817;-35.405405767609054;3.5817172603191128;5099;no
33;blue-collar;single;basic.4y;no;no;no;cellular;jun;mon;140;3;999;0;nonexistent;-0.1;93.19948089741027;-43.09145503728531;4.321478125786315;5076;no
41;blue-collar;single;professional.course;no;yes;no;cellular;may;wed;3;2;999;0;nonexistent;-0.1;94.34777864665612;-46.289787400005935;5.1;5176;no
39;admin.;married;basic.9y;unknown;no;no;cellular;jul;thu;271;1;999;0;nonexistent;-0.1;93.55229945245846;-32.50552683328113;4.692143462743153;5008;no
23;blue-collar;married;high.school;no;yes;yes;telephone;may;wed;71;3;999;0;nonexistent;-1.8;93.07450348651189;-31.185640153946515;2.9213981124007518;5228;no
47;blue-collar;divorced;university.degree;no;yes;no;telephone;jul;wed;114;4;999;0;nonexistent;-0.1;93.86504481808312;-45.21469030278396;1.509542172518258;5076;no
37;unemployed;single;high.school;unknown;yes;no;cellular;may;mon;288;3;21;1;nonexistent;-1.7;93.50999220098764;-47.372665614953306;0.7112640273997561;4963;yes
50;technician;single;university.degree;no;yes;no;cellular;oct;thu;8;1;999;0;failure;1.1;93.04394296659495;-42.51648522361387;1.9853275661705019;5099;yes
28;services;married;basic.4y;no;yes;no;cellular;may;tue;31;4;999;0;nonexistent;-0.1;92.65634534411801;-39.94260976268521;5.1;5176;no
41;entrepreneur;single;university.degree;unknown;yes;no;telephone;jul;tue;91;3;2;1;failure;1.4;93.35292284644832;-36.35251604075598;1.4228494230725044;5076;no
48;self-employed;single;university.degree;unknown;yes;no;telephone;apr;thu;47;1;999;0;nonexistent;1.4;92.98210836511981;-41.912139400237244;3.6827358241541366;5228;no
49;technician;single;basic.4y;no;yes;no;cellular;may;thu;74;3;999;0;nonexistent;-1.7;93.58316063396602;-41.71808575617444;4.235753426129827;5195;no
37;technician;single;professional.course;unknown;no;no;cellular;may;tue;1135;2;999;0;nonexistent;-1.8;93.80240492617551;-40.835041738221165;0.6;5228;no
26;blue-collar;single;university.degree;unknown;no;no;cellular;jun;wed;314;1;26;2;nonexistent;1.1;92.46560343962719;-42.93778871493256;0.6;5176;no
41;blue-collar;single;university.degree;no;yes;no;cellular;jul;mon;1034;1;999;0;nonexistent;-1.8;93.38139830782299;-47.70619424855133;0.9030620746625599;5195;no
31;admin.;single;basic.4y;no;yes;no;cellular;may;mon;183;1;999;0;nonexistent;1.1;94.58310893711784;-39.48081903439611;3.0371173841174324;5099;no
33;admin.;single;basic.9y;no;yes;yes;cellular;jul;tue;1395;1;27;2;nonexistent;1.4;93.56414437413152;-43.4416368919706;5.1;5176;no
30;blue-collar;married;high.school;no;no;no;telephone;jul;fri;63;3;999;0;nonexistent;-0.1;93.289674334902;-32.47852723174579;1.4868517129350869;5191;no
52;admin.;married;basic.4y;no;no;no;telephone;jun;fri;47;2;999;0;nonexistent;-0.1;93.60456005548774;-47.09569737936305;2.782848462485802;5191;no
34;services;married;university.degree;no;no;no;telephone;may;wed;41;5;17;1;nonexistent;1.1;93.90180780234054;-38.79340760271998;4.548031563609545;5228;no
40;technician;single;basic.9y;no;no;no;cellular;may;tue;138;3;4;1;nonexistent;1.1;93.64368973776266;-39.20972126296702;0.6;5195;no
29;entrepreneur;divorced;basic.6y;no;no;no;cellular;may;tue;48;2;5;1;nonexistent;-0.1;92.72394495945508;-41.77096202528866;0.6;5195;no
49;admin.;married;high.school;no;no;no;cellular;mar;fri;85;1;999;0;nonexistent;-1.8;93.2726040646269;-40.81019870602975;4.250538288882093;4963;no
41;housemaid;married;university.degree;no;yes;no;cellular;jul;wed;127;5;999;0;nonexistent;1.4;93.167277580839;-32.95023043384117;1.063158895922377;5228;no
52;self-employed;married;illiterate;no;yes;yes;cellular;jun;fri;135;2;999;0;nonexistent;-1.7;93.67167223372525;-41.671212548774214;2.3105370381179666;5017;no
32;technician;single;high.school;no;yes;no;cellular;may;fri;1019;1;999;0;nonexistent;-1.7;93.51142237801159;-36.87460228208415;5.1;5099;no
39;blue-collar;married;high.school;no;no;no;telephone;may;fri;86;1;999;0;nonexistent;-1.8;93.87927505194219;-37.67881841198753;4.199648809072073;5099;no
33;entrepreneur;single;high.school;no;yes;yes;telephone;jun;mon;430;2;999;0;nonexistent;-1.8;92.88732075001995;-33.51087502036241;1.0614279450436324;5076;yes
34;unemployed;married;high.school;no;yes;no;cellular;nov;tue;104;1;999;0;nonexistent;-1.7;94.17145870599649;-45.61695435722737;4.422844624293195;5191;no
47;admin.;married;university.degree;unknown;yes;yes;cellular;sep;wed;246;3;999;0;nonexistent;-0.1;94.42778778511199;-41.37685234160844;5.1;5191;no
41;technician;married;professional.course;unknown;no;no;cellular;jul;wed;479;1;999;0;nonexistent;1.1;92.65755347653354;-43.85965187929839;5.046690803139351;5076;no
31;technician;married;high.school;unknown;no;no;cellular;jul;tue;940;1;15;1;nonexistent;-0.1;93.91284669034052;-38.174376375440744;1.3367596423007362;5008;yes
23;technician;married;basic.9y;no;yes;no;cellular;aug;mon;10;3;999;0;nonexistent;1.4;93.1909111061349;-43.54952883891775;4.703064573525985;5176;no
40;admin.;married;basic.9y;no;yes;no;telephone;nov;tue;41;3;16;1;nonexistent;-0.1;93.49507692914929;-37.19685650466067;3.9913473155752546;5099;no
37;blue-collar;divorced;high.school;no;no;no;telephone;apr;wed;116;3;10;1;nonexistent;1.1;93.33498584756641;-39.77773025876859;3.983280129315906;5176;no
51;admin.;married;high.school;no;yes;no;telephone;nov;wed;906;2;22;1;nonexistent;-1.7;94.12416744058795;-42.87936866005314;3.1572713375715318;5191;yes
52;entrepreneur;single;professional.course;no;yes;no;telephone;may;mon;95;1;999;0;failure;-0.1;93.38823191172867;-45.130650929043895;2.510734031970241;5195;no
45;blue-collar;married;basic.9y;no;yes;no;telephone;may;tue;521;5;999;0;nonexistent;1.1;92.93117128524673;-37.71208764286544;5.1;5195;no
45;retired;married;university.degree;unknown;no;no;cellular;aug;mon;21;3;13;2;nonexistent;-1.7;93.43081447491075;-33.97267359054384;3.2367749029771367;5008;no
34;admin.;divorced;university.degree;no;yes;no;cellular;jul;fri;108;1;999;0;nonexistent;1.1;92.38254527699098;-41.47113702259195;3.6756058297730894;5017;no
43;entrepreneur;married;university.degree;no;no;no;telephone;apr;tue;38;1;999;0;nonexistent;-0.1;92.67285108024211;-38.22744498046206;4.125025058432718;5017;no
47;admin.;married;high.school;no;no;no;cellular;aug;thu;404;1;999;0;nonexistent;-1.8;93.88412425740484;-45.12774746611356;4.151672564197944;5191;no
37;admin.;married;university.degree;no;yes;no;cellular;may;mon;601;6;999;0;nonexistent;1.1;93.52200901858417;-48.22912720971846;0.6;5228;no
48;unknown;single;basic.9y;no;no;no;cellular;jun;thu;117;2;19;2;nonexistent;1.1;93.11742807112255;-44.74616007655699;0.6;5195;no
37;admin.;married;basic.4y;no;yes;no;telephone;jul;mon;691;1;999;0;failure;-1.7;93.61027578944108;-37.93447361641807;4.55630109359707;5191;no
39;admin.;single;basic.9y;no;unknown;unknown;cellular;nov;wed;276;1;999;0;nonexistent;-0.1;92.77657676644219;-47.900306773619725;5.1;5008;yes
47;admin.;married;university.degree;no;yes;no;cellular;nov;thu;215;2;999;0;nonexistent;-1.7;92.36770173950562;-37.10137893122511;5.1;5228;no
25;admin.;divorced;high.school;no;no;yes;cellular;nov;wed;78;3;999;0;nonexistent;-1.7;93.53417607560965;-45.27609270984747;1.7022865967186813;5008;no
35;admin.;single;university.degree;no;yes;no;cellular;may;wed;393;2;999;0;nonexistent;1.1;94.15199045850153;-41.8606820054941;0.7964825414290408;5195;no
64;unemployed;married;high.school;no;yes;no;cellular;may;wed;670;2;999;0;nonexistent;-1.7;92.96476984874025;-34.15406961479387;3.283093102287049;5228;no
24;blue-collar;single;professional.course;no;no;no;cellular;jun;wed;146;1;999;0;nonexistent;1.1;93.400921208733;-41.54949391228544;3.622627163782136;5176;no
50;student;married;basic.9y;no;yes;no;cellular;jul;tue;150;5;999;0;nonexistent;-0.1;93.84722203419359;-44.75023356301861;3.2610132810475663;5099;no
33;entrepreneur;single;university.degree;no;no;no;cellular;jun;tue;63;2;999;0;nonexistent;-0.1;93.85789460160326;-44.42034975240562;0.6;4963;no
30;management;married;professional.course;no;no;no;cellular;jul;fri;158;6;999;0;success;-0.1;93.79351699295086;-34.24716794806707;0.8323762799265005;5176;no
35;admin.;married;unknown;unknown;unknown;no;telephone;may;wed;104;4;999;0;nonexistent;1.4;92.95280517033072;-36.82793313021631;2.9834451529561647;5195;no
24;management;married;professional.course;no;no;no;cellular;may;fri;952;4;999;0;failure;-0.1;93.57504061744062;-38.252623480277464;1.3187485794576534;5099;no
32;blue-collar;married;high.school;no;no;no;telephone;aug;fri;407;1;23;2;nonexistent;-1.8;93.09913161611247;-37.876311264400776;2.8171329793752387;5191;no
51;entrepreneur;married;university.degree;unknown;no;no;telephone;aug;thu;115;5;999;0;success;-0.1;92.9732128037716;-37.13803814698417;0.6;5017;yes
53;technician;divorced;university.degree;unknown;no;no;telephone;may;mon;39;1;9;1;nonexistent;-1.7;93.56028807087323;-39.368348641552885;3.7539815510053813;5176;no
30;admin.;married;university.degree;no;yes;no;telephone;may;wed;140;2;18;3;nonexistent;-1.8;93.17924658104656;-44.793959757011535;2.021281803959084;5228;yes
37;technician;married;high.school;no;yes;yes;telephone;aug;tue;930;2;999;0;nonexistent;-0.1;93.62627212300872;-43.45603560037897;3.8063460079720226;5191;no
43;technician;married;basic.9y;no;no;no;cellular;may;thu;301;1;6;1;nonexistent;-0.1;93.3092381200814;-43.038473696036384;1.1032750473712667;5099;yes
47;services;married;professional.course;no;yes;no;telephone;oct;tue;88;3;13;1;nonexistent;1.1;93.67159437515555;-46.93880925212387;5.1;5228;no
54;blue-collar;married;basic.9y;unknown;no;yes;telephone;aug;fri;50;5;999;0;nonexistent;1.1;94.06458408641873;-43.85252587663073;4.270962866486191;5176;no
36;unknown;married;basic.4y;no;yes;no;cellular;aug;mon;252;4;12;1;nonexistent;-0.1;93.38182368508814;-43.95148178560888;0.6;5195;no
40;services;single;university.degree;no;no;unknown;cellular;may;fri;116;1;999;0;nonexistent;-1.7;93.07475672254182;-32.8486344714799;3.826781659013428;5099;no
27;blue-collar;married;high.school;no;no;no;cellular;may;fri;792;1;999;0;nonexistent;-1.7;94.0050638796852;-41.816389006527416;3.844055760346854;5228;no
34;technician;married;university.degree;no;yes;no;cellular;may;mon;87;1;999;0;nonexistent;1.1;93.88404939708494;-40.93743458579887;5.003832673775287;5191;no
35;blue-collar;single;university.degree;unknown;yes;no;telephone;nov;wed;188;3;999;0;nonexistent;-1.7;93.7720186426294;-40.572244312650106;2.0420222615202936;5195;no
33;entrepreneur;married;basic.6y;no;yes;yes;telephone;nov;fri;9;1;15;1;nonexistent;-1.8;93.40783559000033;-47.43366635492385;4.322744309211721;4963;no
45;unemployed;married;basic.6y;no;no;unknown;telephone;aug;wed;190;3;24;1;nonexistent;-1.8;92.93346879184175;-33.513101805469205;5.1;5099;no
60;self-employed;married;university.degree;unknown;yes;no;cellular;jun;thu;343;3;999;0;nonexistent;-0.1;93.74644687543764;-35.01469100097197;3.975551366143719;5195;no
28;blue-collar;single;high.school;no;no;no;cellular;dec;wed;513;5;999;0;nonexistent;-1.8;93.45522908547971;-41.685972182563425;3.1844294104247863;5228;no
37;admin.;married;professional.course;no;yes;no;telephone;may;thu;1065;2;11;1;nonexistent;-0.1;93.29586089181424;-45.37528535187102;0.9832895564527898;5228;no
38;technician;married;basic.9y;no;no;no;telephone;jun;mon;59;2;999;0;nonexistent;1.4;93.53728185349519;-40.81259240448565;0.6;5099;no
55;technician;married;professional.course;no;no;no;cellular;aug;fri;287;1;999;0;success;1.1;93.28097583680729;-40.16226110071029;5.1;5099;no
36;admin.;divorced;basic.9y;unknown;no;no;cellular;sep;fri;107;3;999;0;nonexistent;-1.8;93.93551270743116;-38.638030340794465;4.050924910282656;5195;no
41;entrepreneur;single;university.degree;no;no;no;cellular;may;fri;149;3;15;2;nonexistent;-1.7;93.60505459393158;-36.991622842961625;0.9415724730544744;5099;no
40;admin.;married;professional.course;no;yes;yes;telephone;may;thu;30;3;999;0;nonexistent;1.1;94.33174262192388;-36.485636672344754;4.5475400923025004;5099;no
49;admin.;single;basic.9y;no;yes;no;cellular;may;mon;787;3;999;0;nonexistent;1.1;94.14707013685585;-32.72069656708798;5.066695437088414;5228;no
50;management;married;basic.9y;no;yes;no;cellular;may;fri;432;4;999;0;nonexistent;-0.1;93.15731565571326;-46.068209751301595;4.509734901301444;5017;no
35;unemployed;married;university.degree;no;yes;no;cellular;jun;mon;520;1;999;0;nonexistent;1.1;92.79057986490282;-40.864649548156464;4.50339840529755;5099;no
34;services;married;university.degree;no;no;no;cellular;may;fri;59;2;999;0;nonexistent;-0.1;93.76285823011808;-44.6961046763159;4.80216848088486;5008;no
46;management;divorced;professional.course;no;no;no;telephone;aug;tue;279;2;999;0;nonexistent;-0.1;93.5465030289864;-41.561031049273424;2.217022846698623;5099;no
53;housemaid;married;high.school;no;no;no;telephone;aug;mon;207;4;999;0;nonexistent;1.4;94.01878916996418;-42.133444830382885;3.75542916436201;5099;no
23;blue-collar;married;basic.9y;unknown;yes;yes;telephone;jul;thu;67;3;999;0;nonexistent;-1.7;93.13280577142949;-37.671526641054086;4.479637588931676;5099;no
36;technician;married;basic.4y;no;yes;no;cellular;jul;fri;432;2;999;0;nonexistent;-1.8;92.96591053502456;-34.19419945851547;5.1;4963;no
39;blue-collar;married;university.degree;no;yes;no;cellular;jul;mon;195;1;12;1;nonexistent;-1.7;93.71941174021671;-43.47486398132215;2.9673974197864164;5191;no
20;management;divorced;university.degree;no;yes;no;cellular;mar;tue;186;2;999;0;nonexistent;1.4;94.22080368853769;-39.812592047394844;2.5766515044479785;5099;no
34;retired;married;high.school;no;yes;no;cellular;mar;fri;147;1;999;0;nonexistent;1.1;93.05115883686406;-45.30481287776617;3.98900493101711;5195;no
40;technician;married;basic.9y;no;yes;no;cellular;may;mon;8;4;999;0;nonexistent;1.1;93.45060231823214;-40.3862352185609;5.024677664394996;4963;no
30;management;married;university.degree;no;no;yes;cellular;may;tue;1582;4;999;0;nonexistent;-1.7;93.99860164338514;-37.24414031628186;4.241100868544145;5176;no
25;blue-collar;married;basic.9y;no;no;no;telephone;may;wed;177;4;999;0;success;-1.7;93.73123874850722;-37.6126017064527;3.3584554617767335;4963;yes
42;services;married;professional.course;yes;yes;no;cellular;aug;thu;922;2;999;0;nonexistent;-1.8;93.29600766410368;-37.642361507262166;4.263274797493111;5191;no
43;blue-collar;divorced;high.school;unknown;yes;no;cellular;nov;thu;104;3;20;1;success;-1.7;93.78286487847566;-45.019723955242284;2.763773973958578;5099;yes
32;admin.;divorced;high.school;no;yes;no;cellular;jul;fri;396;3;999;0;nonexistent;-1.7;93.81190551990798;-34.2934484669543;4.703133648699341;5017;no
44;retired;divorced;basic.4y;no;no;no;cellular;mar;fri;10;1;999;0;nonexistent;-1.8;93.56115183079002;-39.9509417624028;1.5302244798379994;5008;no
18;admin.;married;university.degree;no;yes;no;cellular;oct;mon;179;2;999;0;nonexistent;-0.1;93.41427362888213;-47.091645448038605;4.134374000363656;5099;no
45;technician;married;professional.course;no;no;no;cellular;nov;fri;434;1;999;0;nonexistent;1.1;93.58846996697162;-33.775509099968545;0.6;5176;no
53;unemployed;single;university.degree;no;no;no;cellular;nov;fri;271;4;9;1;nonexistent;-1.8;93.08642900778109;-33.38422765104358;4.364551133900887;5099;no
52;admin.;married;high.school;unknown;no;no;cellular;nov;fri;264;4;999;0;nonexistent;1.1;93.38908593612128;-35.202954958977834;3.7669923410151114;4963;no
40;housemaid;married;professional.course;no;no;no;telephone;nov;tue;46;2;999;0;nonexistent;-1.8;93.68243403418805;-49.162509572225915;5.0268902701171765;5008;no
51;admin.;single;high.school;no;yes;no;cellular;may;mon;38;1;999;0;success;-1.8;94.06914110338836;-39.648449883395486;4.837546051711243;5017;yes
38;technician;married;university.degree;no;yes;yes;telephone;jul;thu;960;3;999;0;nonexistent;1.1;93.07368590411436;-37.02989712852472;2.7805726462205884;5195;no
49;blue-collar;single;high.school;no;yes;no;cellular;may;fri;493;2;999;0;nonexistent;-1.7;93.75482576066466;-42.498613134782154;4.015805862821921;5099;no
29;admin.;married;university.degree;no;yes;no;cellular;aug;thu;417;2;999;0;nonexistent;-1.8;93.04907566887682;-43.23351484637139;2.3771852457594287;4963;no
39;services;married;university.degree;no;no;no;cellular;may;wed;473;2;999;0;nonexistent;-0.1;93.87083845963147;-35.82516552557496;3.185553520643662;5099;no
55;blue-collar;single;basic.9y;no;yes;no;telephone;jun;thu;210;5;999;0;nonexistent;1.4;94.13084095763396;-35.56720884923645;4.628106898809295;5099;no
44;management;married;university.degree;no;yes;no;cellular;jun;thu;74;4;999;0;nonexistent;1.4;92.94313254308105;-44.89783359315114;2.5748277228867686;5076;no
48;blue-collar;married;basic.4y;no;no;no;cellular;oct;wed;140;1;999;0;nonexistent;-0.1;93.2211213187661;-36.90270585245244;2.844069319471573;5195;yes
44;admin.;single;professional.course;no;yes;no;cellular;apr;tue;73;3;999;0;nonexistent;1.1;93.10267724479104;-34.0687075420487;3.6642520529783518;5176;no
37;blue-collar;single;professional.course;unknown;no;no;telephone;may;wed;123;2;999;0;nonexistent;-1.7;93.43364601135629;-41.7583204840201;4.496140362255862;5008;no
52;services;married;professional.course;no;no;unknown;cellular;may;fri;100;1;999;0;nonexistent;-0.1;93.27094397303897;-43.11025342320746;4.742677508255225;5195;no
31;admin.;single;university.degree;no;no;yes;telephone;jun;wed;71;1;999;0;nonexistent;1.1;93.99977752587125;-43.136443360008805;1.821105112624303;5176;no
32;retired;single;university.degree;unknown;yes;no;cellular;sep;fri;186;1;21;1;nonexistent;1.1;93.64040615286807;-40.004698506860876;4.055220588401479;5099;no
43;technician;single;illiterate;no;yes;yes;telephone;may;mon;25;1;999;0;nonexistent;-0.1;93.67590195119122;-40.40984914238985;1.4713106773293596;5176;no
58;self-employed;divorced;illiterate;no;yes;no;telephone;jul;fri;227;2;999;0;nonexistent;-1.7;93.36561831063038;-39.89806314226557;1.8154513150166376;5228;no
22;housemaid;single;basic.6y;no;yes;no;cellular;sep;thu;538;2;999;0;nonexistent;1.4;93.77525307539312;-36.63387778430907;4.877647937105325;5008;no
28;student;divorced;basic.9y;no;yes;no;cellular;jul;wed;293;4;999;0;nonexistent;-0.1;94.06362071510547;-38.64101711330669;3.5818838478957535;5099;no
41;blue-collar;married;high.school;unknown;no;no;cellular;may;tue;353;1;999;0;nonexistent;-1.8;93.295713177922;-34.6177616241278;3.0142979204360154;5191;no
44;blue-collar;married;university.degree;no;yes;no;cellular;nov;mon;80;3;0;1;nonexistent;1.1;93.92384306515932;-34.75933226128253;0.9427045399633859;5228;no
43;entrepreneur;married;basic.9y;no;no;no;cellular;nov;mon;797;1;999;0;nonexistent;-0.1;92.98448712958053;-40.99420479533617;3.7733072658005486;5195;no
42;services;married;university.degree;no;yes;no;cellular;may;mon;131;1;999;0;nonexistent;-1.8;94.72656994203571;-37.41031912327242;3.333864361628275;5228;no
34;blue-collar;married;university.degree;no;no;yes;telephone;nov;mon;940;3;999;0;nonexistent;-1.7;93.12141349254648;-38.236832876252286;3.1420460265408803;5017;no
37;self-employed;single;professional.course;no;yes;no;cellular;jul;thu;523;2;2;1;failure;1.4;94.12673140368886;-33.99371880835629;0.6;5191;no
41;blue-collar;married;university.degree;no;no;yes;cellular;may;wed;27;1;999;0;nonexistent;1.4;93.15672718979495;-47.347679190043166;4.831764192655037;5076;no
56;self-employed;single;professional.course;no;yes;no;cellular;may;tue;419;1;6;2;nonexistent;1.1;93.59130777187615;-38.490901008845434;3.8433121320595287;5176;no
53;retired;married;university.degree;yes;no;no;telephone;jul;tue;102;4;17;2;nonexistent;-1.7;93.87446795068252;-47.598598000557395;2.2719198952219077;5228;no
59;blue-collar;married;university.degree;no;yes;no;telephone;jun;tue;311;1;27;1;nonexistent;1.1;93.9460638635271;-38.68611424157204;2.4288741599933923;5008;no
41;blue-collar;married;university.degree;no;yes;no;telephone;jun;wed;29;1;999;0;nonexistent;-0.1;93.67203252829552;-30.46023469751121;3.2963101105530113;5176;no
31;self-employed;single;basic.4y;no;no;no;telephone;jun;wed;155;2;999;0;nonexistent;1.1;93.94555903501212;-42.315641340179106;3.765584691803254;5191;no
31;technician;married;high.school;unknown;yes;no;cellular;oct;tue;228;2;999;0;success;-1.7;92.78346931367432;-44.35288503592352;1.3197829535057612;5099;no
42;management;single;professional.course;no;no;no;cellular;jul;fri;2714;1;999;0;nonexistent;1.4;93.55189868213434;-35.631963971687796;5.1;5228;no
45;services;married;high.school;unknown;yes;no;telephone;aug;fri;225;4;999;0;nonexistent;1.1;94.19922586696775;-32.35620624863242;4.313999798228802;5099;no
56;admin.;single;basic.6y;no;yes;no;telephone;aug;fri;145;5;999;0;nonexistent;-1.8;93.93155004754146;-42.822772785537836;2.5550087798713115;5099;no
30;self-employed;divorced;basic.4y;no;no;no;telephone;aug;mon;20;2;999;0;nonexistent;1.4;93.45071232374227;-40.3325951680017;3.897884670174352;5176;no
31;technician;married;high.school;no;no;no;cellular;sep;tue;484;1;999;0;failure;-0.1;93.60031397805098;-31.14097858251196;0.6;5076;no
50;blue-collar;married;basic.4y;no;no;no;telephone;may;mon;108;3;15;1;nonexistent;-1.7;93.13099810169768;-46.16432472230145;5.1;5017;no
29;blue-collar;single;university.degree;no;no;no;cellular;nov;tue;214;2;999;0;nonexistent;-0.1;92.46903828783522;-49.470649961230194;0.6;5195;yes
40;admin.;single;unknown;no;yes;yes;telephone;may;thu;302;1;11;1;nonexistent;-1.7;93.93072347475169;-39.048268466985334;4.2860335233280775;5176;no
56;technician;married;high.school;no;yes;no;cellular;may;thu;166;3;999;0;failure;1.4;93.74117201991362;-42.98688401911332;4.455569836850725;4963;no
48;admin.;single;basic.9y;no;yes;no;telephone;may;fri;1823;4;19;1;success;1.4;93.63805496483573;-38.48455602315051;0.976418662157049;5008;yes
41;blue-collar;married;university.degree;no;yes;no;telephone;may;thu;198;1;24;1;success;-1.8;92.6679531469073;-36.278691581148955;1.1775736282923384;5191;yes
44;housemaid;single;professional.course;no;yes;yes;telephone;may;mon;140;3;999;0;nonexistent;-1.7;93.38212954790791;-39.610888139769045;1.2801877661294445;5191;no
20;admin.;single;university.degree;no;no;yes;cellular;jul;fri;156;4;999;0;nonexistent;-1.8;92.67746889278237;-32.56084114402309;4.071145531381127;5228;no
56;management;divorced;university.degree;no;yes;no;cellular;may;thu;89;3;999;0;nonexistent;1.1;92.41326020351843;-40.43535117117597;1.9128662229084195;5176;no
22;admin.;married;high.school;unknown;unknown;no;telephone;may;tue;200;1;999;0;nonexistent;1.4;93.18356502545328;-36.38464886429201;3.893428297038124;4963;no
34;blue-collar;married;high.school;no;no;no;cellular;may;thu;211;1;999;0;failure;1.4;94.34709586337492;-39.92849510063546;3.3044135863492174;5191;no
33;technician;married;university.degree;no;yes;no;cellular;apr;fri;475;4;27;1;nonexistent;-1.7;93.66292587140408;-40.01478741960323;4.983067115914853;5191;no
40;unknown;single;professional.course;no;no;no;cellular;jul;thu;74;2;29;1;nonexistent;1.1;93.35684636483958;-38.17362140325704;2.088634443183772;5008;no
34;blue-collar;married;professional.course;no;no;no;cellular;jun;thu;160;7;999;0;nonexistent;1.1;93.29936815334061;-43.75567701744407;0.6;5017;no
31;admin.;married;university.degree;unknown;yes;no;telephone;jun;tue;18;3;999;0;nonexistent;-1.7;93.22140075603185;-46.840150438806816;5.1;5008;no
31;technician;single;high.school;no;no;no;telephone;apr;tue;48;2;999;0;nonexistent;-1.8;94.13202113694379;-35.33957422930728;4.611114174208341;5176;no
70;technician;married;university.degree;no;no;yes;cellular;jul;thu;9;1;999;0;nonexistent;-1.8;93.48877943673635;-36.32132823617445;4.939275624428858;5008;no
37;blue-collar;divorced;university.degree;no;yes;no;cellular;may;mon;1005;3;999;0;nonexistent;-0.1;94.29848013383894;-35.80759478754951;1.071205814905971;5195;no
41;management;married;high.school;unknown;yes;yes;cellular;may;thu;240;3;999;0;nonexistent;1.4;93.48886239986402;-41.47586477967243;1.414012225875498;5099;no
47;management;single;high.school;no;no;yes;telephone;aug;mon;16;6;999;0;nonexistent;-1.7;94.49547223738792;-39.31152803962734;5.1;5076;no
41;management;single;basic.4y;no;yes;no;telephone;aug;thu;3;4;999;0;nonexistent;-1.8;94.00631399177954;-40.29326225566632;3.5;5076;no
27;retired;single;basic.9y;no;yes;no;cellular;may;fri;459;1;27;3;failure;1.4;93.48307376416226;-41.165323765182066;4.569448964156319;4963;yes
48;services;single;professional.course;yes;no;yes;cellular;may;thu;104;2;999;0;nonexistent;1.4;93.0892591967159;-47.800361457297164;3.100818191087469;5099;no
38;services;married;basic.9y;unknown;no;no;telephone;aug;mon;278;1;999;0;nonexistent;-0.1;93.64545113617604;-31.195433714243464;2.6941209430672037;5228;no
33;blue-collar;married;university.degree;no;no;no;cellular;nov;tue;462;1;999;0;nonexistent;1.1;92.95201968227914;-38.198486355209006;0.9886030932396912;5191;no
28;technician;married;basic.4y;unknown;no;no;cellular;may;mon;321;1;999;0;nonexistent;1.1;93.60409337498598;-36.4920527806995;4.779683982754684;5099;no
39;services;married;professional.course;no;no;no;cellular;apr;thu;37;2;26;1;nonexistent;-0.1;94.40081893063382;-39.78117104755385;1.1521403031403386;5099;no
60;technician;married;university.degree;no;unknown;no;cellular;may;tue;274;6;999;0;nonexistent;1.1;93.95707333586384;-41.845901504970804;4.425456068813267;5228;no
37;services;married;high.school;no;yes;no;cellular;may;thu;30;1;9;1;nonexistent;-0.1;93.27861972915126;-39.76470545457249;0.7188530646490154;5099;no
24;self-employed;married;university.degree;no;yes;no;cellular;aug;wed;156;2;999;0;nonexistent;1.4;93.3001564825205;-38.28326572522015;4.517445025272989;5191;no
38;blue-collar;divorced;high.school;no;no;no;cellular;jun;thu;206;1;19;1;nonexistent;-1.8;93.72549068665464;-36.97454155921806;4.1240005628714;5099;no
54;blue-collar;married;basic.9y;no;yes;yes;telephone;may;wed;74;2;999;0;nonexistent;1.1;93.2790570316968;-39.64537574580926;1.766497645553763;5195;no
47;management;single;high.school;unknown;yes;no;telephone;aug;mon;86;7;999;0;success;1.1;93.72229642624396;-41.675145287915925;5.087730930881161;5017;yes
32;blue-collar;married;high.school;no;no;unknown;cellular;aug;mon;74;1;999;0;nonexistent;-1.7;93.22900650303221;-40.43676386141438;3.865307980808396;5191;yes
25;admin.;married;university.degree;unknown;yes;no;cellular;jul;thu;559;2;22;2;nonexistent;-1.7;93.14315234702661;-36.68201212958347;4.415971035217266;5228;no
59;blue-collar;single;university.degree;no;yes;no;telephone;may;tue;453;1;999;0;nonexistent;1.1;93.20597022075945;-43.334625249170266;5.1;5195;no
31;technician;single;high.school;no;yes;no;cellular;aug;mon;280;1;999;0;nonexistent;-0.1;93.95881849400426;-35.34267260926179;3.4666444044934552;5195;no
26;blue-collar;married;high.school;unknown;yes;no;cellular;apr;wed;30;5;999;0;failure;-0.1;93.66120029882967;-33.62116770353199;4.206439398378262;5176;no
40;services;married;professional.course;no;no;no;cellular;may;tue;42;2;999;0;nonexistent;-1.7;93.74115541380178;-43.59227922600928;2.025448819180605;5176;no
37;technician;married;university.degree;no;no;yes;cellular;sep;thu;136;2;999;0;success;-1.8;94.3611880620262;-37.264310644825215;1.8906968897978857;5228;yes
48;blue-collar;single;high.school;no;no;yes;telephone;aug;wed;34;6;999;0;nonexistent;1.4;93.24480555878297;-41.86085901104597;5.1;5099;no
52;admin.;married;high.school;no;yes;no;cellular;nov;thu;181;3;999;0;nonexistent;1.4;92.77237879126855;-46.9854632917689;4.565420707256224;5191;no
35;management;married;high.school;unknown;yes;no;cellular;jul;tue;62;4;999;0;nonexistent;-0.1;93.67070804293895;-38.046483926694805;4.450874141297765;5099;no
24;admin.;married;university.degree;no;no;no;cellular;nov;fri;396;3;999;0;nonexistent;1.1;93.70472661194637;-37.69513237876414;2.232748197719;4963;yes
42;blue-collar;divorced;basic.9y;no;yes;yes;cellular;may;tue;297;1;999;0;nonexistent;-1.8;93.7052707563817;-38.98620164247053;4.5442077020659735;5191;no
43;blue-collar;married;high.school;no;yes;no;cellular;jun;tue;112;2;999;0;nonexistent;1.1;93.34854247554183;-35.46872282353846;2.7393491688118536;5176;no
65;admin.;divorced;basic.9y;unknown;yes;no;cellular;may;mon;35;3;999;0;nonexistent;-0.1;93.93354423498077;-39.78206459552657;5.1;5176;no
28;student;single;university.degree;unknown;no;no;cellular;jun;mon;187;2;999;0;nonexistent;1.4;94.00631618089196;-40.68789334609419;3.0285043798890845;5099;no
54;blue-collar;married;professional.course;unknown;yes;no;telephone;jul;tue;887;3;999;0;nonexistent;1.1;94.0449729586124;-37.5926023029821;5.1;5228;no
56;entrepreneur;married;basic.9y;no;yes;no;cellular;jul;thu;403;3;0;2;failure;-0.1;93.62808651704539;-38.00977065614621;3.456239172096966;5017;yes
25;blue-collar;single;high.school;no;yes;no;telephone;sep;wed;6;1;999;0;nonexistent;-0.1;93.33501062471187;-37.639696622506825;4.344623214507577;5076;no
33;technician;single;high.school;no;yes;no;telephone;jul;wed;3;4;999;0;nonexistent;-1.8;93.75777090290954;-42.61719509260709;2.643968949431742;5228;no
41;technician;married;university.degree;no;no;no;telephone;may;wed;69;1;999;0;nonexistent;1.1;93.24058692028643;-39.6682634665522;5.1;5176;no
35;technician;married;university.degree;unknown;no;no;cellular;may;mon;30;3;999;0;nonexistent;1.1;93.72634379148322;-40.1860706013279;4.683591648139541;5191;no
42;housemaid;divorced;basic.6y;no;yes;yes;telephone;jul;thu;301;3;999;0;nonexistent;-1.8;93.88210247093546;-37.99373850510433;4.21415045193472;5195;no
43;technician;married;university.degree;unknown;yes;no;cellular;may;wed;335;6;999;0;nonexistent;1.1;93.40306257959263;-37.98650770073436;3.7717898363917284;5176;no
42;unknown;married;basic.9y;no;yes;no;cellular;jun;mon;53;2;999;0;nonexistent;1.1;93.19015150649304;-41.49783381514947;3.6758813850023317;5228;no
40;blue-collar;married;high.school;no;no;no;cellular;may;mon;70;1;999;0;nonexistent;1.1;92.61316342877254;-44.43469613409368;4.240488677737772;5099;no
43;technician;married;high.school;no;yes;no;cellular;aug;fri;465;5;999;0;nonexistent;-1.8;94.32943500220148;-41.82709983702534;1.4902572010743282;5099;no
30;unemployed;single;high.school;no;no;yes;telephone;aug;mon;430;1;20;1;nonexistent;1.4;92.57104762519337;-42.261317163853235;4.743720838355797;5076;no
47;services;married;high.school;no;yes;no;cellular;may;fri;55;4;15;1;nonexistent;-1.7;93.58748442583308;-42.42745524870956;1.5087802858711838;5076;yes
46;blue-collar;married;university.degree;unknown;yes;unknown;cellular;aug;fri;192;1;999;0;nonexistent;-1.7;94.1209160317542;-38.65978314311053;5.00396441155666;5176;no
49;retired;single;university.degree;no;yes;no;cellular;jul;thu;96;5;999;0;nonexistent;1.4;92.90688156793861;-44.04122994693983;4.98606990504903;5176;no
39;technician;divorced;university.degree;unknown;yes;no;telephone;may;mon;179;2;25;1;nonexistent;-1.7;94.48885992790869;-40.80097204311653;4.155651456700647;5195;no
22;management;married;high.school;no;no;no;telephone;may;wed;87;2;999;0;failure;1.1;94.00502684369198;-42.39768891290497;4.664241783883982;5191;no
48;admin.;single;basic.4y;no;yes;no;cellular;may;wed;74;4;999;0;nonexistent;1.4;92.71172861893074;-44.85234886551474;4.704291127621438;5099;no
52;blue-collar;married;high.school;no;no;no;cellular;aug;thu;181;5;999;0;nonexistent;-1.7;93.51254087527904;-35.60428365355531;1.8420770555524586;5228;no
29;services;single;basic.9y;no;yes;no;cellular;nov;mon;160;3;999;0;nonexistent;1.4;94.19474540885656;-35.22452548226872;2.255759097471576;5228;no
25;services;married;high.school;no;yes;no;telephone;sep;wed;62;1;999;0;success;1.1;93.3203182588835;-42.78393182304461;3.9954050285702767;5228;no
34;technician;married;basic.4y;no;yes;no;cellular;jun;thu;29;1;999;0;nonexistent;1.1;93.82231666833854;-37.2148639518501;4.7564588107325605;5191;no
18;admin.;married;high.school;no;no;no;cellular;jun;mon;284;3;999;0;nonexistent;-0.1;93.70088603621303;-36.69206140335405;0.6;5176;no
40;retired;single;professional.course;no;no;no;telephone;may;fri;96;1;5;1;nonexistent;-0.1;93.94113217942603;-38.50242566226811;2.8743578879037157;5099;yes
46;services;single;professional.course;no;no;no;telephone;apr;fri;132;2;999;0;nonexistent;1.4;93.16036898230753;-48.176758470966476;3.6744566442004247;5191;no
35;admin.;divorced;high.school;unknown;yes;no;cellular;apr;thu;442;1;22;1;nonexistent;-1.7;92.67430218454714;-40.802120702522835;4.872295056340845;5195;no
35;entrepreneur;married;basic.9y;no;no;no;cellular;jul;tue;6;1;8;1;nonexistent;1.1;93.77935491742937;-35.90002310874088;4.249801967548162;5099;no
46;technician;single;high.school;no;yes;no;telephone;jul;fri;186;4;999;0;failure;-0.1;94.18333084342915;-45.66522548008569;0.6;5008;yes
37;entrepreneur;married;professional.course;no;yes;no;cellular;may;tue;38;2;999;0;nonexistent;-1.7;93.37783436372702;-38.59417494999157;1.19473064215389;5191;no
39;retired;married;basic.4y;unknown;no;yes;cellular;jul;mon;125;2;999;0;nonexistent;-1.8;93.75948972470168;-41.59036852947908;0.741515724701868;5228;no
54;services;married;basic.4y;no;yes;no;cellular;aug;tue;101;5;999;0;failure;-1.7;93.87155331238587;-39.122734227253346;4.291227110755528;5176;no
40;blue-collar;married;university.degree;no;yes;no;cellular;apr;mon;173;2;999;0;nonexistent;1.4;93.083373254209;-47.04428656823892;5.1;5176;no
45;management;married;high.school;unknown;yes;no;cellular;jul;wed;49;1;999;0;nonexistent;1.1;92.90614727051776;-43.6603904102051;3.4159771382303648;5099;no
40;blue-collar;single;university.degree;unknown;yes;yes;cellular;may;mon;189;4;1;1;nonexistent;1.1;93.04813039636105;-40.98117520071781;1.1847621716822823;5191;no
41;blue-collar;married;basic.4y;unknown;no;no;telephone;may;mon;786;3;16;2;nonexistent;-1.8;93.43071281867311;-38.984792344966706;3.7252803451343697;5228;no
24;services;married;basic.9y;no;no;yes;cellular;may;mon;69;2;999;0;failure;1.4;93.4601983425795;-32.362614962899286;4.510908851249813;5076;no
18;self-employed;married;high.school;no;no;no;cellular;nov;fri;719;3;999;0;nonexistent;-1.7;92.6793766114708;-35.90737070638055;3.9770656440939387;5191;no
35;blue-collar;married;high.school;no;yes;no;cellular;may;thu;35;1;999;0;nonexistent;1.1;93.7274849981079;-41.97289671043124;4.016388650325091;5228;no
50;technician;divorced;university.degree;unknown;no;no;telephone;may;wed;425;2;999;0;failure;-0.1;93.70858429371701;-38.57427165886819;2.9599113215385895;5195;no
43;admin.;married;basic.4y;unknown;no;no;telephone;oct;thu;1142;3;13;1;nonexistent;-0.1;93.57863772224977;-41.55174205917424;3.831411586457165;5195;no
38;services;married;professional.course;no;no;no;cellular;may;mon;39;1;19;2;nonexistent;1.1;93.02217925824591;-43.04131259119676;4.1917783488666585;5099;no
44;blue-collar;married;high.school;no;yes;no;cellular;jun;fri;1;6;27;1;failure;-1.8;94.25062062335901;-41.200494956065704;0.6;5076;yes
35;self-employed;single;university.degree;no;no;no;telephone;nov;tue;132;2;999;0;nonexistent;-1.7;93.24341409767469;-42.139255271971585;2.3585889151750585;4963;no
45;admin.;single;basic.4y;unknown;yes;no;cellular;jun;wed;498;2;999;0;nonexistent;1.4;92.9870863467541;-45.789448246361836;4.247316753845986;5099;no
31;technician;single;university.degree;unknown;yes;yes;telephone;nov;fri;37;7;24;1;nonexistent;1.1;94.012952497339;-32.33400862242277;1.0989061475475708;5191;no
34;retired;married;high.school;no;no;no;cellular;jun;thu;182;3;16;1;nonexistent;-0.1;93.44454423960366;-44.05382534140086;4.045486178553543;5228;no
28;blue-collar;married;basic.4y;unknown;no;no;telephone;aug;fri;2043;3;999;0;success;-1.7;91.80606103497973;-45.01732054485386;1.3168926328898314;4963;yes
28;technician;married;basic.9y;no;no;unknown;telephone;may;wed;472;2;999;0;failure;-0.1;93.53854460923739;-41.20226500665765;0.6;5099;no
35;admin.;single;high.school;no;yes;no;cellular;jul;wed;187;2;999;0;nonexistent;-1.7;93.1214136952122;-46.13814285000298;3.6623852967584565;5176;no
54;admin.;married;high.school;no;yes;no;cellular;may;mon;632;1;4;3;nonexistent;-1.7;92.77950855948004;-36.202142750857504;5.1;5176;no
39;services;single;basic.9y;unknown;no;no;telephone;aug;thu;76;4;999;0;nonexistent;-0.1;93.30215999457816;-40.39242655197438;4.878530298584348;5176;no
38;retired;single;university.degree;no;no;no;cellular;may;mon;53;3;999;0;nonexistent;1.1;93.01957225253794;-35.4623383095184;2.3193298612855027;5191;no
53;admin.;divorced;university.degree;no;yes;yes;cellular;aug;mon;140;2;0;2;nonexistent;-1.8;93.02889389206574;-34.16162016033051;3.972522914020526;5099;no
29;admin.;married;university.degree;unknown;yes;yes;cellular;aug;fri;87;1;999;0;nonexistent;1.1;93.59791673567571;-43.316333311481216;5.1;5176;no
32;blue-collar;married;basic.6y;no;no;no;cellular;may;tue;0;2;999;0;nonexistent;-1.8;94.01510773453334;-44.96766867852964;1.202630190267478;5176;no
35;unemployed;married;basic.4y;yes;yes;no;cellular;nov;mon;236;3;999;0;nonexistent;-1.8;92.60033292825216;-39.26103304030998;4.157686139979671;5008;no
42;admin.;married;basic.9y;no;yes;no;cellular;nov;fri;250;4;20;1;success;-1.7;94.05056599157051;-35.83756490021023;5.1;4963;yes
59;management;divorced;high.school;no;yes;no;cellular;may;fri;247;3;999;0;nonexistent;-0.1;93.42689335972558;-37.71799758089838;3.7675235071497775;5076;no
61;technician;married;basic.9y;no;no;no;cellular;jul;fri;332;2;999;0;failure;-1.7;94.34882430399209;-43.22375030555467;5.098383952066314;5191;no
39;blue-collar;married;high.school;no;no;yes;cellular;aug;mon;132;4;999;0;nonexistent;1.1;93.96781677199962;-38.50491094226462;3.472000317909105;5228;no
29;blue-collar;married;basic.4y;no;yes;yes;cellular;aug;wed;42;1;999;0;nonexistent;-1.8;92.53486502048223;-39.85647054899117;1.1776481206885814;5228;no
33;blue-collar;married;basic.9y;yes;yes;no;cellular;aug;tue;399;1;999;0;nonexistent;-0.1;93.63852136470456;-42.270999862751474;0.6;5195;no
34;blue-collar;divorced;professional.course;unknown;yes;no;cellular;dec;thu;148;1;999;0;nonexistent;1.1;93.82300463297379;-41.303305612407826;4.55098803204598;5008;no
53;entrepreneur;single;university.degree;no;no;no;cellular;jul;wed;23;2;999;0;nonexistent;-1.7;93.06784216981053;-28.057303412607766;4.603651420267573;5176;no
48;unknown;married;basic.6y;no;no;no;telephone;nov;wed;1890;1;999;0;nonexistent;1.4;93.97348766201405;-42.53139755339092;3.325629766955781;5176;no
43;unemployed;married;university.degree;unknown;no;no;cellular;aug;tue;253;5;999;0;nonexistent;1.1;93.85816900034749;-37.69005994608619;1.979132803576728;5228;no
25;admin.;single;professional.course;no;yes;no;telephone;jun;wed;119;3;999;0;nonexistent;1.1;93.38425994970642;-34.21086595448358;1.0650455655100926;5191;no
47;admin.;married;high.school;no;yes;no;cellular;may;mon;320;6;999;0;nonexistent;1.4;93.48522543220047;-44.946402313315666;4.3945658459234105;5195;no
18;admin.;married;basic.9y;no;no;no;telephone;may;thu;1730;3;3;1;nonexistent;-1.7;93.37458155296459;-41.5429481278821;4.106035154129793;5017;no
30;blue-collar;single;basic.4y;unknown;yes;no;telephone;nov;fri;733;1;999;0;nonexistent;1.1;93.7093652320626;-41.34101678487143;1.2528308233322876;5195;no
35;blue-collar;divorced;high.school;yes;no;no;cellular;may;tue;10;1;999;0;nonexistent;-0.1;94.0834405200749;-37.22215488036945;1.1625923078466414;5228;no
49;technician;married;basic.6y;unknown;yes;yes;telephone;may;tue;157;2;999;0;nonexistent;1.1;93.32524476026157;-42.775530929061674;2.3777862285314852;5099;no
49;blue-collar;married;university.degree;no;yes;yes;cellular;nov;fri;77;2;999;0;nonexistent;-1.7;93.69246565120363;-43.373704488846535;1.6856110715261314;5195;no
38;housemaid;married;basic.4y;no;yes;no;cellular;nov;tue;54;2;13;2;nonexistent;1.1;93.88106442751307;-41.215397737562355;2.3357577346945138;5099;no
33;management;married;high.school;unknown;yes;no;cellular;jul;thu;80;5;999;0;nonexistent;1.4;94.49426635079705;-39.88450102650353;4.670443009462228;5099;no
42;services;single;high.school;no;no;no;cellular;may;mon;54;2;1;2;nonexistent;-1.8;93.08567419715583;-37.275613446024536;3.4608255914926174;5228;no
34;technician;married;high.school;no;no;no;cellular;jul;mon;1310;1;999;0;failure;-1.7;92.80968901876496;-37.43104144957502;0.6;5176;no
39;technician;married;university.degree;unknown;yes;no;cellular;may;mon;84;2;999;0;nonexistent;-1.7;93.33989040429131;-39.32810434457157;5.1;5099;no
36;blue-collar;single;professional.course;unknown;yes;yes;cellular;jun;wed;3;1;999;0;nonexistent;-1.7;94.02828522501892;-39.20385979770518;4.897924597406518;5099;no
44;blue-collar;single;basic.9y;no;no;no;cellular;jun;thu;89;4;999;0;nonexistent;1.1;92.67854814125218;-39.74791020035208;4.5085487413443985;5195;no
30;housemaid;single;professional.course;no;yes;no;cellular;may;wed;191;1;999;0;nonexistent;1.4;93.70230639160654;-43.490057273623485;3.2092823512502004;5099;no
35;technician;single;basic.6y;no;no;no;telephone;may;mon;52;3;999;0;nonexistent;-0.1;93.08289427468219;-44.224479671929146;5.1;5228;no
26;blue-collar;single;university.degree;no;no;no;telephone;jun;tue;101;1;7;1;nonexistent;-0.1;93.2370680100494;-40.823657645052066;5.02309465177268;5008;no
33;technician;married;professional.course;no;yes;yes;cellular;aug;tue;10;2;5;1;nonexistent;1.1;93.44495444150513;-41.665320674258965;3.956971519150085;5017;no
45;housemaid;single;university.degree;no;no;no;telephone;may;thu;753;2;2;2;nonexistent;-0.1;93.52692750247894;-35.42125471156728;3.7877759534713076;5195;no
39;blue-collar;married;professional.course;no;yes;no;cellular;nov;tue;254;2;999;0;nonexistent;-0.1;92.81261771273716;-41.73037329054377;1.4439243637075012;5017;no
18;unknown;married;high.school;no;no;no;cellular;oct;wed;382;2;999;0;nonexistent;1.1;92.98052595339463;-31.1985234702113;3.817265066769079;5228;no
38;blue-collar;married;basic.4y;no;unknown;no;cellular;may;thu;798;3;999;0;failure;-1.8;93.52563983405688;-46.35873958997068;5.1;5099;no
39;retired;married;professional.course;unknown;no;no;cellular;may;tue;452;2;3;1;success;-1.8;94.08772025785522;-50.34576431227641;3.8915773002361083;5076;yes
52;admin.;single;university.degree;no;yes;no;cellular;may;tue;40;2;999;0;nonexistent;-1.7;94.31603082038876;-42.54857628332815;3.3456937027678184;5099;no
42;blue-collar;single;basic.6y;no;yes;no;telephone;sep;thu;30;4;999;0;nonexistent;-1.7;94.1379442861504;-41.49464743154552;5.1;5191;no
59;admin.;single;high.school;no;yes;no;cellular;may;mon;118;2;999;0;nonexistent;-0.1;92.86855747922152;-38.737114957627035;3.744750533370315;5195;no
50;blue-collar;married;high.school;no;yes;no;cellular;jun;tue;867;1;999;0;nonexistent;-0.1;93.34530814609302;-38.090618695491635;4.8291440864933834;5099;no
29;blue-collar;single;university.degree;no;no;yes;cellular;jul;tue;535;4;999;0;nonexistent;1.1;93.38107161614982;-43.52409635018312;4.740310084868857;5195;no
62;technician;married;high.school;no;no;no;cellular;jul;mon;264;5;999;0;failure;1.4;93.99778202920791;-39.75291469446702;4.1531503595639565;5191;no
36;admin.;married;high.school;unknown;yes;no;cellular;may;fri;164;6;999;0;nonexistent;-1.7;94.1342743964884;-44.03696242912251;3.4216025883818433;5228;no
35;blue-collar;divorced;university.degree;unknown;yes;yes;telephone;may;tue;134;1;999;0;nonexistent;-1.8;93.64307533243972;-35.60164951014549;4.161453658417288;5228;no
27;housemaid;married;basic.9y;unknown;yes;yes;telephone;jun;mon;749;3;999;0;nonexistent;-0.1;94.0446725405033;-45.63306175041541;3.264111114934225;5228;no
29;technician;single;basic.9y;unknown;yes;no;cellular;may;tue;371;1;999;0;nonexistent;1.1;95.07738689849087;-31.80361257859525;1.5253962195295752;5176;no
18;admin.;single;high.school;no;yes;no;cellular;sep;wed;41;3;999;0;nonexistent;1.1;94.12125795326563;-38.211529700670496;4.818225173167726;5228;no
47;admin.;single;high.school;no;no;no;telephone;apr;mon;7;5;999;0;nonexistent;1.4;93.32562528037066;-32.639501581458795;0.6;5228;no
50;retired;married;university.degree;no;yes;no;telephone;aug;wed;200;1;999;0;nonexistent;-1.8;92.92858842328522;-38.87188050590128;3.3297207072445696;5191;no
44;blue-collar;married;basic.4y;unknown;yes;no;telephone;nov;thu;63;1;999;0;nonexistent;-1.8;93.35269030637014;-44.11355409471239;3.999633116803258;5191;no
39;entrepreneur;married;high.school;no;no;no;cellular;may;thu;1288;3;28;1;nonexistent;1.1;94.8325841126982;-30.236395150139025;3.7801511326197756;5099;no
33;blue-collar;single;professional.course;no;yes;no;cellular;may;wed;52;1;999;0;failure;1.1;92.65545422377372;-33.58973114074972;0.9724941316492558;5099;yes
40;technician;married;university.degree;no;yes;no;cellular;jun;thu;1329;1;9;3;nonexistent;-1.7;93.21888576254867;-38.31130699587972;2.982553298951344;5099;no
39;technician;single;university.degree;no;no;no;telephone;jul;thu;614;3;999;0;success;-1.7;94.22732310988896;-36.40579440214712;2.8551663516943906;4963;yes
50;services;married;professional.course;unknown;yes;no;cellular;jul;tue;200;1;9;3;nonexistent;1.1;92.96052643352105;-35.22730905887692;1.7554140166365289;5008;yes
41;management;married;basic.9y;no;yes;no;cellular;aug;wed;95;1;999;0;nonexistent;-1.7;93.82311620790254;-46.48932117356788;3.049356367467917;5176;no
31;unknown;married;professional.course;no;yes;no;telephone;jun;fri;118;4;999;0;nonexistent;1.4;93.95206443312367;-43.78976150896142;3.671649764870332;5099;no
43;admin.;married;university.degree;no;yes;no;cellular;jul;thu;110;4;999;0;nonexistent;-0.1;92.4459041856266;-37.57256866184004;5.1;5099;no
35;management;married;high.school;no;yes;no;cellular;jul;wed;656;2;999;0;failure;-1.7;92.93807255590946;-39.985022639181445;1.8339026897147614;5076;no
48;retired;married;high.school;no;unknown;yes;cellular;jul;thu;8;1;999;0;nonexistent;-1.8;92.97271497795232;-41.86477683938119;1.7035649157494606;5176;no
40;admin.;married;professional.course;no;no;no;cellular;oct;wed;542;6;29;1;nonexistent;-1.7;93.76496634192601;-36.743943914783785;2.385724727331744;5191;no
56;blue-collar;married;high.school;no;yes;no;cellular;jun;wed;156;1;999;0;nonexistent;-0.1;93.46944309165845;-38.45423659467078;4.506878304946736;5228;no
42;technician;single;university.degree;no;no;no;cellular;apr;tue;120;3;999;0;nonexistent;1.1;93.46289947240287;-33.036760451788396;4.5820608891176065;5176;no
57;admin.;single;high.school;no;no;no;cellular;may;mon;101;2;5;1;failure;-1.8;93.27617132473331;-33.44250336683032;3.8215804278561594;5228;no
40;technician;married;university.degree;no;unknown;no;cellular;jul;tue;172;7;999;0;nonexistent;1.1;93.0489349933425;-36.76815917454439;3.6901373155127346;5076;no
47;admin.;married;professional.course;no;no;no;cellular;nov;mon;380;4;14;1;nonexistent;-1.8;94.18499099204898;-39.95056495821242;3.1510984402148647;5017;no
39;technician;married;basic.9y;no;yes;unknown;telephone;jul;wed;407;1;20;1;nonexistent;-1.7;94.67073805141783;-39.895860384450174;3.719128347166887;5228;no
33;management;married;professional.course;no;no;no;cellular;nov;tue;172;3;18;1;nonexistent;1.1;93.60518260979514;-35.40335488906085;3.975581268720758;5176;no
29;student;single;basic.4y;no;yes;no;cellular;may;tue;42;2;999;0;nonexistent;-0.1;93.2746689796672;-35.439324132164195;2.0494987351777345;5191;yes
43;blue-collar;married;basic.6y;no;no;yes;telephone;jun;thu;123;1;999;0;nonexistent;-1.7;93.153559496067;-34.7105932315972;2.137613363867099;5191;no
45;blue-collar;single;unknown;no;yes;no;telephone;may;tue;414;1;999;0;nonexistent;-0.1;92.67533829252936;-43.25072560237172;3.907944427305849;5195;no
31;retired;single;unknown;no;yes;no;cellular;aug;wed;70;1;999;0;nonexistent;-0.1;93.45937479679986;-43.12228073076519;2.5248620357731957;5195;no
32;blue-collar;married;basic.4y;no;no;no;cellular;oct;tue;2227;4;999;0;success;-1.8;92.34889465965502;-39.05866568559148;4.519301446364168;5176;no
54;blue-collar;married;basic.9y;no;yes;no;telephone;nov;thu;221;2;999;0;nonexistent;-1.8;93.69000839396966;-39.45422114691826;1.0232763953081943;5191;no
53;admin.;single;university.degree;no;yes;no;cellular;nov;thu;271;2;999;0;nonexistent;1.4;93.28280575971898;-36.65780700352965;1.0207020858355675;5228;no
46;management;married;university.degree;no;yes;no;telephone;jul;wed;1109;4;999;0;nonexistent;-1.8;94.27592273228731;-37.477534192062336;2.6693823123251708;4963;no
46;blue-collar;married;high.school;no;yes;no;cellular;jul;thu;92;2;999;0;nonexistent;-0.1;93.66506515799063;-39.72382178654044;1.2863458414817712;5017;no
50;technician;married;basic.4y;no;yes;no;telephone;may;wed;457;2;999;0;failure;-1.7;92.98435235002431;-47.40731029397951;0.969158684529834;5017;yes
54;admin.;single;professional.course;no;no;no;telephone;may;fri;50;3;999;0;nonexistent;-0.1;93.95781733689334;-47.28993911639956;1.1608326740451702;5076;no
46;housemaid;married;university.degree;no;no;no;cellular;jun;tue;234;1;999;0;nonexistent;1.4;92.91531229892539;-43.042023001877176;0.6;5008;no
51;unknown;single;university.degree;no;yes;no;telephone;oct;tue;1443;3;999;0;nonexistent;1.1;93.51728134019466;-41.1598250743985;4.932254652339502;5017;no
32;blue-collar;married;university.degree;no;yes;no;telephone;nov;wed;199;3;999;0;nonexistent;-1.7;93.17248917754581;-33.35392556511635;3.181632893635322;5228;no
32;entrepreneur;single;professional.course;no;yes;no;cellular;may;fri;53;3;999;0;failure;1.4;93.81177780769197;-40.746911249874636;1.284664535603287;5195;no
49;admin.;single;basic.9y;no;yes;no;cellular;may;fri;491;5;7;1;nonexistent;1.4;93.38659995443771;-36.91420181111525;4.0452833590714405;5228;no
30;management;single;basic.9y;no;no;no;cellular;jul;wed;225;4;999;0;nonexistent;1.1;93.02440645881413;-36.16895253281484;5.029119751232869;5228;no
52;retired;married;professional.course;no;yes;no;telephone;mar;thu;132;3;26;1;failure;-1.7;93.76565007387195;-40.60373309376125;2.5054003980372666;5099;yes
31;technician;married;university.degree;no;yes;yes;telephone;may;tue;206;5;999;0;nonexistent;1.1;93.71479286600808;-39.92784218931844;2.3271806538372966;5099;no
46;technician;single;basic.9y;no;no;no;telephone;jul;fri;56;5;999;0;nonexistent;1.1;94.04182743200649;-41.962478479493825;5.1;5191;no
41;management;married;unknown;no;yes;yes;telephone;may;fri;164;2;999;0;nonexistent;-1.7;93.47450580142304;-41.75077381851218;2.2555471009240304;5191;no
32;admin.;married;university.degree;no;yes;no;cellular;may;tue;635;1;26;1;nonexistent;-1.7;93.62420249651845;-46.2152155831025;1.473955124622865;5099;no
40;admin.;single;basic.4y;unknown;no;no;cellular;nov;tue;163;1;999;0;nonexistent;1.1;93.96112955203479;-35.64388381129362;3.6397382695782863;5017;no
39;management;married;basic.4y;no;yes;no;cellular;oct;wed;61;2;999;0;nonexistent;1.4;94.11918329348866;-33.865970802126604;0.6;5176;no
43;technician;married;high.school;no;yes;no;cellular;jul;mon;226;2;10;1;nonexistent;1.1;93.10250666842423;-45.130983565371196;5.1;5076;no
28;self-employed;married;university.degree;unknown;yes;no;cellular;may;wed;295;1;999;0;nonexistent;1.4;93.30930962974016;-44.497582056277295;4.434565496863065;5228;no
43;unknown;married;illiterate;unknown;yes;no;cellular;jul;wed;576;2;27;1;nonexistent;-0.1;94.51134393129122;-34.57991403933432;5.1;5195;no
46;entrepreneur;single;university.degree;no;yes;no;telephone;jul;wed;64;1;29;2;nonexistent;1.1;93.82386386603667;-43.02105207369624;3.8061206553705587;5191;no
53;admin.;married;basic.4y;no;yes;no;telephone;nov;mon;194;3;999;0;nonexistent;1.1;93.77468067345498;-44.56678668297031;3.911858995325674;5176;no
26;blue-collar;married;high.school;no;no;no;cellular;jul;mon;214;1;17;2;nonexistent;1.1;92.27587448983851;-40.69029415237114;4.829473799078181;5099;no
46;services;married;basic.9y;unknown;yes;no;cellular;may;fri;219;3;999;0;nonexistent;-1.7;92.83759154086381;-40.946869791233375;1.6428697651630109;5195;no
35;blue-collar;single;high.school;yes;yes;no;cellular;jul;tue;206;3;10;1;nonexistent;-1.7;93.51277438997253;-37.482565939085646;1.9986985453157033;5176;no
53;retired;married;high.school;unknown;yes;no;cellular;may;thu;282;1;999;0;nonexistent;-0.1;93.98796471343425;-37.757790620954594;5.1;5099;no
36;blue-collar;married;university.degree;unknown;no;unknown;telephone;aug;thu;1742;2;999;0;nonexistent;-0.1;92.75748170125418;-52.27224766007469;4.894669515429912;5191;no
39;admin.;married;university.degree;unknown;no;no;cellular;may;mon;75;3;999;0;nonexistent;-1.8;93.00351445307795;-43.976606306077;2.4964705895840638;5228;no
50;admin.;single;high.school;no;no;no;cellular;jul;fri;442;3;999;0;nonexistent;-0.1;93.14966188493054;-36.0011574208154;0.7884796368855627;5176;no
34;technician;married;basic.4y;no;yes;no;cellular;aug;tue;212;3;999;0;nonexistent;1.4;93.57887871055505;-42.876099473920505;4.425465987243857;5017;no
26;services;married;university.degree;unknown;yes;yes;cellular;sep;tue;17;3;3;2;nonexistent;-0.1;93.64863563946248;-37.911345083642566;4.004885168296487;5195;no
18;services;married;university.degree;no;no;no;telephone;aug;tue;499;1;999;0;nonexistent;1.1;93.96390593231098;-39.293875815041694;1.2049859637558562;5099;no
39;admin.;single;university.degree;no;yes;no;cellular;may;tue;315;3;999;0;nonexistent;1.1;93.09584656201397;-45.35018866907438;4.436056595415408;5195;no
18;management;divorced;basic.4y;no;yes;yes;cellular;jul;wed;350;4;999;0;nonexistent;-1.8;93.0142271409862;-43.15909512786878;3.7787455034259443;5191;no
24;admin.;married;basic.6y;no;no;no;cellular;jun;wed;426;1;17;1;nonexistent;-1.7;92.95893637439546;-41.68456605934977;4.045248895635309;5076;no
36;unemployed;married;basic.4y;unknown;no;no;cellular;apr;tue;94;2;999;0;nonexistent;1.1;92.98233760403718;-43.18682865926234;1.6697356310912956;5228;no
45;management;married;university.degree;unknown;no;no;cellular;jul;fri;2121;1;999;0;success;-0.1;93.10669562362209;-38.08266089046247;0.8046236970785221;5008;yes
36;services;divorced;university.degree;unknown;no;no;cellular;jul;tue;30;2;999;0;nonexistent;1.1;93.82590768909361;-38.784911044946234;2.978657117787348;5228;no
26;admin.;divorced;high.school;no;no;no;cellular;aug;mon;1568;2;999;0;nonexistent;1.4;93.4181795503643;-42.302359663448776;4.293197356554153;5099;no
35;admin.;married;professional.course;no;no;no;cellular;may;fri;209;3;999;0;nonexistent;1.1;93.17942349230958;-38.894174465327424;2.353496197286557;5228;no
18;admin.;married;high.school;no;no;no;telephone;may;wed;13;2;999;0;nonexistent;-1.7;93.38528283654001;-46.896884777221786;3.467363830361097;5099;no
41;admin.;single;high.school;no;yes;no;cellular;may;tue;804;2;999;0;failure;-1.8;93.55697209913046;-42.10235321680457;1.8211699993642951;5195;no
59;retired;married;university.degree;no;yes;yes;cellular;aug;wed;202;2;999;0;nonexistent;1.4;93.71963648328568;-41.594397857596974;4.003670813562527;5191;no
53;services;married;university.degree;no;no;no;cellular;may;tue;252;2;999;0;nonexistent;1.4;92.95486923151604;-35.007566183516445;4.429242355263696;4963;no
28;student;single;professional.course;no;no;yes;cellular;oct;thu;50;3;999;0;nonexistent;1.1;93.41614992981923;-39.22554415159351;3.6890934681236303;5076;no
28;admin.;single;university.degree;no;no;yes;cellular;apr;fri;201;4;999;0;failure;-0.1;93.80337559605074;-36.9350001253498;1.6360851829258742;5228;no
26;services;divorced;university.degree;no;no;no;cellular;jun;thu;7;3;999;0;nonexistent;1.1;94.01782999662693;-45.342485027244216;4.459530776678829;5099;no
27;entrepreneur;single;university.degree;no;yes;yes;cellular;may;mon;327;4;28;1;failure;-0.1;93.28826635486143;-41.00998380196692;3.93419916015449;5191;no
29;technician;married;basic.9y;no;no;yes;cellular;oct;mon;542;2;999;0;failure;-0.1;93.36777431130695;-44.198736675999285;4.2026426855106145;4963;no
31;admin.;married;basic.9y;no;yes;no;cellular;mar;mon;314;2;999;0;nonexistent;1.4;93.3071455476973;-38.31126597811526;4.8454596922827715;5017;yes
45;services;married;high.school;no;yes;no;cellular;nov;wed;835;1;999;0;nonexistent;1.4;93.60134546211005;-42.18625453730152;3.7855790563849183;5099;no
49;technician;married;professional.course;no;yes;no;cellular;apr;thu;84;3;999;0;failure;-0.1;94.06510857170902;-38.17714374687425;3.029318546788881;4963;yes
29;unemployed;married;high.school;no;no;yes;cellular;apr;mon;118;2;999;0;nonexistent;1.1;92.73352668392351;-42.640274451090136;2.7142092741292934;4963;no
24;retired;married;university.degree;no;yes;no;cellular;may;thu;33;2;999;0;nonexistent;-0.1;93.95424815343948;-39.584623695043774;5.1;5099;no
48;technician;divorced;high.school;no;no;no;telephone;jul;wed;235;3;999;0;nonexistent;-0.1;94.11421192429417;-43.739838442697476;4.944917360460456;5228;no
50;admin.;divorced;professional.course;unknown;yes;no;telephone;may;tue;48;3;3;2;nonexistent;1.1;93.56193374528738;-41.8353272216019;4.724639733750192;5228;no
53;admin.;married;basic.6y;no;yes;no;cellular;nov;mon;75;2;7;1;nonexistent;1.4;93.47757196726145;-41.533147244298874;3.85115775530239;5017;no
32;self-employed;married;professional.course;no;no;no;telephone;may;tue;150;2;999;0;nonexistent;-1.7;93.59687921255178;-37.95402594610311;3.133535991209733;5008;no
28;technician;married;illiterate;unknown;yes;no;cellular;jun;wed;60;1;999;0;failure;-1.7;93.2897181784848;-40.27512083395342;3.974158709203082;5176;no
48;services;married;basic.9y;no;yes;no;cellular;aug;wed;385;2;999;0;nonexistent;1.1;92.98468182515495;-40.45917736922557;1.8964717681598198;5228;yes
55;services;married;basic.6y;no;yes;yes;telephone;may;tue;304;1;22;1;nonexistent;-0.1;92.86150340677275;-43.38590337776247;3.294758666602177;5176;no
40;technician;married;university.degree;no;yes;unknown;telephone;jun;fri;833;3;999;0;nonexistent;-1.7;92.8265023627796;-40.83066194176676;3.024274949561104;5228;no
